3.3211650848,-0.1476300359,0.7299908996,0.0304532383,0.0304631942,-0.9658394360,0.2555362557,-0.5989452004,0.4199196100,0.0600947365,1.1640303135,-0.5092381239,-0.0171208084,-0.4076359868,-0.2865065634,-0.2980587780,1.1525679827,-0.3491549492,0.0509348661,0.0593757853,0.1097441614,0.5199999809,-0.4490902126,1.0907734632,-0.1376412213,0.2889170647,0.0629773140,-0.0017971789,0.1130409986,0.2701922357,-0.7942953706,0.0499340184,0.7510508299,-0.0048841224,0.1732984185,0.0005132941
3.3272478580,-0.1503943503,0.7137739062,0.0323787854,0.0228385870,-0.9610268497,0.2736008174,-0.6847788095,0.4299422503,0.0711109638,1.2961651087,-0.5315033197,-0.0194325782,-0.5347949266,-0.3440776169,-0.2304689139,1.3259663582,-0.3567131460,0.0643956363,-0.0315785147,0.0245550051,0.5199999809,-0.7834932804,1.1731426716,-0.4631466866,0.7193621993,-0.2322040498,-0.1968809962,0.1727117300,-0.0641436353,-0.8609826565,0.3645467758,1.1525949240,0.1807879061,-0.0653521121,0.1510538459
3.3233714104,-0.1524949968,0.7154309750,0.0269191513,0.0158329684,-0.9591906284,0.2810302737,-0.6718010902,0.4421206415,0.0969430134,1.3262999058,-0.4864975810,-0.0403823406,-0.5946446061,-0.3532401919,-0.1673616767,1.4196611643,-0.2855759859,0.0785521343,-0.0512207523,-0.0144567806,0.5199999809,-0.7503341436,1.1001501083,-0.4505663514,0.6966296434,-0.2259766906,-0.1972755492,0.2452387661,-0.0441872329,-0.7788393497,0.3459954560,1.1246801615,0.1963953078,-0.0710349530,0.1173873693
3.3215277195,-0.1576586515,0.7149137855,0.0161284470,0.0087814918,-0.9576736762,0.2872697137,-0.6349126101,0.4534039497,0.1337795705,1.3429988623,-0.4675922990,-0.0659962669,-0.6597344875,-0.3725599349,-0.0983548984,1.4693007469,-0.2387661785,0.0862985849,-0.0926423967,-0.0179051198,0.5199999809,-0.6664180756,0.9646354914,-0.4194686413,0.6442203522,-0.2063388079,-0.2011972964,0.2744270563,-0.0078868102,-0.7108029127,0.3314184248,1.0771621466,0.2133915871,-0.0821938515,0.0679987222
3.3195953369,-0.1632694602,0.7175848484,0.0090218195,0.0024011470,-0.9590006398,0.2832500913,-0.5770787597,0.4734017551,0.2024064213,1.3252583742,-0.4745375514,-0.0646018758,-0.7169983387,-0.4160834849,-0.0776684731,1.4268214703,-0.2244674414,0.0772127360,-0.1387470216,-0.0047811000,0.5199999809,-0.5874023438,0.8089458346,-0.3964812160,0.6415201426,-0.1871472597,-0.2005003095,0.2889302373,0.0040627657,-0.6494940519,0.3172340095,1.0263296366,0.2553124726,-0.1002180353,0.0234941486
3.3175127506,-0.1715644449,0.7156642079,0.0106867850,0.0004519355,-0.9602878742,0.2788060025,-0.5440744162,0.4755418599,0.2505806983,1.3049603701,-0.4817020595,-0.0745177567,-0.7567013502,-0.4191347361,-0.0614648685,1.3250932693,-0.1994192749,0.0932245553,-0.1888273358,0.0157313086,0.5199999809,-0.5417101979,0.6729536057,-0.3954544961,0.6860098839,-0.1896111816,-0.1965607405,0.2999170125,-0.0131547311,-0.6169990897,0.3102978468,0.9996878505,0.2966806889,-0.1124194562,0.0020718395
3.3115594387,-0.1817872971,0.7141823769,0.0116176790,-0.0034568568,-0.9642283810,0.2647955984,-0.4701997340,0.4460084736,0.3176408112,1.2550550699,-0.4961662889,-0.1014159545,-0.7670418620,-0.3783343136,-0.0540101528,1.0966333151,-0.1223372445,0.1597580612,-0.2426994741,0.0464214869,0.5199999809,-0.5120850801,0.4701400995,-0.4078391194,0.8526669741,-0.2284093797,-0.2009880245,0.3286479414,-0.0691304579,-0.5520825982,0.3155180812,0.9883834124,0.3789390326,-0.1429267824,-0.0695078522
3.3041226864,-0.1954442412,0.7044060230,0.0154092597,-0.0073082548,-0.9709085577,0.2388424515,-0.3827674389,0.4159211516,0.3498494923,1.2242023945,-0.5488446951,-0.1219322458,-0.7908694744,-0.3189966679,-0.0405405052,0.9143883586,-0.0810847506,0.2153410912,-0.3036948740,0.0691094622,0.5199999809,-0.5446200967,0.2880053222,-0.4783490598,1.0628508329,-0.2375064939,-0.1747817993,0.2836432159,-0.1594642103,-0.4934956729,0.3350920379,1.0202970505,0.4466716647,-0.1627924293,-0.1157197058
3.2962257862,-0.2086899877,0.6902203560,0.0109701676,-0.0105360847,-0.9753961403,0.2199341172,-0.3067554832,0.4134342372,0.3518019021,1.2607748508,-0.5964512825,-0.1254737228,-0.8159610033,-0.2728553414,-0.0039588683,0.8683518171,-0.0635397136,0.2433560491,-0.3569151163,0.0771279410,0.5199999809,-0.5614822507,0.1776036173,-0.5486194491,1.1779972315,-0.2182516158,-0.1465074569,0.2332036644,-0.2079988867,-0.4631850719,0.3365643620,1.0412238836,0.5214972496,-0.1807349175,-0.1172231063
3.2883243561,-0.2174721509,0.6722670794,-0.0042650146,-0.0164298546,-0.9837914731,0.1785110836,-0.1933309287,0.4340670705,0.3242166936,1.3634389639,-0.6462724805,-0.1019399390,-0.9074748158,-0.2078794837,0.0667076409,0.9856730700,-0.1086671799,0.2233237624,-0.4264075756,0.0934451893,0.5199999809,-0.5892398357,0.0614813194,-0.6501676440,1.2976050377,-0.1632400751,-0.0863328353,0.1351502091,-0.2870028317,-0.4201911092,0.3211618364,1.1243221760,0.5635703206,-0.1731959134,-0.1195011586
3.2817518711,-0.2254017442,0.6548946500,-0.0121893927,-0.0173023638,-0.9887891214,0.1478110969,-0.1099181250,0.4422511756,0.3132929802,1.4464576244,-0.6347495317,-0.1092429906,-0.9626091123,-0.1380741894,0.1076514646,1.1052073240,-0.1408903003,0.2080791891,-0.4857255220,0.0944807753,0.5199999809,-0.5960267186,0.0500097238,-0.7080979943,1.3452599049,-0.1205262393,-0.0525328331,0.0837547109,-0.3087000847,-0.4212789536,0.2925922871,1.1066817045,0.6143106222,-0.1971504092,-0.1067115366
3.2753844261,-0.2293380499,0.6408336759,-0.0145367338,-0.0169396532,-0.9918711225,0.1252733325,-0.0756058171,0.4356771111,0.2844435573,1.4940932989,-0.6534984708,-0.1019825563,-1.0103881359,-0.0727230683,0.1376791894,1.1866605282,-0.1683437675,0.1959854215,-0.5278615355,0.0970096514,0.5199999809,-0.5991797447,0.0626445934,-0.7250722647,1.3713263273,-0.0919386968,-0.0436738729,0.0408951677,-0.2905316055,-0.4469008148,0.2588301897,1.0334001780,0.7095876336,-0.2370929122,-0.0791455060
3.2760345936,-0.2364902645,0.6358082891,-0.0123406518,-0.0184083040,-0.9946873765,0.1005279345,-0.0559764393,0.4272615612,0.2976074815,1.4998042583,-0.6734167933,-0.0856244937,-1.0367336273,-0.0180072654,0.1715518981,1.1956479549,-0.1479459703,0.2113042474,-0.5732275844,0.0886259973,0.5199999809,-0.5944009423,0.1499315351,-0.7168148160,1.3696118593,-0.0391029455,-0.0500034839,-0.0066984268,-0.2286984921,-0.5393921733,0.2122489512,0.8355572224,0.7511351705,-0.2976087332,-0.0472143218
3.2796216011,-0.2429862320,0.6409983039,-0.0065266654,-0.0216000214,-0.9966232929,0.0789484245,-0.0443991385,0.4040703773,0.3298618495,1.4603445530,-0.6932823658,-0.0742226765,-1.0347224474,-0.0009313305,0.1918648630,1.1458250284,-0.1007908508,0.2291228473,-0.5965452194,0.0796011314,0.5199999809,-0.5858723521,0.2623109818,-0.6937488317,1.3400110006,-0.0054302351,-0.0649044067,-0.0161580630,-0.1738002300,-0.6417762041,0.1713391393,0.6586504579,0.7313083410,-0.3287221193,-0.0376199111
3.2850489616,-0.2491773516,0.6520921588,0.0044414871,-0.0270076743,-0.9977631998,0.0609873411,-0.0205366742,0.3710769713,0.3879402280,1.3618412018,-0.7024466395,-0.0633336082,-1.0223913193,-0.0231859721,0.1878093481,1.0400853157,-0.0303369574,0.2431646734,-0.5990366340,0.0708643645,0.5199999809,-0.5848863125,0.3760834038,-0.6622073650,1.2964700460,0.0136900526,-0.0892076790,-0.0023310767,-0.1542203724,-0.7320165038,0.1210015938,0.5685898066,0.7010177374,-0.3500376046,-0.0700542405
3.2888448238,-0.2540831268,0.6662797928,0.0127779398,-0.0304458596,-0.9983637585,0.0466859688,-0.0151324943,0.3445451558,0.4307015240,1.2762190104,-0.6901950240,-0.0655144230,-0.9993755817,-0.0405052379,0.1740299612,0.9302563667,0.0486470424,0.2612053454,-0.5897542238,0.0654449612,0.5199999809,-0.5961643457,0.4642552137,-0.6228939891,1.2572066784,0.0061402190,-0.1092695966,0.0064110961,-0.1503764093,-0.7960983515,0.0817642063,0.5411727428,0.6664422750,-0.3508092463,-0.1070085764
3.2936596870,-0.2548478842,0.6827225089,0.0227618474,-0.0361457237,-0.9987629474,0.0254550572,-0.0010074503,0.3036707044,0.4774256945,1.1386191845,-0.6707777381,-0.0719762519,-0.9301752448,-0.0758192539,0.1235618964,0.7523515821,0.1449830234,0.2617999911,-0.5617343783,0.0555613935,0.5199999809,-0.6035906076,0.5871109366,-0.5819447637,1.1536399126,-0.0090136509,-0.1474556774,0.0533241406,-0.1637692302,-0.8935798407,0.0304474011,0.5618082881,0.6445295215,-0.3450077772,-0.1625526696
3.2983946800,-0.2561089694,0.6993374825,0.0289103205,-0.0386817310,-0.9987879490,0.0095157773,0.0089270817,0.2738800049,0.4946827292,1.0425640345,-0.6345403790,-0.0836089775,-0.8954370618,-0.1004131213,0.0690686554,0.6847854853,0.1944738775,0.2617999911,-0.5330322385,0.0490002781,0.5199999809,-0.6354385018,0.6643451452,-0.5401223898,1.0928752422,-0.0385651030,-0.1656726301,0.0829196870,-0.1769188643,-0.9526476264,0.0114385039,0.5893265009,0.6137960553,-0.3265993893,-0.1789349467
3.3018457890,-0.2575743794,0.7148697376,0.0370011475,-0.0400891933,-0.9984865681,-0.0069530554,0.0277690552,0.2382266521,0.4951833487,0.9454398155,-0.5380685925,-0.1093202606,-0.8509160280,-0.1376933753,0.0125528248,0.6961035728,0.1768818051,0.2617999911,-0.5023216009,0.0414158851,0.5199999809,-0.6777316332,0.7562677860,-0.4942676425,0.9916287661,-0.1047486439,-0.1967583299,0.1143232435,-0.1952666044,-1.0441684723,-0.0077745514,0.6086547375,0.5696958899,-0.3013565540,-0.1806618124
3.3046333790,-0.2573755682,0.7294727564,0.0422937304,-0.0404768877,-0.9979728282,-0.0249618939,0.0336242020,0.2299026549,0.5001048446,0.9067188501,-0.4495852292,-0.1249317005,-0.7956107855,-0.1794750243,-0.0827087089,0.7765101790,0.0810566023,0.2074537724,-0.4764112532,0.0357064642,0.5199999213,-0.7114648819,0.8537310362,-0.4356413484,0.8562794328,-0.1845769584,-0.2285694033,0.1151712686,-0.2110719681,-1.1440562010,-0.0351337492,0.6000074148,0.5148624182,-0.2823628485,-0.1374000460
3.3062822819,-0.2532344759,0.7360948324,0.0477720010,-0.0408501994,-0.9970781113,-0.0434089522,0.0483653434,0.2390526980,0.5450271368,0.8615573049,-0.4303808510,-0.1164798215,-0.7498891950,-0.2416061312,-0.1733014435,0.9472773671,-0.0808693245,0.1276778728,-0.4459710717,0.0333670713,0.5199973583,-0.7519235015,0.9589008689,-0.3831324577,0.7180486917,-0.2632768452,-0.2669028938,0.1133765876,-0.2295815200,-1.2470248938,-0.0593985841,0.5736583471,0.4546544254,-0.2654999793,-0.0885149464
3.3090248108,-0.2518680692,0.7375725508,0.0544527474,-0.0393656978,-0.9955872347,-0.0655080009,0.0612748601,0.2416586876,0.5958868861,0.7920444012,-0.4463569224,-0.0879277736,-0.6918070912,-0.2981659174,-0.2310763896,1.1213847399,-0.2362592220,0.0598774590,-0.4172403216,0.0456726924,0.5199998021,-0.7759760618,1.0763541460,-0.3284397721,0.5819567442,-0.3985415101,-0.3048040271,0.1017904356,-0.2612437606,-1.3552944660,-0.0969748273,0.5558925867,0.4218260348,-0.2462967485,-0.0220502000
3.3074910641,-0.2505114377,0.7374112010,0.0625365962,-0.0382981741,-0.9932498767,-0.0898727238,0.0779836327,0.2157897055,0.6300609112,0.7047354579,-0.5026399493,-0.0515440144,-0.6209586263,-0.3414461911,-0.2722816169,1.1817871332,-0.3304733038,0.0339333341,-0.3757877052,0.0665875152,0.5093046427,-0.7901208401,1.1930869818,-0.2704505026,0.4711382389,-0.5189778209,-0.3498385847,0.0935166031,-0.2920705080,-1.4610487223,-0.1290304363,0.5446814299,0.4175315499,-0.2308801115,0.0558905005
3.3049843311,-0.2480000705,0.7333244085,0.0674733763,-0.0362128365,-0.9908986975,-0.1107056695,0.0798563734,0.2016702145,0.6174323559,0.7121589184,-0.5049518347,-0.0355214067,-0.5763974786,-0.3449555933,-0.2851957381,1.1908028126,-0.4013328850,0.0238131322,-0.3338581622,0.0826755241,0.5022135973,-0.7704469562,1.2820447683,-0.2245981097,0.4363706708,-0.5502792597,-0.3733796179,0.0916788876,-0.3066360950,-1.5255210400,-0.1535075158,0.5386914611,0.4148779809,-0.2326919585,0.0824843869
3.2996513844,-0.2445685267,0.7314206362,0.0745905573,-0.0305896424,-0.9872205384,-0.1374631989,0.0488856658,0.2014238983,0.5537925959,0.8136629462,-0.4955773056,-0.0050569456,-0.5480070114,-0.3268954754,-0.2853711247,1.1703869104,-0.4948946238,0.0056734779,-0.2790711522,0.0976989791,0.4947716296,-0.7046207190,1.3825855255,-0.1509383768,0.4444412589,-0.6006506681,-0.3973412812,0.1218378991,-0.3033955097,-1.5833967924,-0.1887112558,0.5640329719,0.3996989429,-0.2229488045,0.1155868694
3.2999894619,-0.2413182259,0.7289820313,0.0757386681,-0.0223511140,-0.9825077610,-0.1686492853,-0.0751136020,0.2161950469,0.4227147996,1.0984222889,-0.4509849846,0.0108567728,-0.5542225242,-0.2889756262,-0.2759975791,1.1626316309,-0.5339776278,-0.0217026472,-0.2181053609,0.1096567437,0.4965817034,-0.5708037019,1.4266018867,-0.0672454312,0.5863095522,-0.5524501204,-0.3619575500,0.1177277863,-0.2719647884,-1.6094437838,-0.2186280936,0.5582650900,0.3498961627,-0.2180545926,0.1127849594
3.3013808727,-0.2406970859,0.7308822274,0.0690022101,-0.0176926439,-0.9784784768,-0.1936634601,-0.2374818027,0.2150512040,0.3066715598,1.3633837700,-0.3991218507,0.0019193762,-0.5480360389,-0.2595043778,-0.2563206255,1.1404808760,-0.4950966835,-0.0215843599,-0.1659110039,0.1193494871,0.5069728494,-0.3770910800,1.3509118557,-0.0119415019,0.8006337285,-0.4300597906,-0.2739575803,-0.0235234220,-0.2190385014,-1.5970224142,-0.2223722935,0.5138136148,0.2843396664,-0.1949227899,0.1599638760
3.3049051762,-0.2405528128,0.7318428159,0.0617483740,-0.0161094739,-0.9757369716,-0.2094396940,-0.4163754880,0.2698332071,0.2519463897,1.5515319109,-0.4229552448,0.0193409119,-0.5471358299,-0.2676472962,-0.2583807707,1.1311875582,-0.4493633211,0.0033484092,-0.1135471761,0.1100954339,0.5199999809,-0.1871775836,1.1635431051,0.0044199605,0.8632103205,-0.3756653070,-0.2197974920,-0.0197889432,-0.1795607358,-1.5110846758,-0.2086969316,0.4003112316,0.1995520741,-0.1859593540,0.0683723241
3.3064885139,-0.2416705787,0.7328634858,0.0540370693,-0.0143569059,-0.9750951757,-0.2146235606,-0.5697185397,0.3336446583,0.2331472486,1.6015106440,-0.4785989821,0.0355224460,-0.5418917537,-0.2965183258,-0.2849590778,1.1322431564,-0.4096702635,0.0452507697,-0.0654479861,0.0933407322,0.5199999809,-0.0709681660,0.9603549242,-0.0249167569,0.9016594291,-0.3577872515,-0.1761877686,0.0243805479,-0.1637300253,-1.3843988180,-0.1613711715,0.2944247425,0.1476085484,-0.1718771458,-0.0033306717
3.3099937439,-0.2404997796,0.7342585325,0.0463504446,-0.0123130565,-0.9744599855,-0.2193804040,-0.6692582369,0.3810650110,0.2270193994,1.5708150864,-0.4908028543,0.0385178030,-0.5269481540,-0.3287350535,-0.3093973398,1.1364448071,-0.4104937613,0.0574963801,-0.0271641109,0.0776992291,0.5199999809,-0.0042473837,0.8108527660,-0.0551004410,0.8837269545,-0.3978179395,-0.1637910008,0.0663098991,-0.1735998243,-1.2832758427,-0.1025160775,0.2297526747,0.1202664450,-0.1572848111,-0.0504011028
3.3080344200,-0.2416649610,0.7287701368,0.0318747317,-0.0052861409,-0.9763538984,-0.2137501421,-0.7588248849,0.4128869772,0.2095865756,1.4297717810,-0.4738801420,0.0006559266,-0.5017839670,-0.3833482265,-0.3559993207,1.1909784079,-0.4669001102,0.0586523861,0.0227156505,0.0714039952,0.5199999809,0.0095030246,0.6332384944,-0.0925765634,0.8517706394,-0.4208111763,-0.1561269462,0.0994718745,-0.1907609552,-1.1312528849,-0.0259413607,0.2268545926,0.1238710135,-0.1353030503,-0.0410584137
3.3021025658,-0.2396215200,0.7194455266,0.0140045329,0.0060295326,-0.9781315708,-0.2074274524,-0.8027744889,0.4128521383,0.1831516325,1.2317752838,-0.3620382845,-0.0807027072,-0.4511055648,-0.4182502329,-0.3713498712,1.2412904501,-0.5673140883,0.0389689282,0.0615202636,0.0718037039,0.5199999809,0.0035504564,0.4856070578,-0.1503136009,0.8541439176,-0.4298049808,-0.1630570441,0.1159428135,-0.2393205315,-0.9846636057,0.0830073729,0.2802245617,0.1320051849,-0.1217067763,-0.0182603635
3.2919192314,-0.2370247543,0.7093220949,-0.0024771560,0.0149842080,-0.9806640065,-0.1951087995,-0.8199691176,0.3776594400,0.1369893998,1.0508097410,-0.2784292996,-0.1415478885,-0.3874054849,-0.4321630001,-0.3671949804,1.2684584856,-0.6541627049,0.0284634624,0.0933176875,0.0730753765,0.5199999809,-0.0482485257,0.3783369064,-0.2198640108,0.9036635756,-0.4507597089,-0.1720937192,0.1133402884,-0.3160341978,-0.8308808804,0.1952588558,0.3993458450,0.1582300067,-0.1104988456,-0.0105659617
3.2782320976,-0.2340579480,0.6982875466,-0.0126683569,0.0189783214,-0.9821651332,-0.1866306169,-0.8406881094,0.3480129242,0.0971445888,1.0008294582,-0.2363630831,-0.1568928510,-0.3297936618,-0.4523828030,-0.3558444977,1.3000633717,-0.7072106004,0.0238417741,0.1161040142,0.0671831295,0.5199999809,-0.1176375896,0.3216189146,-0.2713908553,0.9510658979,-0.4551531672,-0.1663958132,0.1173953563,-0.3890013397,-0.7132474184,0.2768284678,0.5153390765,0.1920152158,-0.1065856814,-0.0302637164
3.2552185059,-0.2287649810,0.6813295484,-0.0346590281,0.0274980590,-0.9853301065,-0.1648247245,-0.8633037210,0.2910511792,0.0479046851,1.0387907028,-0.2624470890,-0.1393163353,-0.1883907467,-0.4689276516,-0.3406641185,1.3307074308,-0.7799348235,-0.0152698569,0.1703868508,0.0655694455,0.5199999809,-0.2487399429,0.2462686747,-0.4113752842,1.0454748869,-0.4818774462,-0.1460998058,0.1182003319,-0.4654999673,-0.4732437432,0.4035446644,0.8134996891,0.3404897153,-0.0946530178,-0.1069069132
3.2330136299,-0.2233749628,0.6623020768,-0.0429079151,0.0287874186,-0.9868168632,-0.1533710330,-0.9053013921,0.2332943827,-0.0091083152,1.1819635630,-0.3407984674,-0.1042265221,-0.1014378443,-0.4834650159,-0.3198612630,1.3797265291,-0.8032535315,-0.0139500964,0.2205478251,0.0583312139,0.5199999809,-0.3337955475,0.2183227390,-0.4754653275,1.0998711586,-0.4569898844,-0.1180858538,0.1185371801,-0.5163077116,-0.3512207270,0.4512487054,0.9882547259,0.4053740203,-0.0727142617,-0.1100606471
3.2107131481,-0.2192530483,0.6413158178,-0.0586999980,0.0357884200,-0.9891244598,-0.1300242372,-0.9746463895,0.1388899535,-0.0926171467,1.3767101765,-0.4139486849,-0.0619780682,0.0317785405,-0.4657635689,-0.2664876878,1.4403361082,-0.7663445473,-0.0268649030,0.2918889821,0.0753654540,0.5199999809,-0.4138886333,0.1819596142,-0.5652626157,1.1519771814,-0.3980851471,-0.1058800295,0.1141393632,-0.5575183034,-0.2147621810,0.5228335857,1.1948082447,0.4141639769,-0.0621766821,-0.1226326302
3.1897761822,-0.2122132033,0.6208220124,-0.0672869099,0.0374734371,-0.9905641861,-0.1133613980,-1.0223746300,0.0483445153,-0.1454004049,1.5471334457,-0.4999926090,-0.0273407102,0.1295841485,-0.4563775659,-0.3049364388,1.4551925659,-0.7769507766,-0.0396389104,0.3849363625,0.0979396850,0.5199999809,-0.4641815722,0.1782104820,-0.5775685906,1.1773629189,-0.3698951900,-0.1056561321,0.1168025136,-0.5701420307,-0.1563116312,0.5806040168,1.2945924997,0.3881281912,-0.0371332467,-0.0994242579
3.1760642529,-0.2040615976,0.6115292907,-0.0666216544,0.0412334394,-0.9925078246,-0.0937527427,-1.0734527111,-0.0181945208,-0.1868542284,1.6566644907,-0.5153458118,0.0004205742,0.2049777508,-0.4128620028,-0.3314526975,1.4309906960,-0.7190299630,-0.0269066095,0.4755470753,0.1129583046,0.5199999809,-0.5154291987,0.2044764757,-0.5578255057,1.1476839781,-0.3982890248,-0.1187678352,0.0825942829,-0.6143534780,-0.1365559846,0.5873048306,1.3913606405,0.3566127121,-0.0276786052,-0.0472541116
3.1688303947,-0.1950168908,0.6138612628,-0.0567062946,0.0404947476,-0.9946269420,-0.0765625091,-1.1038824320,-0.0585304908,-0.2067014873,1.6823346615,-0.5059571862,0.0105795069,0.2456174642,-0.3715054691,-0.3859494030,1.3738629818,-0.6861166358,-0.0200326908,0.5552781820,0.1137339249,0.5199999809,-0.5548770428,0.2689310312,-0.5192847252,1.0147135258,-0.3987296224,-0.1450372785,0.0770347342,-0.6441058517,-0.1710327119,0.5843997002,1.4319497347,0.3060491383,-0.0172639545,-0.0062360112
3.1670162678,-0.1887669116,0.6288974285,-0.0367080198,0.0409629347,-0.9966396737,-0.0606953058,-1.1126466990,-0.0669907406,-0.2139917165,1.6367740631,-0.4768525958,0.0091321236,0.2465128899,-0.3446720541,-0.4559386075,1.3016799688,-0.6475173235,-0.0245814417,0.5937699676,0.1022037566,0.5199999809,-0.5963354707,0.3549288213,-0.4746142626,0.8424908519,-0.3686470091,-0.1661204845,0.1029620990,-0.6533251405,-0.2327283621,0.5684381723,1.4315183163,0.2719211578,-0.0144142387,0.0283619873
3.1641199589,-0.1818804592,0.6533979774,-0.0183327379,0.0418868166,-0.9979537463,-0.0446959238,-1.0929069519,-0.0645559281,-0.2205208242,1.5422328711,-0.4105067849,-0.0050853482,0.2208555043,-0.3171800375,-0.5101633668,1.2366652489,-0.5891124606,-0.0267422218,0.5974504352,0.0845844820,0.5199999809,-0.6301023364,0.4282178283,-0.4456677139,0.7080549002,-0.3455826938,-0.1799265295,0.1256212145,-0.6412277222,-0.2796262801,0.5636914968,1.4148862362,0.2482505739,-0.0161884911,0.0489228070
3.1652071476,-0.1759580374,0.6844806671,0.0107230220,0.0458125482,-0.9985698679,-0.0253859447,-1.0518196821,-0.0413832664,-0.2261717767,1.3565074205,-0.2857063413,-0.0377419442,0.1547587663,-0.2792846262,-0.5712715983,1.1332832575,-0.5122526288,-0.0215770956,0.5725847483,0.0560571253,0.5199999809,-0.6698901057,0.5319552422,-0.4012658596,0.5670431256,-0.2996762693,-0.1903895885,0.1770628840,-0.6172307134,-0.3361732662,0.5620542765,1.3654940128,0.2307983041,-0.0196079519,0.0594325773
3.1673223972,-0.1697854698,0.7177110314,0.0366042731,0.0495081084,-0.9981018648,0.0013197944,-0.9771381021,-0.0102740042,-0.2254528999,1.0817337036,-0.0640504211,-0.0954688713,0.0622728281,-0.2278506905,-0.6001392007,1.0099574327,-0.4064479768,-0.0109450361,0.5131421685,0.0300084800,0.5199999809,-0.6958763599,0.6276351810,-0.3535374105,0.4697779119,-0.2478600889,-0.2104324996,0.2190189511,-0.5795474648,-0.3823752105,0.5509041548,1.3087270260,0.2331085503,-0.0394181684,0.0608403087
3.1745095253,-0.1658739597,0.7487713099,0.0602555232,0.0529953683,-0.9961998958,0.0338604559,-0.8954507113,0.0376513973,-0.1928053796,0.7857654691,0.1499705613,-0.1530150771,-0.0518860966,-0.1865423918,-0.6012955904,0.9086771607,-0.3167171776,-0.0044533126,0.4269799292,0.0083664851,0.5199999809,-0.6956537962,0.6933494806,-0.2937580049,0.4043181241,-0.2175301611,-0.2343185544,0.2602835298,-0.5387839675,-0.4109987617,0.5424779058,1.2525358200,0.2538538277,-0.0573940575,0.0556809045
3.1729910374,-0.1630152315,0.7640019059,0.0736071312,0.0522913295,-0.9935858169,0.0680795977,-0.8486315012,0.0882906988,-0.1101103500,0.6166242361,0.2455506325,-0.1806394458,-0.1469355673,-0.1648664325,-0.5644803643,0.8453029394,-0.2942142189,0.0009427430,0.3434810638,0.0019429604,0.5199999809,-0.6828765273,0.7218467593,-0.2592017651,0.3660782576,-0.1756835729,-0.2330959886,0.2801937759,-0.4863123894,-0.4274487197,0.5407485962,1.2047445774,0.2507394254,-0.0642139167,0.0446060710
3.1730649471,-0.1635142416,0.7730136514,0.0768903878,0.0443325087,-0.9910637290,0.0995750070,-0.7959728837,0.1063642204,-0.0288136844,0.5588086843,0.2474967837,-0.1873606443,-0.2228536755,-0.1755571961,-0.5105600953,0.8260536790,-0.2863815725,-0.0062042177,0.2649678886,-0.0016169738,0.5199999809,-0.6458165646,0.6981809735,-0.2377402484,0.3473820984,-0.1446198523,-0.2346321940,0.3164962530,-0.4292497933,-0.4242352247,0.5334795713,1.1754027605,0.2486708313,-0.0699162260,0.0253180042
3.1726009846,-0.1678031087,0.7786545157,0.0747775669,0.0363835623,-0.9886643425,0.1250094788,-0.7634950280,0.1112781242,0.0292167757,0.5770257115,0.1959438622,-0.1712624133,-0.2801768780,-0.1879220307,-0.4570322931,0.8187263012,-0.2737177312,-0.0001028520,0.1966992170,-0.0034189627,0.5199999809,-0.6065297723,0.6441707015,-0.2357535362,0.3511567116,-0.1301914901,-0.2274484783,0.3305400610,-0.3912172616,-0.4109985232,0.5203699470,1.1537916660,0.2580992579,-0.0712991953,0.0217403732
3.1722025871,-0.1725758165,0.7784857750,0.0677531640,0.0238806524,-0.9851693825,0.1558220491,-0.7186089158,0.1039039493,0.0764665306,0.6944814324,0.0974912867,-0.1519556642,-0.3695447743,-0.2107850760,-0.3583363295,0.8577367663,-0.2553368211,0.0032594290,0.0990357026,-0.0077832080,0.5199999809,-0.5535225272,0.5423455238,-0.2533250451,0.3993999362,-0.1309641004,-0.2278164923,0.3675162792,-0.3686712980,-0.3912192881,0.5067675710,1.1422070265,0.2776252031,-0.0738406405,-0.0000752496
3.1713051796,-0.1775373071,0.7747471929,0.0594603754,0.0118905790,-0.9799895283,0.1895879804,-0.6599485874,0.0968526527,0.1120016351,0.8295245767,-0.0147418687,-0.1281541735,-0.4438570738,-0.2031124830,-0.2473771423,0.8857435584,-0.2304265499,0.0201498307,-0.0041365735,-0.0124531351,0.5199999809,-0.5273669362,0.4175882638,-0.3063469827,0.5620130897,-0.1653795242,-0.2139481455,0.3520758152,-0.3773655593,-0.3677817881,0.5057092905,1.1354798079,0.3126565516,-0.0856510326,-0.0264965538
3.1699562073,-0.1833857745,0.7654898167,0.0467588151,-0.0022537515,-0.9736472843,0.2232028218,-0.5762988925,0.0701299012,0.1336730421,0.9040538669,-0.1389649808,-0.1184146851,-0.4892885387,-0.2115730792,-0.1674428582,0.8922722340,-0.2457004786,0.0270624105,-0.1091267243,-0.0149401603,0.5199999809,-0.5677304864,0.2601034343,-0.4165540338,0.8777956367,-0.2186352015,-0.1971500367,0.2762847245,-0.4038914144,-0.3487299681,0.5301129222,1.1640466452,0.3866128922,-0.1098317802,-0.0459331535
3.1663231850,-0.1881678402,0.7576554418,0.0426195965,-0.0170085763,-0.9677333090,0.2477630339,-0.5130799413,0.0677387416,0.1687016040,0.9586192369,-0.2900073230,-0.0787501559,-0.5299980044,-0.2380702198,-0.1199019402,0.9451033473,-0.2908775508,0.0216312893,-0.1930775493,-0.0229373202,0.5199999809,-0.6483326554,0.1044015735,-0.5518239737,1.1330757141,-0.2110930085,-0.1509899646,0.1958349794,-0.4494819343,-0.3426567018,0.5509599447,1.2292220592,0.4938384891,-0.1116397455,-0.0524805635
3.1615066528,-0.1905722469,0.7431514263,0.0283359837,-0.0247349280,-0.9654442915,0.2578809327,-0.4827853143,0.1056481749,0.1993864626,1.1239161491,-0.4736970067,-0.0375203490,-0.5742685199,-0.2294212878,-0.0801060125,1.0955449343,-0.4498009980,0.0006084781,-0.2464038730,-0.0248139743,0.5199999809,-0.6831957698,0.0005173999,-0.6322225332,1.2243984938,-0.1915846318,-0.1139180884,0.0989238843,-0.4739313424,-0.3673126101,0.5221717954,1.2752690315,0.5811325312,-0.1168151796,-0.0414680503
3.1558437347,-0.1918840706,0.7301862240,0.0251743139,-0.0322570686,-0.9621078282,0.2695816432,-0.4850338101,0.1130655780,0.1912781000,1.2210023403,-0.5638257861,-0.0256743897,-0.6117623448,-0.2408524603,-0.0394596681,1.1992880106,-0.5168709159,-0.0107038198,-0.2668451071,-0.0321270749,0.5199999809,-0.6952825785,-0.0397284478,-0.6565549374,1.2080848217,-0.1708398014,-0.1136815399,0.0922105685,-0.4867255986,-0.4113753438,0.4749729931,1.2976107597,0.6278066635,-0.1243163496,-0.0519032851
3.1539626122,-0.1932159066,0.7182165980,0.0284358358,-0.0393876063,-0.9573525245,0.2848089950,-0.5219075084,0.1295719594,0.1879133731,1.3057211637,-0.6393588185,-0.0105325365,-0.6699166894,-0.2787702978,-0.0051709744,1.2838776112,-0.5594913960,-0.0163626261,-0.2577491701,-0.0029374440,0.5199999809,-0.6827381253,-0.0617188364,-0.6474363804,1.0543587208,-0.1295863986,-0.1224122718,0.1194322482,-0.4653757513,-0.5547830462,0.3824005127,1.3074783087,0.6455216408,-0.1177487224,-0.0419031940
3.1481668949,-0.1948675364,0.7079597116,0.0378946932,-0.0445189412,-0.9548086755,0.2914145659,-0.5551992655,0.1442690045,0.1623158306,1.3639639616,-0.6745768189,0.0036601992,-0.7346706390,-0.3340819180,0.0011493985,1.3792457581,-0.5476638675,-0.0365613736,-0.2405882925,0.0157218091,0.5199999809,-0.6498398185,-0.0218745209,-0.6033942699,0.8265545368,-0.0735183358,-0.1290208101,0.1541402489,-0.4026793838,-0.7031943798,0.2821381390,1.2652844191,0.6361116767,-0.1034274697,-0.0020454843
3.1394817829,-0.1938067377,0.7036762238,0.0482058560,-0.0467560178,-0.9533420763,0.2943279731,-0.5676642060,0.1625511944,0.1147121489,1.3815155029,-0.6733710766,-0.0046243505,-0.7787150145,-0.3672093749,-0.0198319685,1.4492043257,-0.5220377445,-0.0392708369,-0.2362272739,0.0207832865,0.5199999809,-0.5997359753,0.0428297482,-0.5347647667,0.6096930504,-0.0314038731,-0.1268934906,0.1941709369,-0.2914052904,-0.8241856694,0.1792394817,1.1724498272,0.6693201661,-0.1074367091,0.0077007781
3.1327733994,-0.1942304820,0.6984702349,0.0565243176,-0.0449453703,-0.9544623481,0.2894590493,-0.5686922073,0.1792134941,0.0606276728,1.3897485733,-0.6462069154,-0.0247673485,-0.8340379596,-0.3672851324,-0.0338495970,1.5188729763,-0.4768190682,-0.0190040600,-0.2521627843,0.0142358318,0.5199999809,-0.5503453016,0.1151310951,-0.4433918297,0.4245934784,0.0006656640,-0.1234488934,0.2257063836,-0.1549751163,-0.9058177471,0.0557916127,1.0232256651,0.6893174052,-0.1389532238,0.0152627667
3.1277008057,-0.1957854331,0.6980479360,0.0623873059,-0.0423297209,-0.9585210635,0.2748697685,-0.5073403716,0.2123956978,0.0304294564,1.3387986422,-0.6159346104,-0.0415467396,-0.8812040687,-0.3426657319,-0.0496289097,1.5452069044,-0.3960005641,0.0176339988,-0.2828758359,-0.0006848070,0.5199999809,-0.4971171618,0.1816762090,-0.3329225779,0.2948867381,0.0270313881,-0.1234687641,0.2707514167,-0.0321148634,-0.9374181628,-0.0938173756,0.8148921728,0.6912017465,-0.2118247747,-0.0558414198
3.1241960526,-0.1981753856,0.6966009140,0.0642370879,-0.0390448719,-0.9622972004,0.2614061830,-0.4104858637,0.2353890091,0.0143758738,1.2688331604,-0.5921916366,-0.0673054084,-0.9121438265,-0.3238948286,-0.0668325052,1.5239865780,-0.3608420193,0.0314404182,-0.3073872626,-0.0048711938,0.5199999809,-0.4309469163,0.2312499434,-0.2639596164,0.2318264097,0.0460687727,-0.1196007878,0.3024269342,0.0566060357,-0.9288011789,-0.2198834270,0.6250450015,0.7004963756,-0.2655557394,-0.1059655175
3.1274747849,-0.2034307122,0.6974685788,0.0687384467,-0.0329578152,-0.9688320316,0.2356974818,-0.2360664904,0.2616210878,0.0205895528,1.1229101419,-0.4945409000,-0.0997594371,-0.9366453886,-0.2711435854,-0.0777386799,1.4514540434,-0.3111595809,0.0673683807,-0.3445544243,-0.0014041535,0.5199999809,-0.3338518441,0.3015678227,-0.1610199362,0.1937381029,0.0319897123,-0.1380582899,0.3540523350,0.1319812536,-0.9221789241,-0.3756599724,0.3530588150,0.5438134670,-0.3164384961,-0.1877883524
3.1326317787,-0.2080508918,0.6953824162,0.0702222055,-0.0290396154,-0.9770633449,0.1989290390,-0.0144409537,0.2507786453,0.0708609596,0.9505339265,-0.3681225479,-0.1284600347,-0.9385920763,-0.2519562244,-0.1077988446,1.3506360054,-0.2715002298,0.0647878051,-0.3979140818,0.0125044128,0.5199999809,-0.1974444389,0.3692787886,-0.0785558522,0.2458114624,-0.0062597077,-0.1561410129,0.3481963873,0.1785884947,-0.9122639298,-0.5007342100,0.0257925466,0.2761148810,-0.2787535489,-0.2523199320
3.1393523216,-0.2145874649,0.6909651160,0.0658557783,-0.0230369026,-0.9842112587,0.1626668858,0.1603943706,0.2196981907,0.1290147156,0.8584688306,-0.2957182229,-0.1665425152,-0.9605714679,-0.2117164731,-0.1195204258,1.3025240898,-0.2183496654,0.0627495050,-0.4809790254,0.0349089317,0.5199999809,-0.0386870950,0.4121003747,-0.0649610013,0.4413142204,-0.1013930514,-0.1517164409,0.2577512860,0.2066241801,-0.8826256990,-0.5727663636,-0.3433823884,0.1411904097,-0.2933374345,-0.3165763617
3.1443977356,-0.2194439620,0.6850802898,0.0633874821,-0.0157708672,-0.9889725251,0.1329159561,0.2211065888,0.1962452978,0.1937268525,0.8875175118,-0.3105004728,-0.1649073660,-0.9773826599,-0.1427985430,-0.1028815284,1.2803021669,-0.1998037994,0.0676089674,-0.5589443445,0.0636235476,0.5199999809,0.0840530321,0.4697334766,-0.1622147411,0.6854885221,-0.0992200896,-0.1146811843,0.0979427919,0.1680485457,-0.8712461591,-0.5663099885,-0.5978413820,0.0496832691,-0.2777585685,-0.2550881207
3.1456146240,-0.2231297493,0.6800528765,0.0601296165,-0.0119973412,-0.9919172538,0.1110884996,0.2279058099,0.1832879931,0.2559550107,0.9465857148,-0.3488055468,-0.1488531232,-0.9857969880,-0.0759989098,-0.0744951963,1.2763760090,-0.2142986059,0.0641224310,-0.6017332077,0.0881614015,0.5199999809,0.1660110950,0.5069656968,-0.2328638583,0.8039335012,-0.0624658726,-0.0934594572,-0.0233087093,0.1195059642,-0.8640596867,-0.5353317261,-0.6939156055,0.0209371578,-0.2765485346,-0.1931445152
3.1482613087,-0.2259092927,0.6766176224,0.0578046615,-0.0105758084,-0.9936266328,0.0961919332,0.2106571943,0.1804875582,0.3000763357,1.0051311255,-0.3824334443,-0.1320222169,-0.9877061248,-0.0466075912,-0.0702020377,1.2849705219,-0.2427921593,0.0450722016,-0.6202492118,0.1061863229,0.5199999809,0.2126113176,0.5219373107,-0.2585798502,0.8585478067,-0.0458361246,-0.0911011249,-0.0867077187,0.0891481489,-0.8485528231,-0.4869124889,-0.7222048640,0.0062603108,-0.2569243014,-0.1397131085
3.1484918594,-0.2284442633,0.6757357717,0.0534200246,-0.0119996757,-0.9950082061,0.0834324787,0.1623729020,0.1897490323,0.3426570296,1.0835337639,-0.3960908949,-0.1225831807,-0.9811015129,-0.0325645842,-0.0817534402,1.3112396002,-0.2802395225,0.0127795981,-0.6105377078,0.1288180351,0.5199999809,0.2260617018,0.5387254357,-0.2673843205,0.8825375438,-0.0386058278,-0.0870133042,-0.1370384246,0.0771842822,-0.8310827017,-0.4004004002,-0.6984117627,0.0064256852,-0.2476389259,-0.1266685724
3.1476349831,-0.2298762053,0.6755130291,0.0495822684,-0.0138189772,-0.9955493080,0.0789443468,0.1133145392,0.1976653486,0.3581430912,1.1397283077,-0.4012446404,-0.1158106700,-0.9633033276,-0.0421294942,-0.0988555402,1.3192446232,-0.3133894205,-0.0094332965,-0.5879368186,0.1424343586,0.5199999809,0.2049533129,0.5650535822,-0.2536964715,0.8742158413,-0.0604583062,-0.0922720656,-0.1379684657,0.0778383091,-0.8252381682,-0.3170239031,-0.6112416983,-0.0081946747,-0.2234188765,-0.1025004983
3.1478374004,-0.2307414860,0.6784386039,0.0369221899,-0.0164456291,-0.9960428966,0.0791507504,0.0464443564,0.2235695124,0.3729846179,1.2056099176,-0.4300722778,-0.0989280790,-0.9396658540,-0.0394949801,-0.0917786062,1.3350915909,-0.3391082883,-0.0128124617,-0.5372084379,0.1691020280,0.5199999809,0.1344442517,0.6182162762,-0.2392334193,0.8278234005,-0.1016143784,-0.1152737141,-0.0835851654,0.0720209852,-0.8575199842,-0.1767421365,-0.3292543888,-0.0118219899,-0.1757176667,-0.0637577847
3.1505548954,-0.2335039377,0.6768735647,0.0249844952,-0.0183280833,-0.9955876876,0.0885720758,0.0003183443,0.2354332656,0.3504278064,1.2484782934,-0.4458340406,-0.0844582319,-0.9080111980,-0.0672151223,-0.0993186533,1.3502568007,-0.3747097254,-0.0190646928,-0.4818043709,0.1967086494,0.5199999809,0.0104866195,0.6891544461,-0.2357320637,0.7752566934,-0.1487172097,-0.1381594837,-0.0234510284,0.0047178692,-0.8932945728,-0.0425539054,0.0459923446,-0.0234911498,-0.1204644069,-0.0164328553
3.1529800892,-0.2335831523,0.6794875860,0.0137527248,-0.0181463936,-0.9942473638,0.1046601669,-0.0388413109,0.2504679561,0.3212198019,1.2943497896,-0.4489975572,-0.0844815001,-0.8873898387,-0.0852853060,-0.1054844856,1.3686605692,-0.3931038976,-0.0224294923,-0.4284496009,0.2249011099,0.5199999809,-0.1351855546,0.7644056082,-0.2516547143,0.7154750228,-0.1968192905,-0.1627569497,0.0486097075,-0.1530358493,-0.8576642275,0.0957203284,0.5139243007,0.0663674697,-0.1114429906,-0.0915146396
3.1553337574,-0.2308181524,0.6781335473,0.0044284113,-0.0190037524,-0.9929311779,0.1170765672,-0.0673384443,0.2574675381,0.2889198661,1.3186314106,-0.4560901523,-0.0831484646,-0.8670090437,-0.1136630476,-0.1290331930,1.3850265741,-0.4047191441,-0.0277417004,-0.3931856453,0.2299028784,0.5199999809,-0.2267474234,0.8188046813,-0.2402881086,0.6554690003,-0.2208469659,-0.1773460656,0.0923890918,-0.2356269956,-0.8118130565,0.1473258883,0.7762641907,0.1434001625,-0.1007478386,-0.1048328802
3.1619987488,-0.2264105380,0.6779485941,0.0017022635,-0.0178746211,-0.9909072036,0.1333435938,-0.1059944183,0.2712863982,0.2488723844,1.3520865440,-0.5169457793,-0.0813363642,-0.8683165908,-0.1428717226,-0.1615357846,1.3989591599,-0.4183040857,-0.0335729569,-0.3472649753,0.2423292249,0.5199999809,-0.2934638262,0.8781800270,-0.1937844604,0.5226791501,-0.2500590980,-0.2028097808,0.1501810998,-0.2977543473,-0.7541736960,0.1227361187,1.0617234707,0.2872978747,-0.1064639017,-0.1440077871
3.1691119671,-0.2225121856,0.6813352704,0.0005097666,-0.0133243778,-0.9894438758,0.1443018285,-0.1403827518,0.2895067036,0.2168799192,1.3601546288,-0.5495623350,-0.0714600980,-0.8666394353,-0.1583004296,-0.1936659366,1.3804429770,-0.4063557684,-0.0238157380,-0.3191403449,0.2382690310,0.5199999809,-0.3426213861,0.9326393008,-0.1365371644,0.4215326011,-0.2700144947,-0.2148443311,0.2115492821,-0.2924853563,-0.7335003018,0.0729063302,1.1605687141,0.3852159977,-0.1066682562,-0.1551549435
3.1784245968,-0.2202720344,0.6825594306,0.0016702973,-0.0061540277,-0.9882920297,0.1524408148,-0.1699634194,0.3045054674,0.1906353235,1.3430495262,-0.5763417482,-0.0697810203,-0.8645511270,-0.1743058860,-0.2300835848,1.3436709642,-0.3857698441,-0.0125972796,-0.2990348041,0.2326293439,0.5199999809,-0.3879049420,0.9886562228,-0.0843871087,0.3251431882,-0.2904434204,-0.2332333624,0.2737352252,-0.2560102344,-0.7162346840,0.0133362962,1.1860285997,0.4888548553,-0.1224045008,-0.1674258560
3.1905732155,-0.2162449211,0.6875721812,0.0057480582,0.0029865424,-0.9883319186,0.1521777220,-0.1871217787,0.3162994981,0.1870113015,1.3034147024,-0.6042590737,-0.0678659379,-0.8664150834,-0.1646770686,-0.2550894618,1.2736849785,-0.3266649246,0.0261122603,-0.2747609615,0.2192501575,0.5199999809,-0.3989980221,1.0249021053,-0.0260813814,0.2068015784,-0.3077818751,-0.2656062245,0.3639729619,-0.1988617182,-0.6875707507,-0.0664395094,1.1502181292,0.5810757279,-0.1516665071,-0.2004333436
3.2039144039,-0.2136012167,0.6943420172,0.0066122567,0.0126598497,-0.9895669890,0.1433638047,-0.1781306416,0.3285355568,0.2053955942,1.2282003164,-0.6377326846,-0.0706544146,-0.8596366644,-0.1471636146,-0.2884127796,1.1657208204,-0.2363685966,0.0871613473,-0.2761490345,0.1875702590,0.5199999809,-0.4017555714,1.0509542227,0.0287833307,0.1127443016,-0.3454429209,-0.3166493475,0.4256447256,-0.1068396792,-0.6528114676,-0.1253495216,1.0165297985,0.6018481851,-0.1874446869,-0.2018001229
3.2138524055,-0.2134160101,0.6977317333,0.0064561078,0.0166783909,-0.9912089010,0.1310918169,-0.1588216722,0.3355671465,0.2427529544,1.1682794094,-0.6726459265,-0.0690314323,-0.8568471670,-0.1373965591,-0.3148716092,1.0725561380,-0.1733902097,0.1267373115,-0.2761027813,0.1532129794,0.5199999809,-0.4033626020,1.0642666817,0.0569037721,0.0502463877,-0.3467920423,-0.3387379348,0.4423458278,-0.0429899879,-0.6215233803,-0.1423609108,0.9051955938,0.5801941156,-0.1964706779,-0.2013568431
3.2240836620,-0.2130541950,0.7047867775,0.0086930829,0.0212310807,-0.9938931772,0.1079352765,-0.1208518222,0.3511848748,0.3107145429,1.0827978849,-0.7048078775,-0.0635227114,-0.8390601277,-0.1574533731,-0.3772163093,0.9991202354,-0.1223460510,0.1485793740,-0.2912691236,0.1011470333,0.5199999809,-0.4002493918,1.0673444271,0.0866118297,-0.0475342385,-0.3733603954,-0.3756779730,0.4622491896,0.0436653793,-0.5967237949,-0.1440911740,0.7158732414,0.5155615807,-0.2003245205,-0.1884345412
3.2262423038,-0.2125734687,0.7097893953,0.0061240288,0.0240537462,-0.9956117586,0.0902282645,-0.0656336620,0.3562476337,0.3697237074,1.0037879944,-0.7115208507,-0.0787231177,-0.7833517194,-0.2078351974,-0.4539700747,0.9851778150,-0.1400590241,0.1311783493,-0.3171710968,0.0458962210,0.5149265528,-0.4069824219,1.0329129696,0.1157756224,-0.1682164967,-0.3945408762,-0.4034896195,0.4178366065,0.1294851899,-0.5833226442,-0.1324184984,0.5084490776,0.4468596280,-0.2104647309,-0.1410194337
3.2216727734,-0.2113419026,0.7151504159,0.0030271211,0.0251949621,-0.9972902136,0.0690527348,0.0190585796,0.3579863012,0.4281958342,0.9166541696,-0.6893850565,-0.0840667635,-0.7142344117,-0.2849098146,-0.5009433031,1.1169227362,-0.2091175169,0.0733218491,-0.3381443024,-0.0000261455,0.5056403875,-0.4309281111,0.9774756432,0.1316377074,-0.2594064474,-0.4282717109,-0.4059011042,0.3857164383,0.1746224761,-0.5951036215,-0.1182847172,0.3242698014,0.4347677231,-0.2150119692,-0.0991848484
3.2155416012,-0.2125304937,0.7190538049,0.0023707703,0.0239063460,-0.9984372071,0.0504579982,0.1078230664,0.3450477719,0.4686188698,0.8155379891,-0.6457461119,-0.0859632492,-0.6424704194,-0.3503559828,-0.4672484100,1.3041807413,-0.2461351305,0.0369737893,-0.3617545366,-0.0303560887,0.4961993694,-0.4640361965,0.9190464616,0.1497747600,-0.3512833118,-0.4644782841,-0.4067092836,0.3311606348,0.2070526630,-0.6169495583,-0.1352719069,0.1428378522,0.4555373490,-0.2199682444,-0.0646346807
3.2102606297,-0.2127567232,0.7194328308,0.0057910616,0.0210360012,-0.9994090314,0.0265619683,0.1902013719,0.3155762851,0.4926836491,0.7158104777,-0.5926156640,-0.0865520239,-0.5551782846,-0.3735529184,-0.4215451181,1.3905422688,-0.2584295273,0.0348245241,-0.3735559881,-0.0498416275,0.4623708725,-0.4844370186,0.8898588419,0.1565710157,-0.4211305976,-0.5025700331,-0.4178884625,0.2752554119,0.2361784577,-0.6542189121,-0.1634858251,0.0154134948,0.4694192111,-0.2316315025,-0.0209488645
3.2066721916,-0.2107949108,0.7168766260,0.0073177930,0.0200276558,-0.9997572136,0.0055548888,0.2676083744,0.2886113822,0.5043811202,0.6388168931,-0.5539854169,-0.0952997804,-0.4894067943,-0.3833395243,-0.4039523005,1.3934171200,-0.2813457251,0.0429971367,-0.3809516132,-0.0454286747,0.4234592021,-0.4796638191,0.9020271897,0.1690849066,-0.4623454213,-0.5372664928,-0.4350470603,0.2419960797,0.2828045189,-0.7109101415,-0.2152662128,-0.0711075738,0.4961178303,-0.2434686720,0.0157982167
3.2055354118,-0.2115752995,0.7148613334,0.0093830628,0.0193148291,-0.9993488710,-0.0289953367,0.3567024469,0.2440594435,0.5032963753,0.5626452565,-0.5092881322,-0.0974301994,-0.4225918353,-0.3785423338,-0.3867794871,1.3314794302,-0.3582874835,0.0389042646,-0.3726038039,-0.0317891464,0.3784410655,-0.4484356940,1.0078604221,0.2024484873,-0.4782146215,-0.5682232380,-0.4537846744,0.2286817431,0.3422246277,-0.8339101076,-0.3129866719,-0.1676049381,0.4982210398,-0.2541135550,0.0605952255
3.2108838558,-0.2140820175,0.7114977241,0.0137820354,0.0241414101,-0.9966666570,-0.0766995614,0.3841568232,0.2047836334,0.4845528901,0.5831186771,-0.4374191761,-0.1014782712,-0.4057040215,-0.3798839450,-0.3970859647,1.2823952436,-0.4457899630,0.0056329467,-0.3429823518,0.0110935820,0.3605607152,-0.3609821796,1.1663556099,0.2652867436,-0.3967987597,-0.5708466172,-0.4650288820,0.2722322047,0.4014185667,-1.0104875565,-0.4537657201,-0.2241915315,0.5376650691,-0.2623151839,0.0924085453
3.2165188789,-0.2156614065,0.7099659443,0.0164070858,0.0305633921,-0.9919282900,-0.1219629211,0.2990936637,0.2134478539,0.4526817799,0.8327885866,-0.3436804414,-0.0839647576,-0.4349677265,-0.3626237214,-0.3983688951,1.2708201408,-0.4790911674,-0.0184825137,-0.3012083173,0.0634896457,0.3892303705,-0.1936174780,1.3029129505,0.2872616649,-0.1439852715,-0.6321384907,-0.4468926489,0.2318353057,0.4149240255,-1.2149844170,-0.6185744405,-0.1883401126,0.4716928899,-0.2671829462,0.0734157339
3.2250103951,-0.2210521549,0.7108163238,0.0131404135,0.0353950401,-0.9861091697,-0.1617505058,0.1424911618,0.2441341877,0.4020061493,1.1843394041,-0.3204445541,-0.0456071198,-0.4630790353,-0.3432723582,-0.3747493625,1.2674493790,-0.4860604107,-0.0224090796,-0.2808047533,0.1066550910,0.4625425637,-0.0184495840,1.3574982882,0.2355190068,0.3117476106,-0.5861290097,-0.3260233104,0.0116735157,0.3728314340,-1.4507215023,-0.7341520786,-0.0813245103,0.3106766343,-0.2202179134,0.0833882317
3.2334604263,-0.2264329195,0.7111072540,0.0099522800,0.0375021854,-0.9803492662,-0.1934162723,-0.1012957171,0.2956846058,0.3253909647,1.5280762911,-0.3977610469,-0.0357808061,-0.4842900634,-0.3268333077,-0.3441555500,1.2590826750,-0.4803009033,-0.0185674150,-0.2602554858,0.1124739274,0.5106353760,0.0352226980,1.3075304031,0.0175075848,0.7201551199,-0.3636421263,-0.1719226986,-0.2748064995,0.2962636948,-1.6395542622,-0.6939975619,-0.0170279387,0.2499917597,-0.1925734431,0.1341307014
3.2429594994,-0.2333756983,0.7116323113,0.0117916568,0.0378627927,-0.9756915009,-0.2155306496,-0.3312453032,0.3641243875,0.2687322497,1.7292561531,-0.4635718167,-0.0071929647,-0.5221241713,-0.3148908615,-0.3128460348,1.2539951801,-0.4888794124,-0.0130111808,-0.1924756020,0.1182515770,0.5199999809,-0.0239823647,1.1897222996,-0.1458687782,0.8812400103,-0.3231273293,-0.1310678571,-0.2815273106,0.2361193001,-1.6840108633,-0.6290723681,-0.0215979069,0.2040527314,-0.1722485274,0.1142878085
3.2534458637,-0.2370537519,0.7105093002,0.0180542058,0.0376964581,-0.9728295122,-0.2277186046,-0.5708189607,0.4543506503,0.2141146660,1.8022704124,-0.5215382576,0.0300698746,-0.5542776585,-0.3229951859,-0.3248225451,1.2609170675,-0.5146665573,-0.0007349271,-0.0890416279,0.1251970828,0.5199999809,-0.1242356077,1.0067278147,-0.3029471040,0.9558345675,-0.3115792871,-0.0960682631,-0.1631292254,0.1628679335,-1.6102783680,-0.5195018053,-0.0575705171,0.1431402713,-0.1521748751,0.0415334068
3.2617666721,-0.2405145615,0.7092429996,0.0195315588,0.0362190560,-0.9720545831,-0.2311202842,-0.7786738873,0.5123092532,0.1691543311,1.7059867382,-0.5379202366,0.0439612158,-0.5678988695,-0.3487434387,-0.3627080619,1.2801299095,-0.5654038787,-0.0000901084,0.0141837765,0.0980631039,0.5199999809,-0.2247954607,0.8378572464,-0.4270452857,0.9799995422,-0.3394223452,-0.0840753391,-0.0493564233,-0.0339867994,-1.4484105110,-0.2571490109,-0.0428724997,0.0930254757,-0.1298102587,-0.0045572245
3.2661530972,-0.2375442535,0.7048890591,0.0073777864,0.0374874391,-0.9729656981,-0.2277674481,-0.9136957526,0.5229220390,0.1422550678,1.4795198441,-0.4838995636,-0.0054524960,-0.5322530270,-0.3672393858,-0.3945961595,1.3165084124,-0.6384446025,-0.0072913603,0.0504667573,0.0330448486,0.5199999809,-0.2440151423,0.7025908232,-0.4601100087,0.9785876870,-0.3664488792,-0.0892168432,-0.0087692989,-0.2719572186,-1.2090580463,0.0523111075,0.0354269184,0.1104860827,-0.1256974936,-0.0386665948
3.2581915855,-0.2320722789,0.6993601918,-0.0111758355,0.0447123161,-0.9738694988,-0.2223827979,-0.9547525048,0.4864397049,0.1308844537,1.1848839521,-0.3366593122,-0.0994588435,-0.4508631825,-0.3514123559,-0.3911030591,1.3511191607,-0.7014290094,-0.0090210866,0.0489807092,-0.0213386025,0.5199999809,-0.2405085862,0.5741031170,-0.4525214136,1.0467139482,-0.3707304001,-0.0947827771,-0.0142694563,-0.4946056008,-0.9606306553,0.3211145997,0.2169092596,0.0841190964,-0.1044148430,-0.0253716540
3.2414183617,-0.2246074528,0.6896039844,-0.0308854092,0.0511142158,-0.9755669111,-0.2114299658,-0.9461225271,0.4411195219,0.1309875846,0.9864739180,-0.2242906690,-0.1604835987,-0.3361701667,-0.3482026160,-0.3803909123,1.3838881254,-0.7740368247,-0.0249585435,0.0741395354,-0.0413043350,0.5199999809,-0.2864540219,0.4513461292,-0.4689449072,1.1289601326,-0.3610372841,-0.1084763259,-0.0055329986,-0.6008895040,-0.7339224219,0.4583801031,0.4605145156,0.0836832523,-0.0892385840,-0.0401364900
3.2198657990,-0.2193402499,0.6784090400,-0.0375976707,0.0526553721,-0.9765032402,-0.2055608156,-0.9656279087,0.4085422456,0.1083152443,0.9943061471,-0.1990035474,-0.1565398276,-0.2627224922,-0.3562267423,-0.3541702926,1.4122924805,-0.8024716377,-0.0115939453,0.0994203761,-0.0533916615,0.5199999809,-0.3414376676,0.3854215443,-0.4756071568,1.1742867231,-0.3700109422,-0.1020820066,0.0140658766,-0.6588443518,-0.5837605596,0.5118709207,0.6209267378,0.1171701103,-0.0730735436,-0.0723601207
3.1929628849,-0.2179537565,0.6630170345,-0.0425511375,0.0525391437,-0.9791923168,-0.1913411767,-0.9955646396,0.3414445817,0.0867640078,1.1611626148,-0.2947182953,-0.1044832021,-0.1694727838,-0.3727663755,-0.3082868755,1.4459245205,-0.7997471690,0.0045386259,0.1442734450,-0.0544279739,0.5199999809,-0.4122468829,0.3234877586,-0.5037813187,1.2100789547,-0.4015619159,-0.0851165876,0.0638781264,-0.6628279686,-0.3933744729,0.5459800363,0.8477228880,0.2530919015,-0.0476837941,-0.1373351663
3.1603219509,-0.2159204483,0.6466398835,-0.0536340041,0.0552509179,-0.9822057123,-0.1712970178,-1.0276942253,0.2520119250,0.0306097604,1.3463973999,-0.3629643023,-0.0583881028,-0.0044430587,-0.3601845801,-0.2729878128,1.4252433777,-0.7180931568,0.0004912194,0.2157801539,-0.0280631613,0.5199999809,-0.4583640099,0.2704587281,-0.5303031206,1.2411960363,-0.4532652199,-0.0859726146,0.0901100561,-0.6228212714,-0.2295508385,0.5620068908,1.0560067892,0.4459157884,-0.0668120831,-0.1820404381
3.1310141087,-0.2130351961,0.6299921870,-0.0687249450,0.0570641009,-0.9855389569,-0.1439914401,-1.0537207127,0.1156592295,-0.0432602689,1.5321767330,-0.4442177117,-0.0062459223,0.1402993053,-0.3321644068,-0.2416045219,1.4338185787,-0.6337951422,-0.0094739441,0.2974931300,0.0124284839,0.5199999809,-0.4895761907,0.2438299656,-0.5335219502,1.2544624805,-0.4739083052,-0.0939676538,0.0977089182,-0.5606215000,-0.1247539073,0.5869261026,1.1964756250,0.5246291161,-0.0555422530,-0.1628109813
3.1119270325,-0.2096502036,0.6213930845,-0.0719558237,0.0584603745,-0.9882039608,-0.1218920670,-1.0750508308,0.0283219516,-0.0828436166,1.6473631859,-0.4894970655,0.0205024015,0.2119426876,-0.3064940870,-0.2651830614,1.4093389511,-0.6405027509,-0.0129019106,0.3782404363,0.0416049287,0.5199999809,-0.5153895617,0.2461929172,-0.4946413636,1.2323340178,-0.5335837007,-0.1087915078,0.0797088295,-0.5320239663,-0.0772735700,0.5916985273,1.2678064108,0.5493810177,-0.0338734239,-0.0971216038
3.1055250168,-0.2019006163,0.6250818968,-0.0686597680,0.0586180952,-0.9906213948,-0.1025622122,-1.0797408819,-0.0321504623,-0.1161741987,1.6744107008,-0.4891637266,0.0251639355,0.2550728917,-0.2706331015,-0.3029442728,1.3485938311,-0.6181617379,-0.0047797994,0.4539421201,0.0638981462,0.5199999809,-0.5283743143,0.2862212360,-0.4586044848,1.1325899363,-0.5757064819,-0.1463574320,0.0594226234,-0.5274820328,-0.0750853270,0.5889469385,1.3240084648,0.5179587007,-0.0362330601,-0.0630030483
3.1046810150,-0.1967438459,0.6371697187,-0.0590633581,0.0585431883,-0.9924631401,-0.0900062795,-1.0667426586,-0.0601407215,-0.1378225237,1.6404913664,-0.4661068618,0.0194689427,0.2554989755,-0.2486284971,-0.3455642760,1.2965945005,-0.5914389491,-0.0095730117,0.5006557107,0.0738815442,0.5199999809,-0.5180987716,0.3411045074,-0.4189384580,1.0002573729,-0.6145441532,-0.1756657064,0.0578074642,-0.5188034177,-0.0940908492,0.5829477310,1.3417409658,0.4593488276,-0.0301296785,-0.0275482088
3.1104211807,-0.1942307949,0.6603767276,-0.0376781551,0.0611651822,-0.9941997273,-0.0800379867,-1.0411119461,-0.0481184274,-0.1564604342,1.5232640505,-0.4115406275,0.0106795104,0.2293077111,-0.2250267416,-0.4088700116,1.2069875002,-0.5849318504,-0.0181563701,0.5344619155,0.0758697242,0.5199999809,-0.4967817962,0.4439947307,-0.3612103164,0.7990191579,-0.6031015515,-0.2164940387,0.0679303110,-0.5062908530,-0.1399930567,0.5812047124,1.3365863562,0.4022901356,-0.0165209547,0.0247600842
3.1190958023,-0.1923739314,0.6876714826,-0.0155668579,0.0604956536,-0.9957284549,-0.0679911241,-1.0083866119,-0.0369629338,-0.1577313840,1.3639268875,-0.3125396371,-0.0269925240,0.1818249226,-0.2084717453,-0.4684489369,1.1179708242,-0.5247400999,-0.0138636036,0.5404223800,0.0654554516,0.5199999809,-0.4472747147,0.5782265067,-0.2994372249,0.6135872006,-0.5430127978,-0.2297975272,0.0771450922,-0.4844077229,-0.1892505288,0.5750546455,1.3271824121,0.3550304174,-0.0082995147,0.0762765855
3.1303408146,-0.1908115447,0.7169604301,0.0097827094,0.0597419564,-0.9969634598,-0.0489801699,-0.9447150230,-0.0072432100,-0.1534646004,1.1072818041,-0.1319897026,-0.0749287680,0.1006165147,-0.1705524772,-0.5119423270,1.0131880045,-0.4094377160,0.0156054990,0.5160355568,0.0478967763,0.5199999809,-0.3955460489,0.7234135270,-0.2301560640,0.4977889359,-0.4468381107,-0.2476886511,0.1204666197,-0.4443562925,-0.2567722797,0.5625110865,1.3055118322,0.2938503325,-0.0157966316,0.0974456295
3.1403973103,-0.1910803169,0.7435557246,0.0286951635,0.0591126889,-0.9975237007,-0.0250747719,-0.8739677072,0.0331114680,-0.1277046800,0.8656163812,0.0205856021,-0.1236813515,0.0087138275,-0.1348286718,-0.5368064046,0.9399001598,-0.3199886680,0.0350532420,0.4664256871,0.0340752602,0.5199999809,-0.3436067998,0.8543381691,-0.1483536959,0.4393943548,-0.3727017343,-0.2659058571,0.1409470290,-0.3873741031,-0.3142601550,0.5297511220,1.2897804976,0.2719609141,-0.0326543674,0.1038935557
3.1527528763,-0.1912276298,0.7583088875,0.0351803796,0.0572486125,-0.9977293876,0.0045832699,-0.8365923166,0.0989196673,-0.0390141979,0.7227607369,0.0833206624,-0.1391767859,-0.0665581524,-0.1141756624,-0.5547435284,0.9100442529,-0.2928979099,0.0480643846,0.4071150422,0.0345141217,0.5199999809,-0.2989378572,0.9781753421,-0.0810790211,0.4011938572,-0.3244088292,-0.2635585368,0.1439108253,-0.3184113801,-0.3623752594,0.4828045666,1.2892435789,0.2733604312,-0.0359865129,0.1037522182
3.1656615734,-0.1931740493,0.7626453042,0.0356402542,0.0553600037,-0.9974382408,0.0279642266,-0.8153865337,0.1349585354,0.0151775666,0.7256723046,0.0456712395,-0.1330281645,-0.1222435832,-0.1035791263,-0.5613074899,0.8949608803,-0.2756380439,0.0544366613,0.3548400998,0.0361308791,0.5199999809,-0.2859835625,1.0743861198,-0.0436255708,0.3843315542,-0.2919409573,-0.2561025918,0.1395973861,-0.2461776435,-0.3960767388,0.4360953271,1.2935903072,0.3035837710,-0.0386550985,0.1085581928
3.1773667336,-0.1970486641,0.7666879296,0.0367294179,0.0509843083,-0.9964756409,0.0555684010,-0.8077030182,0.1800594777,0.0636688471,0.8570205569,-0.0601047315,-0.1042989492,-0.1970981807,-0.1028498784,-0.5408333540,0.9173471928,-0.2723104358,0.0654534996,0.2828941643,0.0284662377,0.5199999809,-0.2955047190,1.2071959972,-0.0221652668,0.3556042314,-0.2691397667,-0.2384578884,0.1153370291,-0.1613908857,-0.4515301287,0.3839208186,1.2858343124,0.3301969767,-0.0268940590,0.1318091899
3.1886785030,-0.2018755078,0.7672621608,0.0368924962,0.0471520351,-0.9950673610,0.0790985229,-0.7836159468,0.2155827582,0.0492164381,1.0704854727,-0.1537372619,-0.0736525282,-0.2920339406,-0.1039981321,-0.4948126376,0.9733963013,-0.2714589238,0.0708631873,0.1975892484,0.0087906756,0.5199999809,-0.3337880969,1.3472839594,-0.0215681251,0.3303679526,-0.2557852864,-0.2316357940,0.1070403606,-0.0992991924,-0.5139865875,0.3456659615,1.2618691921,0.3458997011,-0.0212842170,0.1458436549
3.1997635365,-0.2059826553,0.7632180452,0.0362891146,0.0423663967,-0.9931811709,0.1023686977,-0.7137376070,0.2392902970,0.0059423149,1.2096022367,-0.2541646063,-0.0510569699,-0.3759144843,-0.1211952865,-0.4614522159,1.0140794516,-0.2936848998,0.0623466410,0.0986676365,-0.0201513637,0.5199999809,-0.3881248236,1.4885913134,-0.0392337553,0.3261217177,-0.2607221305,-0.2308696210,0.0813081264,-0.0465152264,-0.5963376164,0.3253757358,1.2183029652,0.3304836154,-0.0232550576,0.1486760676
3.2103011608,-0.2098828852,0.7599380016,0.0284169155,0.0355645128,-0.9911720983,0.1245211466,-0.6234364510,0.2672641277,-0.0026722762,1.2135360241,-0.3713004291,-0.0319893397,-0.4153233469,-0.1620728523,-0.4515299797,1.0601216555,-0.3767463863,0.0459706597,0.0083806906,-0.0449089743,0.5199999809,-0.4316868782,1.5999752283,-0.0703397766,0.3378593922,-0.2710484862,-0.2353092283,0.0566737019,-0.0020964025,-0.6924338937,0.3231064081,1.1815314293,0.2987190485,-0.0207388476,0.1732963026
3.2202351093,-0.2149006873,0.7553458214,0.0180368167,0.0293611034,-0.9885626667,0.1468211596,-0.5678583384,0.2995041609,0.0152466521,1.2099303007,-0.4572360814,-0.0214473978,-0.4493454397,-0.2036794424,-0.4326223433,1.1365913153,-0.4110939801,0.0415390879,-0.0544732474,-0.0676480010,0.5199999809,-0.4587883353,1.6447033882,-0.0881467834,0.3311401010,-0.2662726343,-0.2352747768,0.0560009144,0.0240990222,-0.7500838637,0.3158912063,1.1671575308,0.2602489293,-0.0187329296,0.1752512902
3.2285046577,-0.2180660367,0.7529579997,0.0154603834,0.0226324484,-0.9856611670,0.1664956838,-0.5552074313,0.3187806010,0.0466007516,1.2025721073,-0.4983556569,-0.0165404789,-0.4921696484,-0.2558451891,-0.4091744423,1.2145961523,-0.4122391343,0.0376666188,-0.1125493720,-0.0761577487,0.5199999809,-0.4861728251,1.6209689379,-0.1230028346,0.3206279278,-0.2607398331,-0.2336476892,0.0797380283,0.0409047790,-0.7888419628,0.3196583986,1.1344953775,0.2379219681,-0.0182382278,0.1720120758
3.2353401184,-0.2213169038,0.7516803145,0.0104062503,0.0146523065,-0.9817111670,0.1895262633,-0.5620092154,0.3503156304,0.1075221673,1.1989229918,-0.4727552831,-0.0321081169,-0.5492143631,-0.3075736165,-0.3695931435,1.2963037491,-0.3584928215,0.0411855616,-0.1407731473,-0.0735537335,0.5199999809,-0.5245872140,1.5085464716,-0.1625334024,0.2857490480,-0.2080214769,-0.2281441540,0.1611944288,0.0867305771,-0.7910361290,0.2983618975,1.0921543837,0.2322840840,-0.0269687474,0.1477966607
3.2421638966,-0.2249628007,0.7522816658,0.0050953111,0.0048008297,-0.9786144064,0.2055841272,-0.5461267233,0.3699159920,0.1798235625,1.1554206610,-0.4372412860,-0.0560139753,-0.6063913703,-0.3660368323,-0.3284229934,1.3466802835,-0.3028847277,0.0387254097,-0.1530589759,-0.0679827631,0.5199999809,-0.5258330107,1.3220934868,-0.1949472725,0.2698574066,-0.1597040445,-0.2209031433,0.2513265610,0.1335879117,-0.7459344864,0.2698641419,1.0279659033,0.2490983009,-0.0450362824,0.1003473252
3.2482292652,-0.2287721187,0.7525061369,0.0025282299,-0.0023967628,-0.9769038472,0.2136509698,-0.5024616122,0.3913210928,0.2621539235,1.0989613533,-0.4171814322,-0.0739144459,-0.6541900039,-0.3833261430,-0.2827472389,1.2897074223,-0.2593697906,0.0560324714,-0.1808438599,-0.0513723455,0.5199999809,-0.4968802333,1.0882272720,-0.2248636484,0.3259598017,-0.1682765037,-0.2228481472,0.2844723463,0.1371981055,-0.6826954484,0.2560336292,0.9491237402,0.2924655974,-0.0732499734,0.0341177881
3.2501106262,-0.2359868735,0.7503430843,0.0020633259,-0.0101525402,-0.9774599743,0.2108664677,-0.4326077998,0.3972938955,0.3382470310,1.0579181910,-0.4162509143,-0.0849983916,-0.6807781458,-0.3634298742,-0.2315173596,1.1187334061,-0.1718606800,0.1006229892,-0.2287897617,-0.0378523245,0.5199999809,-0.4775616229,0.8495609164,-0.2599240839,0.4749732018,-0.2062978745,-0.2226327062,0.2483578026,0.0861993656,-0.6102613807,0.2627204359,0.8809520006,0.3407734036,-0.1096253619,-0.0332176127
3.2474436760,-0.2481542230,0.7436925173,0.0010830740,-0.0184231805,-0.9789883813,0.2030792030,-0.3617662489,0.3871801496,0.3925843239,1.0781475306,-0.4342132211,-0.1015974283,-0.6902239323,-0.3484060168,-0.1949435174,0.9542831779,-0.0922106951,0.1461484134,-0.2854437828,-0.0251643155,0.5199999809,-0.4967164695,0.6319132447,-0.3151717484,0.6826170683,-0.2589740157,-0.2222316712,0.2353377342,0.0068453602,-0.5460146070,0.2896321118,0.8471333981,0.4181697071,-0.1404547095,-0.0766458735
3.2434699535,-0.2602400482,0.7333785295,0.0023399887,-0.0218854766,-0.9799707361,0.1979214663,-0.3060143888,0.3896940649,0.4209426641,1.1167826653,-0.4771736860,-0.1049409956,-0.7104005218,-0.3295151591,-0.1602412611,0.8774896860,-0.0588068217,0.1741147190,-0.3370734751,-0.0173805244,0.5199999809,-0.5223782659,0.4959639311,-0.3719072044,0.8339002132,-0.2863710225,-0.1984671801,0.2091705948,-0.0623838566,-0.5084043145,0.3023029268,0.8265157938,0.4928749502,-0.1573908776,-0.0850992352
3.2397994995,-0.2727186680,0.7166814208,-0.0014355281,-0.0266847114,-0.9834991919,0.1789279323,-0.2204785049,0.3848554194,0.4418978691,1.1809123755,-0.5362071991,-0.1116340831,-0.7697337270,-0.3085368574,-0.1036838815,0.8929719329,-0.0871371552,0.1735835075,-0.3961670995,-0.0076252045,0.5199999809,-0.5851598978,0.3178358376,-0.4594914317,1.0794682503,-0.3177964389,-0.1453483701,0.1648464203,-0.1809014231,-0.4401189089,0.3405983746,0.8740938306,0.5772182345,-0.1470977515,-0.0991699398
3.2339963913,-0.2844847441,0.6988776922,-0.0016327947,-0.0263893042,-0.9874548800,0.1556720865,-0.1480824947,0.3930429816,0.4242698848,1.2508002520,-0.5982791185,-0.1045937911,-0.8671175241,-0.2510410845,-0.0113039128,1.0208424330,-0.1672971696,0.1550863981,-0.4571341872,0.0065242355,0.5199999809,-0.6284934878,0.1951774955,-0.5462419391,1.2315346003,-0.2756565213,-0.0745479837,0.1352557689,-0.2733876407,-0.3936052322,0.3558589220,0.8997436762,0.6340926290,-0.1375447959,-0.1116127670
3.2290160656,-0.2907510400,0.6786257625,-0.0079149483,-0.0237851180,-0.9892573368,0.1440192463,-0.0790900514,0.4147556126,0.4364245534,1.3378200531,-0.6132546067,-0.1053818315,-0.9405995607,-0.2095700800,0.0346539989,1.1854885817,-0.2588951290,0.1101496220,-0.5211116672,0.0230238941,0.5199999809,-0.6551197171,0.0984846801,-0.6044707298,1.3356274366,-0.2197785676,-0.0376037806,0.0879959241,-0.3412448764,-0.3607387543,0.3424481153,0.9244089127,0.7039538026,-0.1497512758,-0.0938828066
3.2234184742,-0.2974829972,0.6589538455,-0.0152831210,-0.0230748005,-0.9910091322,0.1309002659,-0.0350510627,0.4348406494,0.4217979908,1.4169080257,-0.6345093846,-0.0937293991,-0.9988415241,-0.1532495618,0.0786077082,1.3236055374,-0.3169793189,0.0822503269,-0.5740225315,0.0241333228,0.5199999809,-0.6492762566,0.0719859302,-0.6274147034,1.3733900785,-0.2032834291,-0.0195596721,0.0701664537,-0.3492961526,-0.3710773587,0.3054715395,0.8635678887,0.7848118544,-0.1806392819,-0.0651473254
3.2248082161,-0.3010458052,0.6492385268,-0.0210789870,-0.0213802605,-0.9924010592,0.1193260173,-0.0183049720,0.4545798898,0.4131028056,1.4691456556,-0.6547670960,-0.0807306841,-1.0226132870,-0.1052656174,0.1010937393,1.3699219227,-0.3443287313,0.0802578777,-0.6229664087,0.0147466268,0.5199999809,-0.6224746704,0.0962796584,-0.6158959866,1.3730378151,-0.1726636887,-0.0217531174,0.0360546820,-0.3039081097,-0.4332639277,0.2611936629,0.6751951575,0.8398245573,-0.2361503839,-0.0227159951
3.2287657261,-0.3042689562,0.6447767615,-0.0226618548,-0.0207801586,-0.9934301093,0.1102326779,-0.0166910663,0.4663425386,0.4198153615,1.4878778458,-0.6734243035,-0.0676895678,-1.0353745222,-0.0855342075,0.1133727059,1.3759994507,-0.3463308513,0.0742745250,-0.6414556503,0.0119528361,0.5199999809,-0.5878952146,0.1434071213,-0.5948346257,1.3437678814,-0.1656245738,-0.0333551876,0.0371193513,-0.2668674886,-0.4920203686,0.2333070934,0.5470191240,0.8399550915,-0.2554640770,-0.0197402090
3.2392196655,-0.3075244725,0.6527588367,-0.0246619400,-0.0212521389,-0.9944547580,0.0999993475,-0.0218928792,0.4595051110,0.4366203845,1.4666535854,-0.6749911904,-0.0637681261,-1.0095394850,-0.0872311965,0.1131374091,1.3059295416,-0.3099764884,0.0889131278,-0.6469229460,0.0029541538,0.5199999809,-0.5367546678,0.2402894646,-0.5590396523,1.2605773211,-0.1316362619,-0.0537919626,0.0437865481,-0.2339489311,-0.5997707248,0.2040226609,0.3741157353,0.7385894060,-0.2659529150,-0.0021385765
3.2532188892,-0.3104316294,0.6676096916,-0.0219347433,-0.0248825468,-0.9953864526,0.0900307495,-0.0184178315,0.4525653124,0.4849082828,1.4104288816,-0.6633266211,-0.0553621054,-0.9735497832,-0.1243312210,0.0959016234,1.1764461994,-0.2395491451,0.0988081843,-0.6264075637,-0.0013519905,0.5199999809,-0.4888382256,0.3415844142,-0.5036672950,1.1634614468,-0.1178923696,-0.0775165111,0.0840949714,-0.1974990219,-0.6901057959,0.1671163440,0.2673164010,0.6990655065,-0.2711538374,-0.0398642123
3.2690567970,-0.3108394444,0.6830891371,-0.0227641144,-0.0294003464,-0.9964082122,0.0760794943,0.0008280019,0.4284853041,0.5391932726,1.3233937025,-0.6436741948,-0.0468068048,-0.9101303220,-0.1703870744,0.0550693385,0.9755682945,-0.1260506064,0.1300692856,-0.5858399868,-0.0116228899,0.5199999809,-0.4412164986,0.4360033870,-0.4330712557,1.0562343597,-0.1401840597,-0.1180043519,0.1239156872,-0.1823706031,-0.7709923387,0.1248217151,0.2019896656,0.6237078309,-0.2781302631,-0.1045724973
3.2832331657,-0.3094543219,0.6991614699,-0.0262908520,-0.0314126828,-0.9972284222,0.0621088432,-0.0014115088,0.3990271091,0.5624470711,1.2304280996,-0.6069261432,-0.0573597811,-0.8074665070,-0.2083819211,-0.0138301086,0.6929755807,0.0429284871,0.1923154294,-0.5423316360,-0.0289895479,0.5199999809,-0.3912963271,0.5329697728,-0.3333985806,0.9260675907,-0.1767536551,-0.1607262194,0.1452455670,-0.1507380307,-0.8425796032,0.0597454272,0.1128605828,0.5190539956,-0.2818679214,-0.1473014951
3.2960939407,-0.3061159849,0.7154437304,-0.0323684919,-0.0306526382,-0.9978963017,0.0470708789,-0.0024362481,0.3652006388,0.5508610010,1.1351130009,-0.5374741554,-0.0889235288,-0.7093573213,-0.2435040176,-0.1312810332,0.4770326316,0.1590338200,0.2359755635,-0.4933812916,-0.0534068197,0.5199999809,-0.3618639112,0.6067421436,-0.2481164187,0.8313124776,-0.2481947392,-0.1911724359,0.1538432091,-0.1259941906,-0.9039806128,0.0117586460,0.0414903313,0.4050235748,-0.2648976147,-0.1845264733
3.3091578484,-0.3006785214,0.7310553789,-0.0338690085,-0.0293386049,-0.9984445895,0.0331743611,-0.0090278825,0.3524245918,0.5349613428,1.0850011110,-0.4929786921,-0.1089884788,-0.6514500380,-0.2613959312,-0.2315212041,0.4149115384,0.2071679235,0.2393791378,-0.4534399807,-0.0723072141,0.5199999809,-0.3546708226,0.6597961783,-0.1939781606,0.7741880417,-0.2856477201,-0.2083958536,0.1702733934,-0.1166339666,-0.9403904676,-0.0159288440,0.0265870430,0.3670668006,-0.2483870536,-0.1936340779
3.3215255737,-0.2925125062,0.7451354861,-0.0321896482,-0.0228458100,-0.9990921492,0.0160241367,-0.0205734931,0.3589678705,0.5003144741,1.0549634695,-0.4040684402,-0.1531601995,-0.5864930153,-0.2781221569,-0.3498595655,0.4546219110,0.1480328292,0.2039304227,-0.4090527296,-0.0927039087,0.5199999213,-0.3517807424,0.7308205962,-0.1235170662,0.6754877567,-0.3568449020,-0.2194412500,0.1644896567,-0.1076387763,-0.9951190352,-0.0613225587,-0.0139776077,0.3354347646,-0.2347347736,-0.1868259311
3.3336243629,-0.2855253816,0.7560309172,-0.0340229191,-0.0150662052,-0.9993002188,-0.0038109246,-0.0163607020,0.3840520382,0.4828356504,1.0243278742,-0.3519627750,-0.1764706224,-0.5349193811,-0.2958389223,-0.4184679985,0.5868807435,0.0643402562,0.1542816758,-0.3708192408,-0.1126462519,0.5108503103,-0.3725050986,0.8047935367,-0.0751206577,0.5850467086,-0.4092591107,-0.2282975763,0.1639628112,-0.1116509512,-1.0567668676,-0.0957119316,-0.0448785499,0.3286660612,-0.2198262662,-0.1820131540
3.3450767994,-0.2762380838,0.7630159259,-0.0371890542,-0.0045244525,-0.9989787049,-0.0252596654,-0.0138762128,0.4269447327,0.4664506316,0.9715429544,-0.3487101793,-0.1842324436,-0.4884333014,-0.3007107377,-0.4372967482,0.7914507389,-0.0607264526,0.1077935174,-0.3367737830,-0.1244728714,0.4968949258,-0.4035913944,0.8817563653,-0.0380601846,0.4906564057,-0.4671530724,-0.2353723198,0.1670910865,-0.1232893318,-1.1140763760,-0.1248459443,-0.0809566751,0.3335201442,-0.2047047615,-0.1710587442
3.3566501141,-0.2644633651,0.7666516304,-0.0385977174,0.0063258302,-0.9980251657,-0.0491525040,-0.0138318511,0.4725547433,0.4452643991,0.8905832767,-0.3260258734,-0.1789018214,-0.4449180663,-0.3072690368,-0.4130507410,1.0210272074,-0.1707813293,0.0647240281,-0.3024539351,-0.1327143461,0.4810275435,-0.4273519814,0.9595375657,-0.0016119014,0.3648968339,-0.5418359637,-0.2501204610,0.1804325879,-0.1348290890,-1.1622385979,-0.1518699974,-0.1329238415,0.3866058588,-0.1978089809,-0.1374599189
3.3663239479,-0.2528039515,0.7680569291,-0.0399108652,0.0138249532,-0.9960577171,-0.0780065231,0.0098877260,0.4904541671,0.4115639925,0.7838297486,-0.3293292522,-0.1752253473,-0.3700046837,-0.3136784434,-0.3749083877,1.1517399549,-0.2370994687,0.0545351803,-0.2588513494,-0.1439584941,0.4413914979,-0.4232382178,1.0191329718,0.0360429622,0.1874965429,-0.5975627899,-0.2826174796,0.1827203631,-0.1339149326,-1.2069263458,-0.1740887165,-0.1799992770,0.4307310879,-0.1979420930,-0.1067987680
3.3741309643,-0.2430347502,0.7660720944,-0.0450798760,0.0159344432,-0.9939366032,-0.0990147819,0.0428124256,0.5059778094,0.4076903462,0.7608997226,-0.3727935851,-0.1627269536,-0.2959581017,-0.3324739635,-0.3637313843,1.1815840006,-0.2705814242,0.0540472940,-0.2197919935,-0.1514772028,0.4028105140,-0.4256925583,1.0497101545,0.0607949384,0.0603230521,-0.6097143292,-0.3031313121,0.1851632148,-0.1379467845,-1.2423611879,-0.1791205555,-0.1990212351,0.4649758339,-0.1908747107,-0.0810932741
3.3821892738,-0.2336722016,0.7650836110,-0.0493483108,0.0177739658,-0.9909299845,-0.1237198293,0.0744144917,0.5216276646,0.3948345780,0.7439189553,-0.4266410470,-0.1447800994,-0.2387576997,-0.3396150172,-0.3323374391,1.1728274822,-0.3273940980,0.0546511449,-0.1756762713,-0.1553178132,0.3503625691,-0.4502474368,1.0830531120,0.0794457719,-0.1135252863,-0.6364465952,-0.3451306224,0.1907551140,-0.1622061133,-1.3009136915,-0.1791442484,-0.2162481546,0.4880825281,-0.1929695606,-0.0515960604
3.3889796734,-0.2228423953,0.7631627321,-0.0504527868,0.0194114351,-0.9875669960,-0.1476114524,0.0925920308,0.5422710776,0.3848873675,0.7434692383,-0.4322518706,-0.1336172968,-0.2094494551,-0.3418576121,-0.3526307642,1.1220688820,-0.4562448859,0.0230871439,-0.1285908669,-0.1419768333,0.3180526793,-0.4724895954,1.0843204260,0.0917428210,-0.2513329983,-0.6553725600,-0.3810995519,0.2518298924,-0.1990323216,-1.3193209171,-0.1684724838,-0.2470927685,0.5425353050,-0.2169556171,-0.0564106591
3.3967463970,-0.2129557431,0.7665975094,-0.0479556421,0.0213935835,-0.9833156206,-0.1741636051,0.1052403972,0.5716722012,0.3674147725,0.7471075654,-0.3456119299,-0.1345804483,-0.1945427209,-0.3166851997,-0.3906120062,1.0574874878,-0.5235378742,-0.0112548899,-0.0675270781,-0.1168802232,0.3119714260,-0.4707782865,1.0241218805,0.0878976062,-0.3601203561,-0.6705293655,-0.3978096843,0.2801275551,-0.2603250146,-1.2643393278,-0.1333260536,-0.2974445820,0.5904160142,-0.2423149198,-0.0862145275
3.4024140835,-0.2063624412,0.7745332122,-0.0411822206,0.0218480717,-0.9791010762,-0.1979590087,0.0863997340,0.5861582160,0.3271582425,0.7683306336,-0.2054128200,-0.1342566460,-0.1778793931,-0.2712684572,-0.4058868885,0.9549303651,-0.4889346659,-0.0217325781,-0.0229283068,-0.0936715379,0.3188414872,-0.4375874996,0.9313151240,0.0799723864,-0.4146376848,-0.6480796933,-0.3929405212,0.2853071392,-0.3301145434,-1.1557954550,-0.0637121424,-0.3700886071,0.5827453732,-0.2413965166,-0.1231346875
3.4093997478,-0.1986978054,0.7829314470,-0.0342103805,0.0172590168,-0.9761617886,-0.2136350595,0.0281259567,0.5851784945,0.3041709065,0.8499162793,-0.1040105000,-0.1175535917,-0.1632605493,-0.2328474373,-0.3976149559,0.8411937356,-0.4020153880,-0.0091681248,-0.0025567806,-0.0784759820,0.3336963654,-0.3951517642,0.8123775125,0.0429311618,-0.4063299596,-0.6873937845,-0.3647647798,0.2537761331,-0.4130392671,-1.0144087076,0.0387695767,-0.4054093361,0.5073844790,-0.1887512058,-0.1166058704
3.4144101143,-0.1942891628,0.7929465175,-0.0283172585,0.0111965624,-0.9754148990,-0.2182625592,-0.0465524979,0.5585887432,0.2819968462,0.9333580732,-0.1007446572,-0.0971243605,-0.1544289887,-0.2210435271,-0.3861591816,0.7687065005,-0.3375284970,0.0171162114,0.0023650862,-0.0647555068,0.3446315825,-0.3622971177,0.7215048075,-0.0014616426,-0.3488276601,-0.7156677246,-0.3340333998,0.2570047379,-0.4739971757,-0.9034821987,0.1374528706,-0.3856784105,0.4173547328,-0.1392505616,-0.1166739017
3.4192361832,-0.1925324798,0.7977841496,-0.0271053186,0.0022131805,-0.9776664445,-0.2083956018,-0.1618950069,0.4832794964,0.2590021789,1.0447449684,-0.1529134512,-0.0675117001,-0.1476418823,-0.2337253690,-0.3796747327,0.7398341894,-0.2474235445,0.0506988987,-0.0109155923,-0.0344140492,0.3702777624,-0.3549146354,0.6021972299,-0.0744537711,-0.1798966676,-0.7210510969,-0.2787414193,0.2304389775,-0.5360665917,-0.7679991126,0.2548157275,-0.2935797870,0.2809801102,-0.0626128763,-0.0662531182
3.4236743450,-0.1904041469,0.7991626859,-0.0278856398,-0.0014662557,-0.9810566221,-0.1916980578,-0.2681942582,0.4086814225,0.2550462782,1.0727623701,-0.1660191715,-0.0581128411,-0.1502077579,-0.2600309253,-0.3846915364,0.7720384002,-0.2422281653,0.0517779291,-0.0302424636,0.0144370487,0.4083550572,-0.3525402546,0.4844043255,-0.1397786140,0.0162485149,-0.7267292738,-0.2375523597,0.2011008859,-0.6359810233,-0.6872794628,0.3943625689,-0.0943720862,0.0937195644,0.0003750061,0.0101058353
3.4261202812,-0.1884178966,0.7961009741,-0.0332946135,-0.0007508368,-0.9848177760,-0.1703668190,-0.3323721290,0.3614022732,0.2821179330,1.0163196325,-0.1711893082,-0.0626783296,-0.1207143292,-0.2950813770,-0.4072852731,0.8118679523,-0.2820144594,0.0433852598,-0.0366858989,0.0787569731,0.4557106197,-0.3136795461,0.3972325921,-0.2001201212,0.1632346362,-0.6761629581,-0.1865569055,0.1549399942,-0.6813976169,-0.6127637625,0.4967983961,0.1590371579,0.0004402489,0.0340927094,0.0374205932
3.4275276661,-0.1876561642,0.7930757999,-0.0386144567,0.0001414947,-0.9883457712,-0.1472465290,-0.3822309077,0.3195854425,0.3083765507,0.8959152102,-0.1416539550,-0.0881695300,-0.0652462617,-0.3306913376,-0.4443540275,0.8310822248,-0.3498775065,0.0336651988,-0.0309151970,0.1515825987,0.4863245785,-0.2320652157,0.3457665145,-0.2662219107,0.2533073425,-0.5813156366,-0.1447794437,0.0933625028,-0.6646980643,-0.5574584603,0.5528898239,0.3908972740,-0.0096706999,0.0463279821,0.0535044074
3.4255399704,-0.1849040985,0.7840389013,-0.0443342360,-0.0002608398,-0.9907863024,-0.1279723033,-0.4446628690,0.2916637361,0.3225804567,0.8038949370,-0.1009276435,-0.0975326449,-0.0050083846,-0.3627638519,-0.4786235392,0.8358363509,-0.4727943540,0.0052655758,0.0060926978,0.2268301696,0.5019191504,-0.1172048748,0.3263989389,-0.3182030618,0.2732648253,-0.5103582740,-0.1221826822,0.0765947700,-0.6323126554,-0.5231896043,0.5360184908,0.6483877301,0.0776603445,0.0448388383,-0.0006201707
3.4206891060,-0.1830134690,0.7729653716,-0.0513146271,0.0009433134,-0.9924615853,-0.1112920519,-0.4885960817,0.2742621601,0.3251621723,0.7340116501,-0.0669345334,-0.0996654406,0.0433290079,-0.3695022166,-0.4956094325,0.8338609338,-0.5506877303,-0.0119884564,0.0443987176,0.2784028649,0.5120937824,-0.0053604427,0.3250721395,-0.3176929057,0.2581868768,-0.4857671559,-0.1198599786,0.0493716709,-0.5885537863,-0.5419595838,0.4594881237,0.8022305369,0.1556590348,0.0237334725,-0.0363499075
3.4088933468,-0.1800452769,0.7607966065,-0.0581383850,0.0020604343,-0.9944246937,-0.0879500502,-0.5588424802,0.2635897994,0.3357311785,0.6915932298,-0.0587281846,-0.1115109771,0.1173899621,-0.3771622181,-0.5273370147,0.8258225918,-0.6625261307,-0.0274357814,0.1043244526,0.3500357568,0.5199999809,0.1568860263,0.3493447602,-0.2749691010,0.2339386195,-0.5329064727,-0.1317622662,0.0690321028,-0.5307222605,-0.5928805470,0.2726184428,1.0493495464,0.3986901641,-0.0317352489,-0.1867394298
3.3936481476,-0.1759312749,0.7481824160,-0.0616314738,0.0003285224,-0.9959878783,-0.0648814282,-0.6065242887,0.2301126570,0.3419787288,0.6053214073,-0.0798133612,-0.1174652129,0.1827547252,-0.3801168799,-0.5473473668,0.8277456760,-0.7271522880,-0.0201469641,0.1707863808,0.4082538784,0.5199999809,0.2901342809,0.3986199200,-0.2082063258,0.2432103306,-0.5798766613,-0.1435313523,0.0841110870,-0.4793767333,-0.6893845797,0.0821384266,1.1926083565,0.5750473142,-0.0757769272,-0.2829365432
3.3760728836,-0.1715922058,0.7371788621,-0.0607326563,0.0008075412,-0.9967125236,-0.0536193783,-0.6583595872,0.2243387252,0.3517752886,0.5682027936,-0.1025930941,-0.0922478139,0.2253329754,-0.3564151824,-0.5301966071,0.8376219273,-0.7573757172,-0.0141623896,0.2264023572,0.4456057549,0.5199999809,0.4466131926,0.4545008838,-0.1090419888,0.2825823724,-0.6568628550,-0.1490341574,0.0905220285,-0.4034328461,-0.7748018503,-0.0877310187,1.2147719860,0.6993189454,-0.1230182275,-0.3511720598
3.3624119759,-0.1668121070,0.7290293574,-0.0530041757,0.0027975564,-0.9975881024,-0.0447292851,-0.7057093978,0.2360129207,0.3618268073,0.6149805784,-0.1170734465,-0.0534935929,0.2558611035,-0.3295387626,-0.5290350318,0.8237978816,-0.7311589718,-0.0039341715,0.2683227062,0.4526795745,0.5199999809,0.5468457341,0.5157062411,-0.0002934470,0.3021817207,-0.6835471392,-0.1542233378,0.0572682768,-0.3111068308,-0.8195661306,-0.2065911591,1.1355487108,0.7752774954,-0.1694394052,-0.3611835241
3.3496406078,-0.1617888659,0.7310934663,-0.0460881664,0.0074880188,-0.9982598394,-0.0360153242,-0.7181776166,0.2603733540,0.3722674847,0.6500467658,-0.0973539725,-0.0236266349,0.2976537347,-0.2896376252,-0.5334249139,0.7583869696,-0.6420897245,0.0179813281,0.2948674560,0.4301169217,0.5199999809,0.6182501316,0.5830242634,0.0955763534,0.2605364323,-0.7046623826,-0.1758764237,0.0504761636,-0.2083861083,-0.8080267310,-0.2880697846,0.9423813820,0.8191573024,-0.2196489573,-0.3654611111
3.3338227272,-0.1598264426,0.7352719903,-0.0386816150,0.0096940519,-0.9987472251,-0.0302281043,-0.7157665491,0.2765952945,0.3812936842,0.6768274307,-0.0840701461,-0.0157246385,0.3234284818,-0.2593750954,-0.5311260223,0.6892985106,-0.5455992818,0.0436709598,0.3021867871,0.3884520531,0.5199999809,0.6510624290,0.6331429482,0.1681986153,0.1517167985,-0.7104139924,-0.1993675977,0.0679151714,-0.1184766442,-0.7639319301,-0.3287519515,0.7453303337,0.7833953500,-0.2497401685,-0.3761229515
3.3184075356,-0.1555629373,0.7464337945,-0.0323811251,0.0145683756,-0.9991809821,-0.0194059296,-0.6901077628,0.3079297841,0.3966332972,0.7097973228,-0.0485733449,-0.0098678321,0.3437556922,-0.2192402631,-0.5187078714,0.6114092469,-0.3964325190,0.0815951526,0.2858196795,0.3181463480,0.5199999809,0.6611038446,0.6752567887,0.2477130890,-0.0042333505,-0.6911804676,-0.2291943431,0.1051521897,-0.0077773533,-0.7314787507,-0.3352165818,0.4491804838,0.6017811298,-0.2393538356,-0.3731266558
3.3010246754,-0.1531558484,0.7563092113,-0.0257595896,0.0187451584,-0.9994470138,-0.0095251838,-0.6451758146,0.3420443833,0.4399306476,0.7125337720,-0.0224443842,-0.0143913394,0.3609267771,-0.1789276749,-0.4868513346,0.5568484068,-0.2517384887,0.1340986192,0.2517452836,0.2389464974,0.5199999809,0.6282899380,0.7020414472,0.2917922139,-0.1458906978,-0.6433597803,-0.2533374429,0.1384606212,0.0807181299,-0.7099319100,-0.3175026774,0.2277432680,0.4806796014,-0.2006067485,-0.3289803267
3.2860989571,-0.1521070898,0.7645856738,-0.0244248551,0.0210295771,-0.9994803264,-0.0005103912,-0.6024204493,0.3695265055,0.4757814705,0.7417569160,-0.0186484978,-0.0180907603,0.3788496256,-0.1574459076,-0.4598081112,0.5514653921,-0.1124539822,0.1658347100,0.2115615308,0.1671329290,0.5127936006,0.5493521690,0.7088207603,0.2810768187,-0.2280818969,-0.5996444225,-0.2547537386,0.1424080729,0.1393764913,-0.6956631541,-0.2732241452,0.0772954002,0.3938694000,-0.1808410585,-0.2725574374
3.2753560543,-0.1521350890,0.7711310983,-0.0301502502,0.0245407973,-0.9992366024,0.0038631759,-0.5688165426,0.3905745149,0.4965223372,0.7649083138,-0.0273248628,-0.0168721098,0.3802845180,-0.1516848952,-0.4324669242,0.6070202589,-0.0505644530,0.1672232896,0.1755846739,0.1110698283,0.5088456273,0.4387826025,0.6926565766,0.2085692137,-0.2505325675,-0.5650354624,-0.2435826063,0.1457700878,0.1453277469,-0.6753252149,-0.1882265210,-0.0094903931,0.3679821491,-0.1648364514,-0.2198046297
3.2654271126,-0.1555487514,0.7739086151,-0.0401113895,0.0297545571,-0.9987434873,0.0041460060,-0.5289187431,0.4226360917,0.5251645446,0.7936164737,-0.0602156073,-0.0158703309,0.3610720336,-0.1586114466,-0.4099481106,0.6898076534,-0.0773136243,0.1509394944,0.1352114975,0.0734529942,0.5058819056,0.3137654662,0.6457441449,0.1013239995,-0.2247414291,-0.5484361053,-0.2296203822,0.1257133484,0.1056997254,-0.6524621248,-0.0825801864,-0.0427137688,0.3645194471,-0.1587869823,-0.1612204611
3.2608389854,-0.1567817777,0.7765169740,-0.0492870925,0.0326922353,-0.9982450124,0.0029825438,-0.5008821487,0.4469178021,0.5384529233,0.8220615983,-0.0995007902,0.0008588692,0.3285252750,-0.1905136555,-0.4104279876,0.7960596085,-0.1306753755,0.1183109730,0.0934603810,0.0508719459,0.5050181746,0.1916428655,0.5938146114,-0.0010308366,-0.1705169380,-0.5538994670,-0.2030536383,0.1144383103,0.0503147431,-0.6286939979,0.0049501332,-0.0488492958,0.3614349067,-0.1413400918,-0.1285987198
3.2525739670,-0.1599961817,0.7760326266,-0.0623881394,0.0363081350,-0.9973877452,0.0026693108,-0.4625775218,0.4611709118,0.5363863111,0.8515194058,-0.1619092822,0.0083342856,0.2536595762,-0.2328472435,-0.4069243968,0.9247013330,-0.2358486950,0.0718153641,0.0406293124,0.0318272673,0.5033776164,0.0414943844,0.5072113872,-0.1208312884,-0.0687663481,-0.5620431900,-0.1913420856,0.0737942159,-0.0331614502,-0.5777903199,0.1134882867,-0.0476519801,0.3135521114,-0.1391772479,-0.0861125737
3.2466521263,-0.1634512544,0.7764576674,-0.0719253364,0.0385063114,-0.9966650845,-0.0016490197,-0.4380319118,0.4631544352,0.5184584260,0.8771201372,-0.2251931280,0.0208116323,0.1232626215,-0.2901043296,-0.4031271636,1.0711940527,-0.3519759476,0.0177793335,-0.0197207667,0.0145307491,0.5038204193,-0.0976658687,0.4178520143,-0.2324872166,0.0696540624,-0.6063311696,-0.1727421135,0.0367832854,-0.1150417626,-0.5215802789,0.2176353633,-0.0551068410,0.2717142403,-0.1278304160,-0.0277057216
3.2414197922,-0.1661495268,0.7744560838,-0.0818751587,0.0382696569,-0.9958634172,-0.0093779543,-0.4138324559,0.4684006572,0.5026746392,0.9092357159,-0.2763343155,0.0309115183,-0.0436300822,-0.3246438205,-0.3715370893,1.1720236540,-0.4531764686,-0.0225061867,-0.0741763189,-0.0022302810,0.5066736937,-0.2117274255,0.3393979967,-0.2776206136,0.1627161205,-0.6976515055,-0.1668664068,0.0251155514,-0.1865517199,-0.4742224216,0.2856772244,-0.0825857595,0.2811586857,-0.1137418747,0.0210076831
3.2342751026,-0.1665118635,0.7713230252,-0.0872788716,0.0361004802,-0.9953862893,-0.0168904977,-0.4070356190,0.4651762843,0.4702259898,0.9505720735,-0.3374654651,0.0259270109,-0.1971092969,-0.3191795945,-0.3287098408,1.1551750898,-0.4969467223,-0.0218852218,-0.1268635541,-0.0140146520,0.5067499280,-0.3177890778,0.2964594960,-0.2930401266,0.2417267263,-0.7477046847,-0.1843468100,0.0493459702,-0.2450339049,-0.4443411827,0.3389866650,-0.1259363443,0.3823305964,-0.1227025017,0.0236625429
3.2291862965,-0.1671751440,0.7683518529,-0.0961122673,0.0328546990,-0.9944553488,-0.0272316023,-0.4006722569,0.4643388689,0.4307880998,0.9961066246,-0.3799875081,0.0174693186,-0.3067043126,-0.3043919504,-0.2824997306,1.0653246641,-0.4774826467,-0.0083769849,-0.1754391491,-0.0243542753,0.5048381090,-0.4239392579,0.2733131349,-0.2947055697,0.2908761501,-0.8222395778,-0.2016232461,0.0731523484,-0.3099894524,-0.4438501596,0.3786877394,-0.1711572260,0.4429380596,-0.1231399402,0.0369351394
3.2223227024,-0.1646914631,0.7673503160,-0.1035144871,0.0306791129,-0.9937396839,-0.0287225289,-0.3814092875,0.4528869689,0.3996465504,1.0154037476,-0.4014520645,0.0058906446,-0.3392342627,-0.2834267020,-0.2433421612,0.9799097776,-0.4401028752,0.0157374255,-0.2118593305,-0.0294164605,0.5023986697,-0.5133273005,0.2673855424,-0.2892500460,0.3332759738,-0.8818576336,-0.2160719782,0.0877038985,-0.3545302749,-0.4574665427,0.4074001610,-0.1950660199,0.4678831697,-0.1234344393,0.0295485519
3.2175247669,-0.1627643853,0.7675469518,-0.1118860574,0.0261945210,-0.9928017539,-0.0337644005,-0.3527991176,0.4404719174,0.3610587716,1.0184056759,-0.4160078764,-0.0006768900,-0.3474115729,-0.2626070678,-0.1897957325,0.8774015307,-0.3810740411,0.0416612439,-0.2417176366,-0.0317338929,0.4957713783,-0.6300352812,0.2750185728,-0.2895890772,0.3484986126,-0.9274484515,-0.2371310145,0.1186737493,-0.4205518067,-0.4841095805,0.4219640195,-0.2308923602,0.5122466683,-0.1250604242,0.0187082216
3.2128448486,-0.1582834423,0.7724133730,-0.1155981701,0.0238160823,-0.9924513542,-0.0333191673,-0.3121145070,0.4262569845,0.3321804702,0.9728259444,-0.4096671641,-0.0205223374,-0.3285894096,-0.2439652234,-0.1424904913,0.8109833598,-0.3577958345,0.0594779253,-0.2612942755,-0.0296893567,0.4666233957,-0.7233844995,0.2913768589,-0.3023165464,0.3409262598,-0.9488254189,-0.2530045509,0.1489909887,-0.4774585664,-0.5316345692,0.4345908165,-0.2572554648,0.5240652561,-0.1173464209,0.0051353322
3.2021286488,-0.1555802971,0.7791740894,-0.1126731236,0.0249912212,-0.9930266516,-0.0240473537,-0.2823591530,0.4328533709,0.3230341673,0.9307886362,-0.3864745200,-0.0448154770,-0.2811762094,-0.2426848263,-0.1512106359,0.7529605627,-0.3557383418,0.0653679818,-0.2770830691,-0.0151396040,0.4344784915,-0.8032861948,0.3144805431,-0.3044935167,0.2721122801,-0.9434885979,-0.2718549371,0.1644386351,-0.5267129540,-0.5931152701,0.4207960367,-0.2787996829,0.5446866751,-0.1261942983,-0.0231477357
3.1954832077,-0.1521547586,0.7866736650,-0.1066892393,0.0282017148,-0.9938145490,-0.0124383124,-0.2663926482,0.4502365887,0.3289346397,0.8878242970,-0.3589341640,-0.0646632165,-0.2254099846,-0.2456881106,-0.1899212003,0.7007720470,-0.3601081371,0.0618896745,-0.2720434070,0.0023866021,0.4139753580,-0.8363099694,0.3175866008,-0.2915303409,0.1477256268,-0.9764706492,-0.3041166365,0.1821993440,-0.5748153329,-0.6522156000,0.3924234807,-0.2659312189,0.5392040610,-0.1442731470,-0.0870458335
3.1841933727,-0.1504522860,0.7960067391,-0.1009439007,0.0298182946,-0.9944443706,-0.0012617456,-0.2436379343,0.4630203247,0.3482415378,0.8304963112,-0.3251312375,-0.0828650445,-0.1576642096,-0.2502487004,-0.2464367151,0.6269078255,-0.3437933326,0.0624674559,-0.2408674955,0.0252465010,0.4031456411,-0.8160262108,0.3175530732,-0.2592056692,0.0244656857,-1.0158541203,-0.3077630401,0.1391089708,-0.6280499697,-0.7077434063,0.3341640234,-0.1713583469,0.4876345694,-0.1640838981,-0.2061669827
3.1757814884,-0.1472870708,0.8048931956,-0.0961471856,0.0314782108,-0.9948534819,0.0056027280,-0.2194150984,0.4728562534,0.3680239618,0.7851226330,-0.2970722318,-0.1020402387,-0.1017008945,-0.2370830476,-0.2744717896,0.5483695865,-0.3164921403,0.0684776530,-0.2039989233,0.0396869257,0.3778343201,-0.7437456250,0.3159972727,-0.2428462803,-0.0006860889,-1.0129723549,-0.3201158643,0.1332579553,-0.6712384820,-0.7386285067,0.3140806258,-0.0342376567,0.4403270185,-0.1608385444,-0.2723442018
3.1663327217,-0.1472847611,0.8129067421,-0.0888075221,0.0323775332,-0.9954752192,0.0096957356,-0.1665527523,0.4902477562,0.4286818504,0.7255369425,-0.2628906369,-0.1018911228,-0.0415316187,-0.2173074484,-0.2972126901,0.4311163723,-0.2631482184,0.0781351700,-0.1610606015,0.0499656163,0.3377826512,-0.5903280973,0.3110972643,-0.2223828435,0.0183445476,-1.0342187881,-0.3296836615,0.1755383760,-0.7577351928,-0.7432372570,0.3161146939,0.2712978721,0.3261182010,-0.1318795383,-0.3751119077
3.1560957432,-0.1467179656,0.8195443749,-0.0855020960,0.0330413694,-0.9956703838,0.0154319891,-0.1061283275,0.4849727452,0.4586872160,0.6594484448,-0.2345822006,-0.1063387245,0.0087219933,-0.2036298066,-0.3240629733,0.3378732204,-0.2196300626,0.0887907371,-0.1171606854,0.0461198203,0.2885251641,-0.4011301696,0.3328363001,-0.2116667181,0.1674960852,-0.9274699688,-0.2845362425,0.2021494508,-0.8561902642,-0.7339831591,0.3458431065,0.5869336724,0.2435530871,-0.0702392608,-0.4216144979
3.1449947357,-0.1463850141,0.8247526288,-0.0865102571,0.0339241778,-0.9955340166,0.0166477414,-0.0520080589,0.4603842199,0.4366928041,0.6027032733,-0.2233750820,-0.1158336699,0.0536680296,-0.1937896758,-0.3499171138,0.2828740776,-0.2029056251,0.0851163864,-0.0738841072,0.0387016647,0.2617897987,-0.2180279493,0.3791833222,-0.1936886907,0.2926772833,-0.7442784905,-0.2040285021,0.1458776593,-0.9608850479,-0.7182306647,0.3887378871,0.8281534314,0.1693127155,-0.0147011708,-0.4498656392
3.1353497505,-0.1476388872,0.8284866214,-0.0872045407,0.0311690205,-0.9955236588,0.0188813401,-0.0054723439,0.4334564805,0.4238407612,0.5589866638,-0.2345084250,-0.1059552431,0.0837405100,-0.2000806332,-0.3559265435,0.2592689097,-0.1877093315,0.0847655460,-0.0376182832,0.0145712802,0.2506649494,-0.0888012052,0.4240167737,-0.1800576895,0.3788355887,-0.6266199946,-0.1571484506,0.0813682899,-1.0507076979,-0.7272357941,0.4463075697,0.9609482884,0.1024086401,0.0210867357,-0.4193749428
3.1267013550,-0.1479892433,0.8331005573,-0.0852717477,0.0254764581,-0.9958303774,0.0200384263,0.0227271225,0.3985072374,0.3995038867,0.5165700912,-0.2280582935,-0.1119351089,0.1047270820,-0.2128835320,-0.3465418816,0.2457764596,-0.1687878817,0.0938362554,-0.0029513561,-0.0162357241,0.2416096330,0.0233684219,0.4761430621,-0.1611692011,0.3875497580,-0.6421542764,-0.1441089809,-0.0093109496,-1.1109547615,-0.7827913165,0.5343996286,1.0099076033,0.0181951858,0.0393738374,-0.3125144839
3.1205818653,-0.1494765133,0.8364707232,-0.0823137095,0.0191861709,-0.9962300727,0.0195444712,0.0436353199,0.3558699787,0.3770196140,0.4649698436,-0.2263199538,-0.1114640757,0.1090636700,-0.2286017686,-0.3302830160,0.2491890043,-0.1445513219,0.1047367975,0.0115783196,-0.0395485200,0.2355306000,0.1089308038,0.5148689747,-0.1312455982,0.3682347834,-0.6526216269,-0.1387660503,-0.0887513682,-1.1260495186,-0.8361561894,0.6067642570,0.9932754636,-0.0366587192,0.0374653451,-0.2059073895
3.1165595055,-0.1496725827,0.8401687741,-0.0748322851,0.0111996674,-0.9968917654,0.0219432159,0.0574390478,0.3052294850,0.3448573947,0.3885479569,-0.1922979355,-0.1236199960,0.1035579368,-0.2458608598,-0.3077850044,0.2463847250,-0.1000086814,0.1280504614,0.0205822159,-0.0737982318,0.2169446647,0.1922280788,0.5655601025,-0.0998136327,0.3150939941,-0.6677321196,-0.1402812898,-0.1944353729,-1.0977958441,-0.9399849176,0.7116646171,0.9030172229,-0.0581695475,0.0177039169,0.0043992409
3.1155138016,-0.1490163505,0.8423975110,-0.0637608770,0.0007899570,-0.9977591690,0.0202624575,0.0558608696,0.2612992823,0.3279705048,0.3273033202,-0.1353985220,-0.1371072531,0.0804064721,-0.2676095068,-0.2791072130,0.2608528435,-0.0447798073,0.1542140841,0.0268951170,-0.1131019145,0.1852964014,0.2485922277,0.6026557684,-0.0707792789,0.2999636829,-0.6396069527,-0.1315502822,-0.2782795727,-0.9825467467,-1.0720041990,0.8251520395,0.7084080577,0.0458607376,-0.0094983187,0.2664120495
3.1160683632,-0.1484772563,0.8458491564,-0.0552644878,-0.0107726790,-0.9982079263,0.0202662703,0.0600700863,0.2122530490,0.2918125093,0.2604074180,-0.0858843550,-0.1466270685,0.0596044324,-0.3036766946,-0.2706561983,0.2841909826,-0.0139015531,0.1660627574,0.0459294729,-0.1559287608,0.1561269313,0.2620772719,0.6647542119,-0.0697157308,0.3109674156,-0.5103844404,-0.1447027177,-0.2583260238,-0.8720348477,-1.1866588593,0.9734491110,0.5749279857,0.0680890158,-0.0370944738,0.4699117243
3.1166596413,-0.1460248679,0.8477673531,-0.0506019383,-0.0251996003,-0.9981141970,0.0239264227,0.0619658120,0.1571184546,0.2294035256,0.2046660334,-0.0408425294,-0.1505842954,0.0460656285,-0.3600532115,-0.2904833853,0.3196485639,-0.0024571621,0.1612928957,0.0647698045,-0.1978156269,0.1443738490,0.2303251028,0.7044674158,-0.0718979836,0.3343381286,-0.3730903566,-0.1645445377,-0.1982843727,-0.7669860125,-1.2486299276,1.0868787766,0.5079912543,0.0485345013,-0.0691089928,0.5419081450
3.1181063652,-0.1443442404,0.8465920687,-0.0466834938,-0.0342742501,-0.9979990079,0.0253753307,0.0572278164,0.1208696887,0.1564007699,0.1730606109,-0.0135294143,-0.1473500580,0.0374761783,-0.3938580751,-0.3101055026,0.3410731256,0.0107741812,0.1603936255,0.0691523924,-0.2203261405,0.1350520253,0.1818670183,0.6784657240,-0.0596987121,0.3524939716,-0.3196102381,-0.1787983328,-0.1366603374,-0.6596953273,-1.2568925619,1.1206265688,0.4751093090,0.0227586851,-0.0825063586,0.5607518554
3.1206467152,-0.1400667131,0.8479746580,-0.0442348117,-0.0390761378,-0.9977453219,0.0319469790,0.0419046022,0.1053587198,0.1024085581,0.1679297239,0.0057235672,-0.1495275199,0.0423831828,-0.4144665301,-0.3450125158,0.3428247273,0.0145371472,0.1584827155,0.0706119686,-0.2342410982,0.1359299570,0.1293616593,0.6463856697,-0.0496690571,0.3501981497,-0.3037835360,-0.1856835335,-0.0995650813,-0.5564177632,-1.2365611792,1.1085865498,0.4713964164,0.0056521515,-0.0840761736,0.5716094971
3.1252040863,-0.1364473999,0.8483879566,-0.0417157591,-0.0417080664,-0.9974022345,0.0413402387,0.0184986927,0.1023814678,0.0530367158,0.1805097908,0.0207877140,-0.1501395404,0.0462176390,-0.4187317193,-0.3834724724,0.3351521790,0.0258673169,0.1445875317,0.0909448192,-0.2593502998,0.1560047418,0.0494620837,0.6042866707,-0.0475752801,0.3272714317,-0.3454135060,-0.2070254683,-0.0581965409,-0.4027734697,-1.1347154379,1.0242724419,0.5423131585,-0.0375453345,-0.0737557337,0.5377788544
3.1292321682,-0.1318463236,0.8483674526,-0.0390639276,-0.0382775039,-0.9972494464,0.0500238325,-0.0121878767,0.1158420146,0.0110337278,0.2060851753,0.0202578809,-0.1509733796,0.0495889261,-0.3968067169,-0.4011988640,0.3130979240,0.0448380522,0.1463874280,0.1308650225,-0.2774851322,0.1834073365,-0.0358808599,0.5478721261,-0.0625405461,0.2755646408,-0.4507359266,-0.2414134145,0.0083881970,-0.2568777204,-0.9811342955,0.8895367980,0.6513589621,-0.0861863568,-0.0486019067,0.4762203991
3.1349465847,-0.1290659606,0.8485561013,-0.0367197107,-0.0280714807,-0.9973169250,0.0567680017,-0.0437310115,0.1584727913,0.0094052246,0.2361957431,0.0162209813,-0.1472178102,0.0540160835,-0.3578138947,-0.4132172465,0.2845266163,0.0534457229,0.1536002904,0.1477239579,-0.2632386386,0.1962095350,-0.1063685864,0.4628998339,-0.0689054206,0.2189643085,-0.6191300750,-0.2990202904,0.1398784965,-0.1748131961,-0.8435342908,0.8104215860,0.7428824902,-0.0983287841,-0.0215207301,0.3855686784
3.1397979259,-0.1268014163,0.8492443562,-0.0335661216,-0.0148203385,-0.9975987254,0.0587405834,-0.0760973096,0.2016719580,0.0012107961,0.2701028883,0.0181985088,-0.1496991664,0.0551339127,-0.3129221201,-0.4220010936,0.2417370677,0.0809494853,0.1525131464,0.1535198390,-0.2286472917,0.2114666551,-0.1616819352,0.3887945116,-0.0624516979,0.1413972825,-0.8236600757,-0.3400233984,0.2051940709,-0.1062226966,-0.7168024778,0.7070761323,0.7917715311,-0.0541900285,0.0092840157,0.3191200793
3.1444799900,-0.1290232837,0.8468062282,-0.0336712975,-0.0032504981,-0.9978256325,0.0565657584,-0.0832291096,0.2294260561,-0.0243829358,0.2958241701,0.0022504502,-0.1580932140,0.0542246141,-0.2731669843,-0.3940660059,0.2118135989,0.1035117283,0.1668234468,0.1394966096,-0.1776519418,0.2137253135,-0.1848728657,0.3357554078,-0.0387898609,0.0630851686,-0.9279446006,-0.3496556282,0.2123205811,-0.0550268143,-0.6167710423,0.5957950354,0.7888212204,0.0046676723,0.0281869080,0.2542943358
3.1501119137,-0.1325681508,0.8440937400,-0.0314853226,0.0046307081,-0.9981562415,0.0516850907,-0.0799767002,0.2561197579,-0.0227599591,0.3120556176,-0.0026718278,-0.1658995152,0.0368085690,-0.2488737702,-0.3591182232,0.2002493441,0.1183370575,0.1765001863,0.1272057593,-0.1448731571,0.2082605213,-0.1958337873,0.3246299326,-0.0270796306,0.0244896933,-0.9625396729,-0.3501618207,0.2360422760,-0.0252219047,-0.5619492531,0.5133742690,0.7601010799,0.0631425679,0.0322901234,0.1847285479
3.1569070816,-0.1368545890,0.8429700136,-0.0328088184,0.0135081878,-0.9984668034,0.0424870892,-0.0641286895,0.2829177380,-0.0289632492,0.3456233740,-0.0259262919,-0.1766579449,0.0129015446,-0.2291896343,-0.3225885332,0.2123761177,0.1297574192,0.1958173662,0.0993349403,-0.0962531120,0.1988216043,-0.1904899478,0.3230283260,0.0147699714,-0.0250582732,-0.9770383835,-0.3403783441,0.2277494371,-0.0082325563,-0.4916772246,0.4110608101,0.7006002069,0.1295807213,0.0373595543,0.1474812627
3.1624259949,-0.1436299980,0.8366147280,-0.0347041527,0.0218362921,-0.9986546697,0.0317434857,-0.0557614639,0.3042876720,-0.0362245627,0.3928004801,-0.0703310296,-0.1707125157,-0.0290850233,-0.2225043029,-0.2852944732,0.2542571723,0.1027245149,0.1955280900,0.0838118866,-0.0556993000,0.1899768859,-0.1969381422,0.3473026454,0.0497110151,-0.0277840253,-0.9395021200,-0.3327726126,0.2576795518,-0.0140897604,-0.4376846552,0.3616903126,0.6360080838,0.2127604783,0.0253436919,0.1030034646
3.1698124409,-0.1521672308,0.8296517730,-0.0374668026,0.0288876693,-0.9986846079,0.0197685403,-0.0620964728,0.3102366030,-0.0700071007,0.4543831646,-0.1439262480,-0.1517314613,-0.0857995376,-0.2389784157,-0.2673388422,0.3442669809,0.0493191592,0.1928109527,0.0797367394,-0.0289537329,0.2103924602,-0.2171101570,0.3749503195,0.0648287162,-0.0180723257,-0.9373228550,-0.3216127753,0.2885852754,-0.0438453965,-0.3985189497,0.3396812677,0.5686314702,0.2933241129,0.0216515791,0.0744457617
3.1789000034,-0.1617272347,0.8208522797,-0.0455091533,0.0360901030,-0.9982693463,0.0092050855,-0.0839397833,0.3177295327,-0.0928682014,0.5438907146,-0.2737204731,-0.1139045060,-0.1463782489,-0.2621869147,-0.2583738565,0.4757434726,-0.0241076890,0.1792000979,0.0844892561,-0.0088614747,0.2588020861,-0.2392286211,0.3980548084,0.0590958185,0.0200544298,-0.9315479398,-0.3071938753,0.3196950555,-0.1029445082,-0.3676527441,0.3437654078,0.4880248308,0.3292912543,0.0165430810,0.0521828495
3.1880612373,-0.1701037437,0.8100420833,-0.0514631172,0.0413307371,-0.9978192687,-0.0001575072,-0.1198311150,0.3179742396,-0.1013579741,0.6362537146,-0.3980767727,-0.0835822001,-0.2079996169,-0.2863905728,-0.2475737184,0.5873034596,-0.0984549001,0.1686259657,0.1010953188,-0.0037869196,0.3197387755,-0.2347452044,0.4121700525,0.0397861786,0.0491830334,-0.9266974330,-0.3035053015,0.3354147673,-0.1758098453,-0.3425382674,0.3592875898,0.3918124735,0.3326597214,0.0014550218,0.0213256441
3.1993913651,-0.1765991002,0.8013197184,-0.0518908906,0.0446095277,-0.9976307669,-0.0070836688,-0.1748779416,0.3190422356,-0.1068577543,0.7213622332,-0.4749376774,-0.0659029931,-0.2564278841,-0.2955314219,-0.2443391085,0.6421265602,-0.1379997730,0.1595285535,0.1188090518,-0.0109210592,0.3722563386,-0.2295495272,0.4111045003,0.0293498170,0.0699357688,-0.9118561149,-0.2999483645,0.3365760744,-0.2259750366,-0.3187271357,0.3818262219,0.3029358685,0.3529499173,-0.0052418318,0.0242956262
3.2107148170,-0.1840247810,0.7912206650,-0.0480362401,0.0504099392,-0.9974467768,-0.0158519782,-0.2398085743,0.3349924386,-0.0850120485,0.8061507940,-0.5248004198,-0.0533787645,-0.3147410154,-0.2967455089,-0.2486549467,0.6888370514,-0.1610439122,0.1487640887,0.1352511495,-0.0264776833,0.4307868779,-0.2145291418,0.3852994442,0.0082245748,0.0829215944,-0.8957469463,-0.2955831289,0.3171752691,-0.2683293521,-0.2864928842,0.4297638834,0.1813070178,0.4342795610,-0.0183373224,0.0318502672
3.2225413322,-0.1888351589,0.7867162228,-0.0428230271,0.0569614684,-0.9972088763,-0.0222718749,-0.2987391353,0.3544156253,-0.0771596953,0.8672550917,-0.5474731326,-0.0420946404,-0.3610852957,-0.2890295982,-0.2632157505,0.7171918750,-0.1893288046,0.1239620224,0.1464225054,-0.0403815582,0.4888966680,-0.2003878355,0.3510510325,-0.0208058730,0.1227236912,-0.8641821146,-0.2579611838,0.2637978792,-0.3188495934,-0.2638150454,0.4806472659,0.0891851410,0.4583360851,-0.0003267428,0.0478350185
3.2317743301,-0.1922223270,0.7857598066,-0.0376989099,0.0618629609,-0.9969790644,-0.0280091317,-0.3381016850,0.3708650172,-0.0624453798,0.8964974284,-0.5306016803,-0.0474660434,-0.3846212924,-0.2909471691,-0.3049921989,0.7352956533,-0.2032734603,0.1008126810,0.1298961043,-0.0594802685,0.5060494542,-0.1603635103,0.3045096993,-0.0718277171,0.1839328706,-0.8557239175,-0.2088821381,0.1849480122,-0.3243141770,-0.2418349683,0.5048000813,0.0976104885,0.3890203238,0.0217576642,0.0477692448
3.2346274853,-0.1927531809,0.7905611992,-0.0304628527,0.0647534858,-0.9966421435,-0.0397924434,-0.3454858065,0.4053089023,-0.0041590421,0.8896466494,-0.4895217717,-0.0574494153,-0.3969371915,-0.2990039289,-0.3566352129,0.7561316490,-0.2286172509,0.0679344162,0.0865321532,-0.0919702351,0.5116659403,-0.1496206522,0.2838313878,-0.1519165933,0.2415883094,-0.8500529528,-0.1724664420,0.1364965588,-0.3067472279,-0.2559628785,0.5001072884,0.1473161578,0.3685788810,0.0299045239,0.0518246107
3.2316985130,-0.1943301558,0.7974078655,-0.0251119479,0.0670398939,-0.9955358779,-0.0615090111,-0.2917431593,0.4564812183,0.1009361148,0.8285138607,-0.4454168379,-0.0668515563,-0.3881116807,-0.2927024662,-0.4103486836,0.7798247337,-0.2575695217,0.0425832346,0.0349972397,-0.1338919848,0.5110645890,-0.1502193063,0.2905048132,-0.2517601848,0.2449699640,-0.8173059225,-0.1288194209,0.0874498710,-0.2982310355,-0.3177504838,0.4569604695,0.1737656295,0.3671837151,0.0321336426,0.0616877228
3.2309780121,-0.1930253506,0.8065232038,-0.0218437183,0.0679955332,-0.9941413975,-0.0811316294,-0.2404250801,0.4689402878,0.1498207450,0.7650438547,-0.4064277112,-0.0825722143,-0.3784553409,-0.2897634506,-0.4512724876,0.8118187785,-0.2552196085,0.0303051285,0.0060929288,-0.1584882140,0.5056201816,-0.1968785822,0.3047875166,-0.3254181743,0.2371986806,-0.7771373987,-0.1175211221,0.0416484103,-0.3014405072,-0.3786425889,0.4167532325,0.1629747748,0.3828229308,0.0155471563,0.0690167472
3.2312676907,-0.1921398193,0.8123397231,-0.0142831501,0.0664006457,-0.9904455317,-0.1200191426,-0.1733134985,0.4816541672,0.2208845764,0.6869761944,-0.3500973284,-0.0944026560,-0.3634438217,-0.2868777514,-0.5005257130,0.8463506699,-0.2349013686,0.0132433102,-0.0328296013,-0.1959437281,0.4911881685,-0.2738214433,0.3261978626,-0.3777059913,0.1795246005,-0.7604004741,-0.1204616055,0.0026463342,-0.3245670795,-0.4733191431,0.3412335217,0.1032654345,0.3813904822,-0.0094521940,0.0589407198
3.2310895920,-0.1886767745,0.8185810447,-0.0073869023,0.0622529083,-0.9837207095,-0.1684148890,-0.1041441262,0.4861283004,0.2789815366,0.6176899672,-0.2808054090,-0.1107413620,-0.3365930319,-0.2947933972,-0.5456718802,0.8836413622,-0.2037561089,0.0083306469,-0.0667131916,-0.2188095897,0.4463986754,-0.3302829266,0.3518751860,-0.3849249184,0.0860217363,-0.7549259067,-0.1428153813,-0.0175534729,-0.3245912492,-0.5813953280,0.2599535286,-0.0007110082,0.3844543099,-0.0428121500,0.0468155481
3.2328908443,-0.1836602539,0.8207964897,-0.0046189475,0.0556752883,-0.9746085080,-0.2168344617,-0.0333689675,0.4820093215,0.3163585961,0.5572866797,-0.2128160000,-0.1263251603,-0.2920630872,-0.3152557313,-0.5701845288,0.9047695994,-0.1883628964,0.0203922875,-0.0742934719,-0.2198286057,0.4045258760,-0.3579486907,0.3847354650,-0.3550335467,-0.0146181593,-0.7507458925,-0.1710683554,-0.0016701673,-0.3239867985,-0.6918985248,0.1940380484,-0.0995477960,0.3728541136,-0.0690839589,0.0232816599
3.2363317013,-0.1795833558,0.8208572865,-0.0050455168,0.0490219067,-0.9631805331,-0.2643003141,0.0264409557,0.4903866351,0.3553502262,0.5241154432,-0.1671445817,-0.1210568994,-0.2487325817,-0.3508623540,-0.5823765397,0.9124231339,-0.2081037760,0.0225615446,-0.0596087575,-0.2037135363,0.3851891458,-0.3522607684,0.4215967059,-0.2982192338,-0.1003213972,-0.7432916164,-0.1859942228,0.0242348220,-0.3407524824,-0.7844267488,0.1468916237,-0.1865928024,0.3530652821,-0.0881377608,-0.0275485627
3.2392315865,-0.1747270823,0.8166295290,-0.0085645774,0.0444650015,-0.9507878386,-0.3065159011,0.0541004874,0.4961397946,0.3372373879,0.5390799046,-0.1272326708,-0.1112901196,-0.2268826813,-0.3625515401,-0.5485171080,0.8978306055,-0.2411837876,0.0231330525,-0.0337953083,-0.1692162156,0.3807844818,-0.3240526319,0.4524306655,-0.2537305951,-0.1506994963,-0.7337223291,-0.1970367134,0.0409039333,-0.3629110456,-0.8311712146,0.1270188093,-0.2408025414,0.3161516786,-0.0906159431,-0.0481687263
3.2423276901,-0.1732776016,0.8122784495,-0.0119454323,0.0413099165,-0.9406944741,-0.3365185044,0.0440408848,0.4960348010,0.2821314335,0.5950886011,-0.1055054739,-0.1098778471,-0.2166764289,-0.3573721647,-0.4945931733,0.8666737080,-0.2742724717,0.0303011108,-0.0115411691,-0.1281068027,0.3886909485,-0.2885735035,0.4733520746,-0.2203679532,-0.1748321056,-0.7468598485,-0.1997587234,0.0543069392,-0.3849592209,-0.8452346921,0.1253633648,-0.2726797760,0.3009781241,-0.0868665129,-0.0568266474
3.2428832054,-0.1686494946,0.8042511940,-0.0165138278,0.0371272630,-0.9289020099,-0.3680895487,-0.0085848346,0.4882632792,0.1747171879,0.7167089581,-0.1228030846,-0.0804376379,-0.2250710577,-0.3322983980,-0.3968635499,0.8418006301,-0.3229246736,0.0250496082,0.0136217950,-0.0730072483,0.4171909690,-0.2456351966,0.4995341897,-0.2143644094,-0.1725800931,-0.7750546336,-0.1772510260,0.0202397257,-0.4146453142,-0.8321029544,0.1482002884,-0.2921251953,0.2929672599,-0.0700350031,-0.0360252708
3.2420797348,-0.1685516089,0.7972262502,-0.0197478682,0.0327044204,-0.9187704934,-0.3929392105,-0.1055465639,0.4496042728,0.0398485251,0.8872388005,-0.1680625379,-0.0461270325,-0.2452889532,-0.3055010140,-0.3086811006,0.8391995430,-0.3985638916,0.0067336992,0.0409605689,-0.0069172634,0.4609219432,-0.1988317370,0.5220215321,-0.2109732330,-0.1354196966,-0.7818428278,-0.1432541460,-0.0198573787,-0.4386571944,-0.8044819832,0.1895234436,-0.2625104189,0.3047904372,-0.0319741778,0.0408804826
3.2405152321,-0.1684966385,0.7866621017,-0.0189276484,0.0292767114,-0.9101697063,-0.4127659434,-0.2308259010,0.3910155296,-0.0558317564,1.0695096254,-0.2558932006,0.0056004575,-0.2778195441,-0.2935704291,-0.2429609001,0.8700151443,-0.4809691012,-0.0214222409,0.0711513311,0.0652881861,0.4996840358,-0.1491374373,0.5235021114,-0.2041087151,-0.0655768812,-0.7507658601,-0.1281719357,-0.0162839331,-0.4492649734,-0.7586778998,0.2488152534,-0.1341347843,0.2932378948,0.0111543043,0.1001165062
3.2408487797,-0.1703337878,0.7751825452,-0.0155905118,0.0260894497,-0.9034616710,-0.4275900907,-0.3658331037,0.3131138086,-0.0993056223,1.2057681084,-0.3535377979,0.0460238792,-0.3330785930,-0.2892956138,-0.1843307614,0.9297209978,-0.5307593942,-0.0356585309,0.0996267572,0.1419459283,0.5146717429,-0.1046571732,0.5071138144,-0.2026208490,0.0482045785,-0.6981633306,-0.1405278146,0.0108668627,-0.4793396294,-0.7109153867,0.3345131576,0.0961326659,0.2685446441,0.0304959975,0.1399495006
3.2392222881,-0.1761018485,0.7669755816,-0.0114743393,0.0228984840,-0.8945723155,-0.4461887171,-0.4795236290,0.2488895208,-0.0868422091,1.2484843731,-0.4453923106,0.0624765456,-0.3967263103,-0.2984076142,-0.1503529996,0.9804403782,-0.5541826487,-0.0431604460,0.1219138503,0.2168661207,0.5199999809,-0.0622192137,0.4862092137,-0.2045601606,0.1459142864,-0.7001611590,-0.1818465292,0.0601659045,-0.5732661486,-0.6520663500,0.4531776905,0.4775717854,0.3723926842,0.0256035775,0.1728821546
3.2376494408,-0.1812123805,0.7588952780,-0.0085303320,0.0213139975,-0.8856089332,-0.4638639504,-0.5562721491,0.2002906650,-0.0905033350,1.2363634109,-0.4593004584,0.0627974197,-0.4334567487,-0.3034964502,-0.1317455024,1.0075173378,-0.5565503836,-0.0440666005,0.1465655118,0.2639908791,0.5199999809,-0.0342721790,0.4769177437,-0.1881675124,0.1963479370,-0.7169823647,-0.2144151628,0.0986085534,-0.6470227838,-0.6076844335,0.5072075129,0.7385218143,0.4091033340,0.0263399575,0.1553817093
3.2322468758,-0.1871594489,0.7514410019,-0.0029836408,0.0209716292,-0.8737330802,-0.4859442285,-0.6401323080,0.1353851408,-0.1213328466,1.1822903156,-0.4859619439,0.0251132883,-0.4860715270,-0.2980548441,-0.1016761884,1.0302535295,-0.5457251668,-0.0435268432,0.1802939177,0.3181967139,0.5199999809,0.0056110173,0.4936414063,-0.1622758806,0.2070448995,-0.6928707361,-0.2478104979,0.1570172608,-0.7299879193,-0.5756037831,0.5519155860,0.9748241901,0.4717361629,0.0241875313,0.1346898973
3.2236397266,-0.1958103776,0.7464283109,0.0085679572,0.0205554348,-0.8534966138,-0.5206223146,-0.7006857991,0.0749370456,-0.1757313758,1.1143897772,-0.4857758284,-0.0072896746,-0.5388039947,-0.2686114907,-0.0561109781,1.0176849365,-0.5419437289,-0.0228138026,0.2184792161,0.3454194665,0.5199999809,0.0368816890,0.5251129866,-0.1088390872,0.1706848741,-0.6756625175,-0.2773675919,0.1831717640,-0.7797667980,-0.5725573897,0.5911223292,0.9617978334,0.4923990071,0.0113033019,0.1451448500
3.2106142044,-0.2066716552,0.7451350093,0.0305576323,0.0205926074,-0.8241161657,-0.5652209488,-0.7532461286,0.0690992624,-0.2224304229,1.1041362286,-0.4876891077,-0.0154777784,-0.6035769582,-0.2061925977,0.0242504179,0.9755339026,-0.4922997952,0.0196575150,0.2447320074,0.3370423913,0.5199999809,0.0610193610,0.5623049140,-0.0426881611,0.1038300619,-0.6878998876,-0.2963536382,0.2140406370,-0.8295016289,-0.5517323613,0.6756882668,0.7957108617,0.4685275853,0.0240925308,0.2051442713
3.1944527626,-0.2128768563,0.7436937690,0.0548487116,0.0178900006,-0.7897315578,-0.6107336845,-0.7878348231,0.1034394875,-0.2353389263,1.1228843927,-0.5106207132,-0.0147503577,-0.6583745480,-0.1500352323,0.1086532027,0.8877949715,-0.4003975987,0.0754360482,0.2273809016,0.2886766493,0.5199999809,0.0981463119,0.5966209173,0.0374670215,0.0115833813,-0.6862151027,-0.3111617863,0.2203460932,-0.8576357365,-0.5048737526,0.7438472509,0.5460886955,0.4491212070,0.0364969969,0.2534306347
3.1765093803,-0.2169287205,0.7457798123,0.0800716428,0.0127045735,-0.7552989705,-0.6503465161,-0.8115546107,0.1475627124,-0.2113674730,1.1370260715,-0.5522081852,0.0075409808,-0.7007738948,-0.1061904281,0.1714420766,0.7686088085,-0.2990865409,0.1298543513,0.1790811270,0.2177875489,0.5199999809,0.1289172918,0.6071972847,0.1155054346,-0.0884066224,-0.6147649288,-0.3062089384,0.1961637437,-0.8518074155,-0.4783631563,0.7457401752,0.2885150015,0.4620852172,0.0161936469,0.2487545609
3.1586532593,-0.2163990438,0.7498524785,0.0977369524,0.0096393216,-0.7269837687,-0.6795948585,-0.8168440461,0.1831348538,-0.1936429590,1.1486923695,-0.5853713751,0.0165225863,-0.7225359678,-0.0715778694,0.2146613449,0.6706143618,-0.2329365909,0.1634145975,0.1086723506,0.1532910913,0.5199999809,0.1447831541,0.6015023589,0.1550981402,-0.1634300500,-0.5463404655,-0.2933211923,0.1821335554,-0.8247730732,-0.5088396072,0.7056015134,0.1015673578,0.4190809429,0.0033554262,0.2620891929
3.1355106831,-0.2120640576,0.7602271438,0.1191782816,0.0056289305,-0.6846870262,-0.7190052353,-0.8087863922,0.2383291721,-0.1231942251,1.1332135201,-0.5957952142,0.0190667044,-0.7186394334,-0.0448754020,0.2416219413,0.4935435057,-0.1325533837,0.2001490593,0.0055204607,0.0618806928,0.5199999809,0.1376469880,0.5964289904,0.2000972629,-0.2463461161,-0.4299354553,-0.2679396570,0.1578546911,-0.7528190017,-0.5959979892,0.5889276266,-0.0775862411,0.3759447038,-0.0357388034,0.2183004320
3.1172959805,-0.2000736594,0.7733432651,0.1319202915,0.0054687312,-0.6379569699,-0.7586685932,-0.7473008037,0.3466659486,0.0167000052,1.0993689299,-0.6142520905,0.0324060507,-0.6995946169,-0.0421188399,0.1899677813,0.4274440706,-0.1253698021,0.1719360501,-0.1113688499,-0.0197785925,0.5199999809,0.0754192695,0.5902855992,0.2184887230,-0.2289293706,-0.3310941160,-0.2587917149,0.2437981069,-0.6719372869,-0.7293570042,0.4176934659,-0.0609160587,0.2965597212,-0.0834672898,0.0153458016
3.1073939800,-0.1836979538,0.7863228917,0.1339646122,0.0017051122,-0.5899680219,-0.7962338277,-0.6258313656,0.4373937547,0.1815456599,1.0246164799,-0.6086918116,0.0414939336,-0.6438782215,-0.0587663241,0.0620665997,0.4205980897,-0.1170890778,0.1545871496,-0.1914425343,-0.1000656486,0.5199999809,0.0115173161,0.5837478042,0.2249141783,-0.1887030303,-0.2916643322,-0.2514944971,0.3065920174,-0.5948845148,-0.8710497618,0.2754993141,0.0064834910,0.2714157403,-0.1152435914,-0.1096618101
3.0980141163,-0.1679687500,0.8015099168,0.1292878835,-0.0026690036,-0.5387984507,-0.8324504484,-0.4920505881,0.4807668924,0.3404335082,0.9350785017,-0.5700281262,0.0457663164,-0.5716815591,-0.0660785735,-0.1065070182,0.4951601028,-0.1010512412,0.1336307079,-0.2407305241,-0.1906592846,0.5193584561,-0.0490738824,0.6004433036,0.2269334644,-0.1822092980,-0.3711427450,-0.2430698276,0.3513762653,-0.5038407445,-1.0212632418,0.1954764873,0.0705110580,0.2973861396,-0.0889691412,-0.0611014552
3.0887727737,-0.1516152024,0.8149323463,0.1218191494,0.0031106212,-0.4805351632,-0.8684678323,-0.3445935547,0.4847099185,0.4772767723,0.8528770804,-0.5228121877,0.0365661494,-0.5095430613,-0.0761406496,-0.2431583107,0.6716286540,-0.1420189589,0.0918213055,-0.2941464186,-0.2608098388,0.4976721406,-0.1459422708,0.6181042790,0.1919438690,-0.1782981157,-0.4619937837,-0.2364044040,0.3566552401,-0.3854458630,-1.1375374794,0.0722690299,0.1419087797,0.3359929621,-0.0774934441,-0.0293226577
3.0800540447,-0.1335000545,0.8224552274,0.1160873039,0.0108663096,-0.4309216491,-0.8948252307,-0.2317796201,0.4698812962,0.5668878555,0.7872431874,-0.4835021198,0.0287478622,-0.4368301034,-0.0684786960,-0.3046772182,0.7316102386,-0.1416987032,0.0803055018,-0.3410986364,-0.3036479950,0.4537908435,-0.2050652653,0.6556093693,0.1607781202,-0.1875406653,-0.4503085911,-0.2145609260,0.3047360182,-0.1963756680,-1.2429945469,-0.0272486880,0.1997561455,0.2853892148,-0.0605872497,0.0453011356
3.0739541054,-0.1155291721,0.8309638500,0.1090840495,0.0247614090,-0.3498650559,-0.9300978365,-0.0810733885,0.4202283323,0.6571820974,0.6771305203,-0.4189638495,-0.0055236151,-0.3119411170,-0.0710748062,-0.3625520170,0.7158518434,-0.1131486222,0.0859566107,-0.3981024623,-0.3318104744,0.3368471265,-0.2170956731,0.7025622129,0.1155540496,-0.2441587448,-0.6022391915,-0.2621863484,0.2237542570,0.0959356725,-1.3152580261,-0.1549069285,0.2589890957,0.2513105571,-0.0684516728,0.1238667294
3.0694046021,-0.0996974483,0.8335328698,0.1031299578,0.0380201851,-0.2285074529,-0.9673174356,0.0517287552,0.3450865149,0.6886684895,0.5526385307,-0.3408140540,-0.0433787890,-0.1803856045,-0.0583258048,-0.3990143836,0.6415701509,-0.0805382729,0.0903925374,-0.4403302372,-0.3237483203,0.2138214409,-0.1771335155,0.7623177767,0.1065569669,-0.2549945712,-0.6396337152,-0.2859898806,0.1986308247,0.4145868123,-1.3585094213,-0.2834140956,0.3007891178,0.2586932778,-0.0968201607,0.1834053248
3.0711669922,-0.0842341185,0.8360787034,0.0939009362,0.0525936125,-0.0731928218,-0.9914934881,0.1583838165,0.2512276471,0.6623863578,0.4248017669,-0.2572374344,-0.0816923529,-0.0793952197,-0.0522250347,-0.4039305449,0.5521454811,-0.0595020577,0.1062871888,-0.4466121793,-0.2804104388,0.1231748536,-0.0713776723,0.8447633386,0.1102104113,-0.2439837903,-0.6927307844,-0.2698132992,0.0978709832,0.7281507850,-1.3626509905,-0.4526310861,0.3529534042,0.1965618432,-0.0944375247,0.2864061892
3.0722613335,-0.0749681145,0.8358076811,0.0842234123,0.0639542790,0.0853397402,-0.9907236728,0.2270564586,0.1747665405,0.6472607851,0.3318188787,-0.2050980628,-0.1031230465,-0.0239133630,-0.0718890503,-0.4062894881,0.4996579289,-0.0397065207,0.1180796251,-0.4028295279,-0.2078560442,0.0809695721,0.0362791270,0.9224119782,0.1476318389,-0.2286123037,-0.6726926565,-0.2551371455,0.0113416417,0.9821305275,-1.3280760050,-0.6315512657,0.3936564624,0.0876315236,-0.0793460160,0.3833740056
3.0779392719,-0.0655442476,0.8369744420,0.0769747488,0.0752883025,0.2201219328,-0.9695116782,0.2581398487,0.1352350563,0.6666612625,0.3154011071,-0.1888211519,-0.1103837565,-0.0099372836,-0.0946129709,-0.3582814634,0.5081580877,-0.0341773778,0.1296919733,-0.3671895266,-0.1357455850,0.0791020766,0.1612741053,0.9972769618,0.2029534429,-0.2322685719,-0.6400607228,-0.2818890810,-0.0437247641,1.0671734810,-1.2760841846,-0.7408494949,0.4974222779,0.0250049736,-0.0868079662,0.3988232315
3.0815076828,-0.0607054606,0.8348985314,0.0758479249,0.0811150906,0.3149908829,-0.9425752904,0.2561555207,0.1020853445,0.6534051299,0.3169620335,-0.1896196455,-0.1023174226,-0.0170895457,-0.1142689213,-0.3242734075,0.5348091722,-0.0484698527,0.1246188134,-0.3524174094,-0.0710222721,0.0844136700,0.2560164630,1.0293861628,0.2405063659,-0.2129883170,-0.6208080053,-0.2999677062,-0.0397624858,1.0873284340,-1.2371290922,-0.8252291679,0.5529903173,0.0334261023,-0.0902002305,0.3350799680
3.0899069309,-0.0555802807,0.8347250819,0.0770410172,0.0858824053,0.4320466936,-0.8944409140,0.2337456346,0.0735097677,0.6423680186,0.3781431019,-0.2384866774,-0.0855223984,-0.0485428795,-0.1298090518,-0.2682172954,0.5907608867,-0.0929737240,0.1061067730,-0.3685836196,0.0158300549,0.1229033992,0.3875181675,1.0521696806,0.2864623070,-0.2252851278,-0.6254353523,-0.3446869254,-0.0162142832,1.0477166176,-1.1637598276,-0.9673703909,0.5953556895,0.0415449627,-0.1222897395,0.1311033815
3.0996813774,-0.0543872938,0.8321658969,0.0806928508,0.0833000250,0.5366998364,-0.8357649522,0.2221440375,0.0786098689,0.7188818455,0.4450432062,-0.2789420187,-0.0548311733,-0.0815726668,-0.1173970327,-0.1918304712,0.6173520088,-0.0891434476,0.1005116254,-0.3948438466,0.1049288884,0.1789248884,0.4323414266,1.0158079863,0.2664513290,-0.2440830916,-0.6575704813,-0.3334397674,0.0583948642,0.9376778603,-1.1543539762,-0.9779415727,0.5533695221,0.1523048133,-0.1355327219,-0.0323499963
3.1107914448,-0.0550537892,0.8306785822,0.0753821570,0.0764179963,0.6372805735,-0.7631194473,0.1942902356,0.0704208091,0.7747389078,0.4784714580,-0.3129957914,-0.0207483005,-0.1321175098,-0.1110820025,-0.1100733653,0.6297783852,-0.0749774501,0.1017376408,-0.4079014659,0.1898835897,0.2196660787,0.4489124715,0.9679419398,0.2285806537,-0.2880833745,-0.6118876338,-0.3168160915,0.1033272371,0.7845275998,-1.1274082661,-0.9647096395,0.4478395283,0.2253514975,-0.1480224580,-0.1717301309
3.1190612316,-0.0550914146,0.8277742267,0.0627516070,0.0644560615,0.7266936407,-0.6810462573,0.1388532966,0.0628167614,0.7897564173,0.5077335238,-0.3199205995,0.0083622076,-0.1938791275,-0.1314982772,-0.0389216505,0.6425574422,-0.1050736159,0.0947507098,-0.4142871201,0.2755611837,0.2515351474,0.4284600914,0.9008048773,0.1766310632,-0.3442209959,-0.5920467973,-0.2987902761,0.0843059570,0.5838773847,-1.0840036869,-0.9291335940,0.2960170805,0.2663862109,-0.1677039564,-0.2969571054
3.1285760403,-0.0588336997,0.8233852983,0.0514074428,0.0572739631,0.7929048739,-0.6044657384,0.0777179375,0.0598365925,0.7592229843,0.5477320552,-0.3315643370,0.0234485548,-0.2447647899,-0.1449656785,0.0475934893,0.6448070407,-0.1640532017,0.1055946276,-0.4050957859,0.3460768759,0.2809568644,0.3878411353,0.8472544551,0.1247678399,-0.3858671188,-0.5828712583,-0.2853111327,0.0410276242,0.3848080337,-1.0364038944,-0.8624058366,0.1572967917,0.2572838664,-0.1762417555,-0.3741684556
3.1328775883,-0.0589345284,0.8183060884,0.0416342800,0.0558082793,0.8371714896,-0.5424904789,0.0269790124,0.0780573636,0.7419025302,0.6097273231,-0.3616628945,0.0380459987,-0.2890906036,-0.1813374460,0.0682707801,0.6551965475,-0.1914028376,0.1128513664,-0.3840914965,0.3776440024,0.3132945597,0.3351164758,0.8002126813,0.0885542035,-0.4022991657,-0.6063865423,-0.2733708024,0.0263327435,0.2447198331,-0.9987345934,-0.7818086147,0.0793505684,0.2480878681,-0.1715879291,-0.3843199313
3.1338438988,-0.0605725124,0.8110654950,0.0375281427,0.0549152499,0.8834070055,-0.4638620661,-0.0402399711,0.1170863882,0.7020235062,0.7176215053,-0.4194239378,0.0464204922,-0.3372299969,-0.2258552015,0.0661031604,0.6798632145,-0.2474638224,0.1088113487,-0.3523513973,0.4020064175,0.3571160436,0.2717883885,0.7433847189,0.0666920766,-0.3740044832,-0.6076079011,-0.2509720027,0.0091220662,0.1178213432,-0.9515264630,-0.6876053214,0.0422625057,0.2262704670,-0.1546034217,-0.3851138949
3.1355335712,-0.0629793629,0.8022176623,0.0299725874,0.0539155799,0.9237425512,-0.3780138270,-0.0963143259,0.1619440913,0.6787221432,0.8003919125,-0.4612762928,0.0424328037,-0.4071473479,-0.2462339848,0.0484674238,0.7196850777,-0.2858889103,0.1076751575,-0.3288836479,0.4046823680,0.4313163161,0.1840054542,0.6647926569,0.0349737145,-0.3217172325,-0.5995417237,-0.2336300761,0.0213916935,-0.0173612647,-0.9139100909,-0.5445283055,0.0908681527,0.2393781543,-0.1334570646,-0.3564663827
3.1363155842,-0.0645095408,0.7942028642,0.0152853012,0.0519034572,0.9552944445,-0.2906628890,-0.1680722535,0.1940944642,0.6465651393,0.8804727197,-0.4859345555,0.0461530089,-0.5012771487,-0.2296018898,0.0473304093,0.7618992925,-0.2839811444,0.1041916013,-0.3161481619,0.3937601447,0.5020422339,0.1018540487,0.5996226668,-0.0086974120,-0.2598028779,-0.5964426398,-0.2330604643,0.0468405485,-0.2080998868,-0.9110745788,-0.3768632412,0.1992964447,0.2021440268,-0.0969919413,-0.3089232445
3.1326785088,-0.0680590868,0.7867860198,-0.0029877655,0.0492772877,0.9763102074,-0.2106684625,-0.2285989076,0.2118314952,0.6031988859,0.9228332043,-0.5152600408,0.0558235720,-0.5907760262,-0.2139490992,0.0278516673,0.8067912459,-0.2885298431,0.0948997810,-0.2858287096,0.3746730983,0.5176899433,0.0672640353,0.5568905473,-0.0832109675,-0.2087265104,-0.5520327687,-0.2428444177,0.1103151217,-0.3335465491,-0.8844839931,-0.2034351826,0.3706011772,0.1828502119,-0.0566669591,-0.2477531433
3.1289658546,-0.0710587502,0.7809857726,-0.0205778325,0.0482809419,0.9870692229,-0.1514590789,-0.2955330312,0.2047533542,0.5229730606,0.9614353180,-0.5545920730,0.0547297411,-0.6693724394,-0.2088111788,0.0149705904,0.8465510011,-0.3032202423,0.0785113722,-0.2615541518,0.3610586524,0.5199999809,0.0428233035,0.5118073225,-0.1479970217,-0.1586556137,-0.5144120455,-0.2578813434,0.1733897477,-0.4524857104,-0.8447920084,-0.0418268591,0.5867087245,0.2542465329,-0.0634912699,-0.2104085237
3.1258289814,-0.0731654465,0.7740339041,-0.0313770771,0.0477860682,0.9916751982,-0.1153788194,-0.3414207697,0.2004741579,0.4766900241,0.9866933227,-0.5704479218,0.0543385670,-0.7210848331,-0.1945882291,0.0224696677,0.8791252375,-0.3139543533,0.0688977242,-0.2490022480,0.3459939957,0.5199999809,0.0323434770,0.4845002294,-0.1794683188,-0.1340431124,-0.4961667359,-0.2622871995,0.1966433525,-0.5196558833,-0.8283094168,0.0591059886,0.7087233067,0.2662703395,-0.0572077446,-0.1690571308
3.1220536232,-0.0768788606,0.7684806585,-0.0447698283,0.0485376242,0.9942057359,-0.0848216732,-0.3858563006,0.1892530918,0.4127258956,1.0044162273,-0.5820677876,0.0454609729,-0.7800911069,-0.1816102564,0.0320627466,0.9319454432,-0.3372380137,0.0585174821,-0.2332599461,0.3381249011,0.5199999809,0.0266745742,0.4674755633,-0.2176797688,-0.1134089082,-0.4400368333,-0.2677294016,0.2374184877,-0.5712941885,-0.8200203776,0.1501358449,0.8502430916,0.2703107595,-0.0468507111,-0.1337983012
3.1177961826,-0.0779468417,0.7651712894,-0.0560367394,0.0493611869,0.9951226505,-0.0644536080,-0.4183570445,0.1924892217,0.3791891634,1.0228613615,-0.5760999322,0.0411392376,-0.8181689978,-0.1575928330,0.0572297499,0.9534361362,-0.3454790711,0.0516589768,-0.2262502313,0.3303261697,0.5199999809,0.0273049586,0.4464008510,-0.2341712415,-0.1106816158,-0.4153974056,-0.2749766707,0.2580203116,-0.6016994119,-0.8208131194,0.1927213371,0.9023676515,0.2877736688,-0.0522696227,-0.1097931638
3.1161060333,-0.0785687044,0.7650653720,-0.0619980850,0.0509293123,0.9955379500,-0.0496652058,-0.4375593662,0.1990080029,0.3565650880,1.0279521942,-0.5666683912,0.0407770537,-0.8336787224,-0.1309717298,0.0911919326,0.9510255456,-0.3444436193,0.0500245504,-0.2286912352,0.3168950379,0.5199999809,0.0330392495,0.4243965447,-0.2313386202,-0.1137013286,-0.4005452693,-0.2791876495,0.2541470826,-0.6112999320,-0.8322494626,0.2082798928,0.8729825020,0.3013662100,-0.0709569827,-0.1038717106
3.1143352985,-0.0778214708,0.7675412893,-0.0671257812,0.0525466827,0.9956249414,-0.0382616215,-0.4536725879,0.2116042972,0.3490509093,1.0287545919,-0.5484404564,0.0518349260,-0.8367298245,-0.1119180843,0.1115484163,0.9364597201,-0.3323737979,0.0478816889,-0.2348303050,0.2961446047,0.5199999809,0.0322201177,0.4088076949,-0.2205223739,-0.1136833876,-0.3870927691,-0.2782732844,0.2504058480,-0.6037718058,-0.8444494605,0.2176289409,0.7704496980,0.3035719693,-0.0895284191,-0.0961905867
3.1147551537,-0.0779602975,0.7719253898,-0.0678570735,0.0558011583,0.9957664860,-0.0270324561,-0.4647504985,0.2075913399,0.3395297229,1.0080475807,-0.5260990858,0.0519255511,-0.8233489990,-0.1016889513,0.1218924522,0.8982739449,-0.3103618920,0.0492006056,-0.2483619004,0.2646020949,0.5199999809,0.0245789308,0.3953447938,-0.2055700719,-0.1058969200,-0.3818880022,-0.2824174762,0.2286160588,-0.5716668963,-0.8412101865,0.2134725451,0.5994053483,0.3165051341,-0.1104922891,-0.0705241933
3.1151540279,-0.0767768994,0.7753631473,-0.0706736459,0.0569912243,0.9956946562,-0.0186919164,-0.4787283540,0.2023131102,0.3241546154,0.9947463274,-0.5074170232,0.0436598100,-0.8186898828,-0.0933859125,0.1234256551,0.8764525056,-0.3029730916,0.0469548069,-0.2565449178,0.2366688251,0.5199999809,-0.0013420965,0.3899230659,-0.2038728446,-0.0895878673,-0.3720627129,-0.2796676457,0.2156273425,-0.5521904826,-0.8287294507,0.2179226577,0.4859503210,0.3197974265,-0.1262921542,-0.0575870536
3.1141119003,-0.0751440227,0.7797717452,-0.0718469993,0.0590428636,0.9956285959,-0.0086975899,-0.4915806055,0.1827609837,0.3067212403,0.9611257911,-0.4843622148,0.0228325538,-0.7973412275,-0.0803497136,0.1313320398,0.8261125684,-0.2806018293,0.0537921451,-0.2687224150,0.1920620650,0.5199999809,-0.0437463447,0.3813632131,-0.2008683980,-0.0612153038,-0.3710314631,-0.2837183177,0.1975356787,-0.5312435031,-0.8054871559,0.2170151621,0.3377526104,0.2934742272,-0.1330366582,-0.0233254675
3.1147668362,-0.0757745281,0.7824373841,-0.0718300652,0.0591949942,0.9956581157,0.0011449784,-0.4963817596,0.1674816459,0.2878358364,0.9314481616,-0.4704121351,-0.0024856289,-0.7775697112,-0.0734805539,0.1260618567,0.7982914448,-0.2715098262,0.0577535965,-0.2771641314,0.1455608755,0.5199999809,-0.1088396758,0.3677088022,-0.2176901549,-0.0083259121,-0.3792209923,-0.2840113342,0.1819550693,-0.5038918257,-0.7809919715,0.2447477579,0.2235447019,0.3119648099,-0.1510880291,0.0262010079
3.1126594543,-0.0756967440,0.7866045833,-0.0685311189,0.0587976990,0.9958679163,0.0096648653,-0.4829797447,0.1551638991,0.2721281946,0.8998680115,-0.4469527006,-0.0306732617,-0.7558180690,-0.0722058639,0.1165543199,0.7742919326,-0.2619031370,0.0553454086,-0.2864880562,0.1031371728,0.5199999809,-0.2054983526,0.3498958647,-0.2547303736,0.0850270167,-0.3861596882,-0.2789267302,0.1535227448,-0.4861992896,-0.7484229207,0.2900384665,0.1380698830,0.3345090747,-0.1663435549,0.0736573040
3.1123251915,-0.0778530538,0.7902072072,-0.0660865000,0.0560956590,0.9961331357,0.0143048109,-0.4595493972,0.1544363797,0.2661774457,0.8639808297,-0.4233818352,-0.0580108762,-0.7310586572,-0.0754335448,0.0975910574,0.7479900718,-0.2611945868,0.0515875220,-0.3013219535,0.0654201359,0.5199999809,-0.3039170802,0.3235157430,-0.2993356884,0.1799268872,-0.4234645963,-0.2891848981,0.1222401708,-0.4588036835,-0.7132077813,0.3338373005,0.0536046140,0.3703444898,-0.1884754300,0.1259921789
3.1058690548,-0.0781217143,0.7939373255,-0.0629707959,0.0519302981,0.9964025204,0.0228022024,-0.4169802368,0.1631829292,0.2684391439,0.8184691668,-0.4105275273,-0.0761338547,-0.7061855793,-0.0673516616,0.0894418508,0.7279732227,-0.2678005695,0.0555632077,-0.3131151497,0.0301912930,0.5199999809,-0.3879827857,0.2905598581,-0.3428413868,0.2392521501,-0.5067753196,-0.2984228730,0.0943834707,-0.4310305715,-0.6692558527,0.3702923954,-0.0261062551,0.3883278668,-0.1884895712,0.1604349166
3.0999777317,-0.0802803785,0.7961057425,-0.0579380846,0.0485480544,0.9967554313,0.0276563711,-0.3644396663,0.1710616201,0.2842758298,0.7776702642,-0.4033335745,-0.0845733956,-0.6794629097,-0.0596210919,0.0914943740,0.7066220641,-0.2619740665,0.0616937615,-0.3241527975,0.0104622338,0.5199999809,-0.4475701749,0.2772361636,-0.3654316068,0.2682151198,-0.5357914567,-0.2975175679,0.0680717304,-0.4190973639,-0.6554331779,0.3849650323,-0.0751971379,0.4025035203,-0.1853193492,0.1970471293
3.0915448666,-0.0839358121,0.8022695184,-0.0476094002,0.0416798743,0.9973234579,0.0366340467,-0.2822799981,0.1880611479,0.3121890724,0.7220805287,-0.3955496848,-0.0796196982,-0.6325660944,-0.0448858999,0.0971463919,0.6718732119,-0.2485872209,0.0705656856,-0.3365274966,-0.0110641876,0.5034222007,-0.4908575416,0.2516450584,-0.3542030752,0.2445067465,-0.5986608267,-0.2953017950,0.0670391247,-0.3958597779,-0.6511816978,0.4024251699,-0.1600052863,0.4510721266,-0.1761739552,0.2170552611
3.0857846737,-0.0873167366,0.8046557307,-0.0406874338,0.0361056770,0.9978316297,0.0370533611,-0.2207299471,0.1970639974,0.3411006033,0.6779975295,-0.3918364346,-0.0782814696,-0.5951712728,-0.0443735570,0.0919274315,0.6366660595,-0.2384227663,0.0759786144,-0.3538195193,-0.0157087054,0.4817416370,-0.5336220264,0.2502805591,-0.3462835848,0.1715001017,-0.6664957404,-0.2995684445,0.0264093503,-0.3954440355,-0.6730229259,0.3814311028,-0.2734470963,0.4980111718,-0.1783055365,0.2491596192
3.0809164047,-0.0935798660,0.8082740307,-0.0304354698,0.0299567514,0.9982897907,0.0399220373,-0.1556679606,0.2077177614,0.3797424138,0.6346967220,-0.4004572630,-0.0705252960,-0.5549061298,-0.0382034332,0.0986751318,0.6051456928,-0.2293189466,0.0887963995,-0.3596839309,-0.0139747579,0.4655863047,-0.5677796602,0.2527630031,-0.3427448869,0.0708729997,-0.7060651183,-0.3006075919,0.0187217928,-0.4094943106,-0.6988948584,0.3585968316,-0.3294117153,0.5471232533,-0.1750616580,0.2477395535
3.0774977207,-0.0997242630,0.8105292320,-0.0208453046,0.0242641823,0.9985227326,0.0439212385,-0.0898284167,0.2137663811,0.4210808873,0.5826510787,-0.4026903808,-0.0639315099,-0.5117054582,-0.0323404670,0.1096262783,0.5656681061,-0.2083326280,0.1049334928,-0.3555347919,-0.0143376812,0.4391973317,-0.5890109539,0.2646608055,-0.3276446760,-0.0315299258,-0.7128698826,-0.3015211225,0.0052736793,-0.4338573813,-0.7212447524,0.3293775320,-0.3627814949,0.5641653538,-0.1732553095,0.2169839144
3.0754714012,-0.1045746580,0.8143559098,-0.0128731571,0.0210140481,0.9989324342,0.0390727972,-0.0537786856,0.2072591782,0.4301119149,0.5459238291,-0.3949492276,-0.0679656416,-0.4797586501,-0.0413193889,0.1041440591,0.5395907164,-0.1885735542,0.1159409359,-0.3481794596,-0.0118375868,0.4028906226,-0.6160383821,0.2782896459,-0.3117584586,-0.1126828864,-0.7574322224,-0.3058369458,-0.0100734644,-0.4564841986,-0.7474446297,0.2986568213,-0.3466613293,0.5881928802,-0.1730998904,0.1786862016
3.0737743378,-0.1103114933,0.8162294030,-0.0064205803,0.0193478208,0.9990282823,0.0390759415,-0.0247081332,0.1994545013,0.4398747981,0.5184932947,-0.3892318606,-0.0709930360,-0.4522417486,-0.0491834879,0.0966040567,0.5109939575,-0.1710664332,0.1235496774,-0.3309976757,-0.0051407660,0.3646084070,-0.6027480960,0.2938311100,-0.2955127358,-0.1385322064,-0.7781440020,-0.3107866645,-0.0129156625,-0.4832176864,-0.7555378079,0.2747741938,-0.3032331169,0.6028279662,-0.1748588234,0.1375423223
3.0732629299,-0.1148220599,0.8206844926,0.0024988628,0.0174646861,0.9992865899,0.0333923883,0.0093200607,0.1838661283,0.4375677705,0.4775913954,-0.3812208772,-0.0783467069,-0.4092564881,-0.0605214573,0.0871508121,0.4644693732,-0.1402644515,0.1399831325,-0.3134970367,0.0044250325,0.3228067458,-0.5738042593,0.3131350577,-0.2450542450,-0.1247493327,-0.7903324366,-0.3199483454,-0.0260651745,-0.5411874652,-0.7404313087,0.2137420774,-0.1751286685,0.6014238000,-0.1992528886,0.0419989042
3.0729737282,-0.1207245961,0.8227569461,0.0090577768,0.0150111165,0.9992981903,0.0331021129,0.0438419357,0.1729187518,0.4498068690,0.4488739967,-0.3750806749,-0.0714111924,-0.3779111803,-0.0658633858,0.0953653976,0.4133340716,-0.0962060317,0.1523059160,-0.2849027514,0.0125529841,0.2947990000,-0.4857986271,0.3424866796,-0.1907481700,-0.0970495716,-0.8276773095,-0.3521105349,0.0606017299,-0.6108294725,-0.7273320556,0.1758539081,-0.0128739206,0.5418328643,-0.2068498284,-0.0907243192
3.0724799633,-0.1264471114,0.8251740336,0.0134264825,0.0143740595,0.9993873135,0.0289501917,0.0633413047,0.1547908485,0.4359847605,0.4214505255,-0.3690894842,-0.0675212443,-0.3542083502,-0.0778943896,0.0919191241,0.3721248507,-0.0553845689,0.1621110737,-0.2581656873,0.0212461036,0.2687992454,-0.3924669623,0.3596869409,-0.1485702246,-0.0203929674,-0.8509062529,-0.3604418933,0.1267991066,-0.6690587401,-0.6915690899,0.1427247971,0.1091771126,0.5785422921,-0.2404210567,-0.2392916083
3.0710582733,-0.1298665702,0.8272492290,0.0204821700,0.0128831820,0.9994076773,0.0244703672,0.0942242593,0.1439004242,0.4299438894,0.3840280771,-0.3673968017,-0.0647119880,-0.3199266791,-0.0887538642,0.0785213560,0.3382281661,-0.0455254950,0.1680047810,-0.2333475798,0.0339963250,0.2481890768,-0.2837083042,0.3741968572,-0.1509530991,0.0861503705,-0.8538929224,-0.3319280446,0.0937807411,-0.7402366996,-0.6489909291,0.1267083734,0.2198147178,0.6035451889,-0.2594147325,-0.3364669681
3.0687425137,-0.1321714818,0.8276908994,0.0268885589,0.0115604989,0.9993738645,0.0198806229,0.1176370904,0.1348088682,0.4197396040,0.3620528281,-0.3707508743,-0.0658362880,-0.2872458100,-0.1005427837,0.0526572578,0.3139998317,-0.0364095345,0.1718820632,-0.2114939541,0.0461419076,0.2301943302,-0.1814899743,0.3978923857,-0.1582882404,0.1982913911,-0.8186090589,-0.2952668369,0.0516441092,-0.8095459342,-0.6145312190,0.1205705926,0.3065373302,0.6440306902,-0.2802317739,-0.4146873355
3.0664658546,-0.1339737326,0.8291064501,0.0304561219,0.0107821300,0.9993675329,0.0148561233,0.1335030049,0.1301825643,0.4120973945,0.3453979790,-0.3702492416,-0.0629596859,-0.2630397081,-0.1105124950,0.0344079733,0.2986610830,-0.0373013131,0.1701401323,-0.1942583174,0.0532386266,0.2111500651,-0.1098445877,0.4054577649,-0.1600671262,0.2803165019,-0.8233959079,-0.2710255682,0.0197527055,-0.8655329347,-0.5855295658,0.1194728389,0.3917612135,0.6955835819,-0.2915748954,-0.4499459863
3.0618522167,-0.1347132474,0.8291282058,0.0352763860,0.0087693546,0.9993028990,0.0085082955,0.1548630446,0.1306961477,0.4060847759,0.3254958093,-0.3729115129,-0.0639067814,-0.2334322780,-0.1176893711,0.0084089888,0.2855854332,-0.0425567925,0.1742073596,-0.1797458380,0.0672396198,0.1930487752,-0.0441970341,0.4239614308,-0.1679444313,0.3856652677,-0.7420263290,-0.2214334309,-0.0355255269,-0.9221464992,-0.5631580353,0.1152750403,0.4786765277,0.7591685057,-0.3003291190,-0.4818897247
3.0580811501,-0.1341251284,0.8299431205,0.0395736617,0.0073821428,0.9991871643,-0.0021071364,0.1664334089,0.1299061626,0.3835696876,0.3158239126,-0.3721711040,-0.0631856397,-0.2061163187,-0.1262793094,-0.0163767207,0.2790436149,-0.0506177731,0.1721846014,-0.1681006700,0.0787929520,0.1768529862,0.0030558086,0.4379656911,-0.1733820289,0.4650098681,-0.6826720238,-0.1896062791,-0.0689064935,-0.9695110321,-0.5582078099,0.1047884822,0.5759016871,0.7725507021,-0.3024909794,-0.5105160475
3.0534482002,-0.1322133988,0.8288878798,0.0433504465,0.0066441288,0.9988358517,-0.0200881993,0.1704885662,0.1353784204,0.3576450348,0.3137907982,-0.3692374825,-0.0681277663,-0.1687414497,-0.1391663998,-0.0601587631,0.2681149840,-0.0619486086,0.1690585464,-0.1584016383,0.0951939896,0.1651354134,0.0350114293,0.4395072460,-0.1679058820,0.5123232603,-0.6554213166,-0.1658167839,-0.1148061305,-0.9854567647,-0.5583078861,0.0682348609,0.6069235802,0.8070808649,-0.3304675221,-0.5348895788
3.0487565994,-0.1289916039,0.8305118084,0.0459480075,0.0069128011,0.9981391717,-0.0394865509,0.1675014645,0.1437787712,0.3337212205,0.3155264854,-0.3640730977,-0.0732363835,-0.1322282106,-0.1511792690,-0.1068295687,0.2530287504,-0.0733236298,0.1641762853,-0.1494211853,0.1125048026,0.1580620706,0.0562641695,0.4349223971,-0.1535036564,0.5328791142,-0.6444473863,-0.1517176330,-0.1509548426,-0.9668631554,-0.5574683547,0.0182509273,0.5861423016,0.8345581293,-0.3617251217,-0.5429894328
3.0448780060,-0.1248170957,0.8295993209,0.0473521164,0.0077250390,0.9969710072,-0.0612120216,0.1576882005,0.1539074183,0.3063561022,0.3243538141,-0.3599699140,-0.0781028494,-0.0975875482,-0.1634822041,-0.1585489959,0.2388829589,-0.0874657482,0.1571927071,-0.1424343735,0.1321828067,0.1555204690,0.0716204643,0.4240716696,-0.1339238435,0.5314205289,-0.6562452912,-0.1458736062,-0.1713903993,-0.9173875451,-0.5469554067,-0.0486824363,0.5185616016,0.8748010993,-0.4044579864,-0.5429909825
3.0406460762,-0.1216107011,0.8312697411,0.0473441752,0.0079132450,0.9960613445,-0.0745500341,0.1505210549,0.1648169011,0.2958787680,0.3288593590,-0.3534634113,-0.0809978619,-0.0774528682,-0.1654407680,-0.1794421375,0.2288367301,-0.0918238312,0.1533703655,-0.1360221356,0.1435685307,0.1543069035,0.0859117657,0.4224983454,-0.1165773794,0.5151404142,-0.6603875160,-0.1432452351,-0.1823636740,-0.8610579967,-0.5331417918,-0.1012728140,0.4382461309,0.8821033835,-0.4289170206,-0.5340455770
3.0368576050,-0.1155401617,0.8302602172,0.0475934361,0.0093028814,0.9949656518,-0.0877021831,0.1410419941,0.1745807976,0.2795436978,0.3324745893,-0.3464444280,-0.0848516673,-0.0605092272,-0.1689497679,-0.2028323561,0.2241419405,-0.0955032036,0.1515282840,-0.1320210844,0.1551260501,0.1608247012,0.0932887942,0.4125365913,-0.0897643939,0.4947302938,-0.6802450418,-0.1437815577,-0.1832738817,-0.7782927752,-0.5003629923,-0.1531154364,0.3180307150,0.9073440433,-0.4494192302,-0.4968346357
3.0338876247,-0.1099331379,0.8323427439,0.0466108438,0.0110163001,0.9938572144,-0.0997692729,0.1329138279,0.1823741943,0.2638750374,0.3291572928,-0.3424515128,-0.0917708203,-0.0469742566,-0.1651753634,-0.2136927098,0.2186964452,-0.1019543409,0.1529660225,-0.1320358664,0.1642530710,0.1676210314,0.1018009707,0.4057180882,-0.0650327802,0.4809407294,-0.6970539093,-0.1423035860,-0.1905383915,-0.6941295266,-0.4615980983,-0.2007528692,0.1820169836,0.9244139791,-0.4642803073,-0.4493157864
3.0298268795,-0.1034387946,0.8327344656,0.0448243457,0.0134982929,0.9928096858,-0.1101703316,0.1194322631,0.1874735504,0.2521397471,0.3257070184,-0.3362323642,-0.0960456282,-0.0414489321,-0.1596110314,-0.2182635516,0.2210630327,-0.1107262969,0.1496070027,-0.1366578788,0.1718119383,0.1754419208,0.1085418686,0.4016451538,-0.0375638679,0.4807323515,-0.7012909055,-0.1404911280,-0.1979894042,-0.6051732898,-0.4225907922,-0.2427856177,0.0487798341,0.9406382442,-0.4688661695,-0.3885917068
3.0273110867,-0.0970140770,0.8361131549,0.0410795960,0.0152404486,0.9915986134,-0.1217061439,0.1035439819,0.1928588003,0.2471832037,0.3164646924,-0.3301667869,-0.1023403704,-0.0421167947,-0.1513356864,-0.2234529853,0.2262839973,-0.1205048114,0.1439969987,-0.1512000561,0.1767646074,0.1809541434,0.1154003218,0.4014738500,-0.0080889417,0.4866773486,-0.7034060955,-0.1347750127,-0.1989383101,-0.5205526948,-0.4040375650,-0.2828826010,-0.0624280348,0.9513214231,-0.4640423357,-0.3371376991
3.0242681503,-0.0919404849,0.8394674063,0.0349145970,0.0170085873,0.9903256039,-0.1332174058,0.0889236853,0.1992598921,0.2653863430,0.3052785099,-0.3196506202,-0.1091073379,-0.0491804630,-0.1433478296,-0.2224467546,0.2291868478,-0.1254720241,0.1383908987,-0.1770246029,0.1762131453,0.1852691323,0.1238649115,0.4121390581,0.0230024196,0.5002723336,-0.6776542664,-0.1303815097,-0.1901132762,-0.4393458366,-0.4197328687,-0.3324190676,-0.1502852291,0.9753342271,-0.4600717127,-0.2979336679
3.0216834545,-0.0871847644,0.8421438932,0.0297232709,0.0192441600,0.9890709244,-0.1431254556,0.0797870979,0.2040752470,0.2966676056,0.2936121523,-0.3051368892,-0.1168728396,-0.0585129000,-0.1412148625,-0.2247534394,0.2339069396,-0.1270739883,0.1326889098,-0.2027918398,0.1671463251,0.1845812351,0.1360992193,0.4304790497,0.0537451729,0.5143982768,-0.6270959377,-0.1277629584,-0.1785425097,-0.3818778396,-0.4655165970,-0.3926483393,-0.1873387843,0.9722118378,-0.4608809948,-0.2895798087
3.0202250481,-0.0816202834,0.8463087678,0.0220435428,0.0230365487,0.9868259351,-0.1586126523,0.0779015869,0.2095404267,0.3542027473,0.2890641093,-0.2871157527,-0.1256223321,-0.0712824985,-0.1468795687,-0.2387700230,0.2361631691,-0.1208242998,0.1274856031,-0.2405965179,0.1482823044,0.1722410768,0.1516921371,0.4719282985,0.1013106406,0.5290347934,-0.5817713141,-0.1245399714,-0.1534893215,-0.3318832517,-0.5734996200,-0.4816510677,-0.1905304343,0.9734865427,-0.4661020637,-0.3144361973
3.0186710358,-0.0782532841,0.8492535949,0.0148815029,0.0286420977,0.9833198847,-0.1789976966,0.0932351574,0.2194775194,0.4330524206,0.3027772307,-0.2615512609,-0.1350511312,-0.0833412930,-0.1607158184,-0.2563695312,0.2418554127,-0.1112136394,0.1228113696,-0.2773269117,0.1168992445,0.1529299021,0.1606414020,0.5493376255,0.1646429151,0.5439295173,-0.5633615851,-0.1254042983,-0.1061345711,-0.3074303269,-0.7575640678,-0.5931555629,-0.1150679588,0.9382569194,-0.4633197486,-0.3685010970
3.0178976059,-0.0723984018,0.8515533209,0.0113505021,0.0337462420,0.9788374157,-0.2015184134,0.1323157847,0.2465855479,0.5349562764,0.3352857828,-0.2216582894,-0.1555310637,-0.0895868316,-0.1676022708,-0.2599134445,0.2427746654,-0.1083821654,0.1167794764,-0.3091214597,0.0772326514,0.1329284906,0.1636991054,0.6680110097,0.2390700281,0.5511593819,-0.5782642961,-0.1334341317,-0.0488830693,-0.3033652902,-1.0090034008,-0.6999723315,0.1005267501,0.8905496597,-0.4371697903,-0.4521233439
3.0179634094,-0.0682834685,0.8519723415,0.0080260820,0.0390800532,0.9728258152,-0.2280751294,0.1798949689,0.2568468153,0.5686732531,0.3647783101,-0.1320029795,-0.1993995458,-0.0876013488,-0.1677667946,-0.2292379141,0.2353265435,-0.1070663184,0.1143608913,-0.3351295292,0.0304469857,0.1163934097,0.1404141486,0.8292579651,0.3315996826,0.5988518000,-0.6280699968,-0.1755062342,0.1268452406,-0.2721397877,-1.3731417656,-0.7631435990,0.5386579633,0.8372559547,-0.3200292885,-0.4914755225
3.0165710449,-0.0681073070,0.8532872796,0.0012867774,0.0438013407,0.9672680377,-0.2499446540,0.2179635614,0.2395232767,0.5318105221,0.3939143419,-0.0453197993,-0.2528379261,-0.0982795656,-0.1683018506,-0.1664415300,0.2428337038,-0.1210645363,0.1117587090,-0.3554099500,-0.0000318218,0.1023726985,0.1106862426,1.0156039000,0.4134218097,0.6607995033,-0.6116585135,-0.2385212779,0.3323497176,-0.2387950718,-1.7902077436,-0.7909905314,1.0341191292,0.6953439116,-0.1603633314,-0.3853645325
3.0225331783,-0.0676782802,0.8549377918,-0.0009937298,0.0463818784,0.9632206900,-0.2646764745,0.2573674619,0.2307227701,0.5543424487,0.4034042954,0.0062341765,-0.2617999911,-0.1071840450,-0.1751853228,-0.1587029696,0.2411243618,-0.1144440249,0.1167987436,-0.3767995536,0.0044808486,0.0734211802,0.0786976218,1.1046184301,0.4384636283,0.6729984879,-0.5553577542,-0.2490690351,0.3949044645,-0.2338642627,-1.9712067842,-0.7901074886,1.1063327789,0.5682750344,-0.1269964576,-0.3438386619
3.0270919800,-0.0666166171,0.8554583192,-0.0077392333,0.0453443338,0.9595676006,-0.2776941044,0.2836674750,0.2051752657,0.5594157577,0.3930180669,0.0936198235,-0.2617999911,-0.1213825941,-0.1769829094,-0.1485994905,0.2243355513,-0.0859576687,0.1270471066,-0.3927431703,0.0125268195,0.0370802544,0.0073407502,1.2093960047,0.4564324021,0.6564117670,-0.4475298226,-0.2459813505,0.4132530689,-0.2426096350,-2.1387791634,-0.8187745810,1.0281981230,0.4119967222,-0.1382915080,-0.3083491921
3.0345838070,-0.0674184412,0.8554338217,-0.0143025833,0.0431251521,0.9546482462,-0.2942488460,0.3072376251,0.1771803945,0.5508966446,0.3741636872,0.1468763202,-0.2617999911,-0.1301366240,-0.1826857775,-0.1722365469,0.1997820139,-0.0812932923,0.1311976463,-0.4068120122,0.0348977670,0.0129684238,-0.0753726065,1.2732770443,0.4514514804,0.5791769028,-0.3467883170,-0.2573728859,0.4138575196,-0.2434864044,-2.2396857738,-0.8662015200,0.8216860890,0.2197412848,-0.1629903316,-0.3186319172
3.0389313698,-0.0649338961,0.8553203344,-0.0188013895,0.0381404836,0.9502756698,-0.3084930513,0.3259429634,0.1620613486,0.5439684987,0.3554696441,0.1691967547,-0.2617999911,-0.1427075267,-0.1745848656,-0.1730434448,0.1855204701,-0.0605992600,0.1410926878,-0.4245673716,0.0312902927,-0.0101999128,-0.1512144953,1.3434884548,0.4372760653,0.4713564217,-0.2834925056,-0.2766078413,0.4460454583,-0.2375286520,-2.2514431477,-0.9198887348,0.5441923738,0.0831502527,-0.1864010394,-0.3805606067
3.0456087589,-0.0636761189,0.8542898297,-0.0190206096,0.0332186260,0.9435858150,-0.3289081163,0.3407543004,0.1543060392,0.5560145974,0.3443130851,0.1841747910,-0.2617999911,-0.1476169676,-0.1660843194,-0.1745663434,0.1717928052,-0.0451614559,0.1444347650,-0.4325857759,0.0348099247,-0.0083621424,-0.2571271956,1.3774017096,0.3995712399,0.3396127224,-0.2263454795,-0.2877532542,0.4883508980,-0.2142024636,-2.2514998913,-1.0166696310,0.2808167338,-0.0103741586,-0.1979131848,-0.4309181571
3.0502989292,-0.0597396083,0.8521717787,-0.0172843635,0.0282239970,0.9345188742,-0.3543714585,0.3455780149,0.1501813233,0.5723582506,0.3347961903,0.1916260570,-0.2617999911,-0.1445240378,-0.1592009813,-0.1899975389,0.1578961015,-0.0345602222,0.1483048052,-0.4272029698,0.0501088165,0.0056180339,-0.3940571249,1.3625713587,0.3294586241,0.1934808642,-0.1965026706,-0.2983891070,0.5148485899,-0.1622825265,-2.2514998913,-1.1496671438,0.0615258217,-0.0643878281,-0.2077028304,-0.4911788404
3.0530254841,-0.0568499044,0.8516305685,-0.0140472233,0.0242153335,0.9245426189,-0.3800489956,0.3407845497,0.1499838978,0.5913535357,0.3384787440,0.1740798652,-0.2617999911,-0.1291469187,-0.1533520222,-0.2114853710,0.1433247775,-0.0384650119,0.1472165883,-0.4064390659,0.0689827353,0.0145222601,-0.5293723941,1.3063998222,0.2301316857,0.0698038787,-0.1891275048,-0.3059407473,0.5261825919,-0.0831701979,-2.2514998913,-1.2721543312,-0.0669501200,-0.0933981985,-0.1976259947,-0.5206100345
3.0567646027,-0.0553119220,0.8495044708,-0.0082493295,0.0200435671,0.9106581915,-0.4125916411,0.3297312260,0.1572070569,0.6105086803,0.3546978831,0.1207190380,-0.2617999911,-0.1039644107,-0.1468227208,-0.2403979748,0.1313663721,-0.0384895913,0.1448958963,-0.3559694588,0.0822708160,0.0142930085,-0.6990838051,1.2089189291,0.0804795772,-0.0533666387,-0.1815206707,-0.3152348697,0.5455322266,0.0372463129,-2.2514998913,-1.4087266922,-0.1774757355,-0.1601987630,-0.1645580679,-0.5449638963
3.0613145828,-0.0539243333,0.8485815525,-0.0031831240,0.0196602648,0.8897711891,-0.4559721184,0.3078212738,0.1598200351,0.6498082876,0.3904534876,0.0733983740,-0.2430965751,-0.0767034963,-0.1689454764,-0.2974158227,0.1311887205,-0.0428538397,0.1424758732,-0.2949398160,0.0947793722,0.0229595583,-0.8208815455,1.0692014694,-0.0351026617,-0.1583827436,-0.2116415054,-0.3313655555,0.5266126394,0.1380565166,-2.2514998913,-1.5118473768,-0.2450561225,-0.2291447669,-0.1335174441,-0.5743361115
3.0722742081,-0.0526931882,0.8468632698,0.0024856546,0.0191337302,0.8663715854,-0.4990270513,0.2695094943,0.1466988325,0.6663566828,0.4296790659,0.0182121731,-0.2068991363,-0.0535703525,-0.1945659965,-0.3573762774,0.1365002394,-0.0397773832,0.1441362351,-0.2216641456,0.1212952062,0.0371456333,-0.8995149732,0.9075390697,-0.1105494201,-0.2267486453,-0.2750598490,-0.3477002680,0.4979932308,0.2378243059,-2.2514998913,-1.5966180563,-0.2736186385,-0.2723219097,-0.1031906530,-0.6217644811
3.0801138878,-0.0490067303,0.8449262381,0.0079528000,0.0188698992,0.8403818616,-0.5416077977,0.2218897939,0.1209483519,0.6522198915,0.4698258340,-0.0408973657,-0.1705023348,-0.0318886824,-0.2170400918,-0.4059732258,0.1420833319,-0.0367762819,0.1454698592,-0.1482244730,0.1607725769,0.0545013174,-0.9311931729,0.7545633912,-0.1487658173,-0.2691789567,-0.3332551420,-0.3542993963,0.4695635438,0.3485994637,-2.2514190674,-1.6729615927,-0.2837180793,-0.2984229624,-0.0754816756,-0.6734710932
3.0917820930,-0.0433148220,0.8410369754,0.0133935901,0.0192810892,0.8133920969,-0.5812419015,0.1866614223,0.0828564167,0.6259770989,0.4862090647,-0.1414288878,-0.1287126988,-0.0158053674,-0.2367834300,-0.4487823844,0.1505094469,-0.0406165235,0.1504315138,-0.0745723173,0.1986164600,0.0813007057,-0.9232527614,0.6269826889,-0.1816215366,-0.3147660196,-0.3842890263,-0.3700839877,0.4426161647,0.4517676532,-2.2441565990,-1.7470856905,-0.2735273540,-0.2935641706,-0.0689357966,-0.7212017775
3.1003797054,-0.0389994904,0.8367528319,0.0173970122,0.0171009951,0.7920422987,-0.6099786037,0.1555588096,0.0508190654,0.5953029394,0.4920212626,-0.2010166645,-0.1040536314,-0.0136567606,-0.2466015965,-0.4895377457,0.1644083112,-0.0530079305,0.1525956541,-0.0258674510,0.2343712598,0.0891865641,-0.8923943639,0.5409770608,-0.2019612640,-0.3492282927,-0.4344058633,-0.3776181340,0.4068393111,0.5550910830,-2.2330954075,-1.8120497465,-0.2704105675,-0.2898489237,-0.0722489357,-0.7353034019
3.1092739105,-0.0325490944,0.8332192898,0.0214517973,0.0172603857,0.7629543546,-0.6458657386,0.1433870345,0.0148602771,0.5640967488,0.4865499735,-0.2812558711,-0.0672464818,-0.0118966764,-0.2645472288,-0.5348176360,0.1937876046,-0.0646643266,0.1527243853,0.0270352215,0.2676180899,0.1096122414,-0.8600397706,0.4644403458,-0.2456749380,-0.3868502080,-0.4638286233,-0.3784863055,0.3702377379,0.6476244330,-2.2514173985,-1.8715925217,-0.2665189803,-0.2737320065,-0.0782477409,-0.7726617455
3.1165716648,-0.0284212064,0.8286523819,0.0247747288,0.0169370830,0.7266560935,-0.6863455907,0.1236046702,-0.0149332276,0.4872491062,0.4875310361,-0.3341755271,-0.0386277996,-0.0223503690,-0.2896898389,-0.5786514282,0.2820788026,-0.0985733271,0.1510206610,0.0968096703,0.3001971245,0.1246403754,-0.8665661216,0.3732237518,-0.3052363992,-0.4193960130,-0.4915167391,-0.3675670922,0.3065679073,0.7780178785,-2.2514998913,-1.9625344276,-0.2996132970,-0.2416879535,-0.1272622347,-0.7911315560
3.1190259457,-0.0240200739,0.8247377276,0.0265886356,0.0192126185,0.6877889653,-0.7251691243,0.1142605618,-0.0090366863,0.4509899616,0.4844618440,-0.3675518334,-0.0135259954,-0.0308633652,-0.3269502819,-0.6069877744,0.4202094674,-0.1408315748,0.1379424036,0.1664302200,0.3362644911,0.1224197522,-0.8824157119,0.2666434646,-0.3727298081,-0.4396132231,-0.5248902440,-0.3426676095,0.2408230901,0.8747105002,-2.2514998913,-1.9999980927,-0.3213231564,-0.2220047414,-0.1510048360,-0.8161134124
3.1183311939,-0.0218112431,0.8220050931,0.0317628934,0.0231508849,0.6463565662,-0.7620225354,0.1149097756,0.0143356025,0.4346989393,0.5009297132,-0.4163897038,0.0127901258,-0.0132187791,-0.3787503839,-0.6459589005,0.6056761146,-0.1798161417,0.1121860892,0.2112890631,0.3797130585,0.1398992687,-0.9047585726,0.1680965126,-0.4479873180,-0.4585379958,-0.5161472559,-0.3144584298,0.1796740890,0.9538234472,-2.2514998913,-2.0000000000,-0.3330303431,-0.1681680828,-0.1749780476,-0.8031142354
3.1144561768,-0.0180104617,0.8143231273,0.0309590210,0.0257515457,0.5982212358,-0.8003185303,0.0649273917,0.0514507480,0.4366764724,0.5986373425,-0.4832976162,0.0324277021,-0.0450043008,-0.5065376163,-0.6353302002,0.9741374254,-0.1955148131,0.0967573449,0.2787600756,0.4578098655,0.1325118244,-0.9404450059,0.0463638529,-0.4909175038,-0.4485918880,-0.5030804276,-0.2445054948,0.0633427873,1.0406574011,-2.2513833046,-2.0000000000,-0.3748768568,-0.0903247967,-0.2051184177,-0.7831077576
3.1084051132,-0.0154166427,0.8095794320,0.0304510240,0.0260653627,0.5555838950,-0.8304937493,0.0498026647,0.1013117433,0.4757557809,0.6417621374,-0.5099189281,0.0504734740,-0.0263144467,-0.5762161613,-0.6061205864,1.1798940897,-0.1695166379,0.1085979640,0.3342468739,0.4706534445,0.1352342367,-0.9226913452,0.0129157808,-0.5754302740,-0.4328898191,-0.4926986098,-0.2208941132,0.0136942510,1.0674761534,-2.2293274403,-2.0000000000,-0.3427366614,-0.0351710580,-0.2198818922,-0.8190573454
3.0973606110,-0.0149969850,0.8057473898,0.0325555836,0.0327389908,0.4856692806,-0.8729224721,0.0196909290,0.1653039157,0.4929555655,0.7073084116,-0.5442181230,0.0819820985,-0.0012067604,-0.6220835447,-0.4878688455,1.4775253534,-0.1167196706,0.1725589037,0.4366182089,0.4934872687,0.1600006521,-0.9272030592,-0.0190322213,-0.7078374624,-0.4044620991,-0.4804010987,-0.2028253227,-0.0067548905,1.0803972483,-2.1489441395,-2.0000000000,-0.2450065464,0.1260731071,-0.2731668651,-0.8872216344
3.0832989216,-0.0184871666,0.8043437600,0.0317693612,0.0407482234,0.4069226959,-0.9120001149,-0.0277450122,0.2170284539,0.4659318328,0.7759994268,-0.5588944554,0.1026086807,0.0564631335,-0.6117717624,-0.3695215285,1.7313367128,-0.0751520023,0.2451239973,0.5356507897,0.5199999809,0.2167960256,-0.9404041767,-0.0440639779,-0.8379260898,-0.3294965327,-0.4516973495,-0.1669021249,0.0050855060,1.0938440561,-2.1076390743,-2.0000000000,-0.1055227444,0.4102177024,-0.3456023335,-0.9261870384
3.0694825649,-0.0308027565,0.8026933074,0.0330862633,0.0512637693,0.3402977952,-0.9383361528,-0.0589507483,0.2579515576,0.4019925296,0.8261059523,-0.5536691546,0.1032930464,0.1409142315,-0.5615888238,-0.3080642521,1.9724636078,-0.0730081201,0.2617971301,0.4663438499,0.5199999809,0.3677477241,-0.9712169170,-0.0181965176,-0.8292956948,-0.1786685735,-0.3985508680,-0.1143905073,0.0417830646,1.1468621492,-2.2508025169,-2.0000000000,0.0604503565,0.8958507180,-0.4460079968,-0.7311103940
3.0569088459,-0.0405621752,0.8053457141,0.0378892317,0.0532973456,0.2756055346,-0.9590439971,-0.0954526588,0.2735767961,0.3259177506,0.8253244162,-0.5095164776,0.1021426991,0.1730515808,-0.5063768029,-0.2814336419,2.1351153851,-0.0454357713,0.2612830400,0.4927835464,0.5199999809,0.4684799612,-1.0353443623,-0.0293579381,-0.8380635381,-0.0755062476,-0.3576142788,-0.0822947472,0.0223642401,1.1490000486,-2.2514998913,-2.0000000000,0.0906337947,1.2292714119,-0.3698069751,-0.4123246968
3.0516965389,-0.0513025224,0.8085744381,0.0406960948,0.0570135365,0.2193192045,-0.9731353303,-0.1270462871,0.2655436993,0.2492830008,0.8189833164,-0.4824300408,0.0882225782,0.1718272716,-0.4676105380,-0.2966979146,2.2438533306,-0.0693563968,0.2606042922,0.5866983533,0.5199999809,0.4976184368,-1.0975443125,-0.0483666807,-0.9166596532,-0.0346006826,-0.3419446349,-0.0677498877,0.0202141460,1.1490000486,-2.2514998913,-2.0000000000,0.1311369985,1.3814117908,-0.2520189583,-0.2844302356
3.0513837337,-0.0602087006,0.8078721166,0.0383611656,0.0612776130,0.1642587779,-0.9837644683,-0.1426105946,0.2512557805,0.2092847973,0.8185023069,-0.4501394331,0.0760904551,0.1267382056,-0.4642524421,-0.3096868694,2.2489914894,-0.0859005228,0.2597402334,0.6263511181,0.5199999809,0.5136401653,-1.1280881166,-0.0647850931,-0.9819815755,-0.0064667827,-0.3613357246,-0.0604052320,0.0358262658,1.1490000486,-2.2514998913,-2.0000000000,0.1633034348,1.4487683773,-0.1574429870,-0.2029806972
3.0528106689,-0.0704520866,0.8045407534,0.0320769169,0.0608683216,0.1037029678,-0.9922256867,-0.1703802347,0.2333953679,0.1680167913,0.8339631557,-0.3719515502,0.0423908345,0.0319427177,-0.5491290092,-0.3114769757,2.1204495430,-0.0962518454,0.2198694199,0.6010273695,0.5199999809,0.5197356343,-1.1143927574,-0.0646362901,-1.0246090889,0.0179541670,-0.3786587119,-0.0561834984,0.0522667319,1.1490000486,-2.2514998913,-2.0000000000,0.1827555001,1.4448559284,-0.1087403446,-0.1525171399
3.0549302101,-0.0818320513,0.8017272353,0.0233052470,0.0584290112,0.0538697289,-0.9965645832,-0.1833296120,0.2385662347,0.1548704207,0.8203929663,-0.2972256541,-0.0012892648,-0.0745724067,-0.6445709467,-0.3359692693,1.9026561975,-0.1146250740,0.1687972695,0.5569724441,0.5199999809,0.5199999809,-1.0634303093,-0.0405729264,-1.0296356678,0.0157673936,-0.3904348016,-0.0618415475,0.0646269321,1.1490000486,-2.2514998913,-1.9917179346,0.1911059469,1.4082605839,-0.0760377198,-0.1309414804
3.0560762882,-0.0948302150,0.8012925386,0.0127141183,0.0513992444,0.0127059972,-0.9985164127,-0.1840772480,0.2486425936,0.1630417407,0.7607237101,-0.1688276678,-0.0585374348,-0.1426852643,-0.7306595445,-0.3811973035,1.6274684668,-0.0506720729,0.1249251738,0.5384017229,0.5199999809,0.5199999809,-1.0084255934,-0.0171393137,-1.0374912024,0.0071686092,-0.3882120848,-0.0756978989,0.0645753965,1.1490000486,-2.2514998913,-1.9828773737,0.1679750234,1.3108580112,-0.0729319900,-0.1258950531
3.0543537140,-0.1087351888,0.8002291322,-0.0021876493,0.0383889936,-0.0110273678,-0.9991996280,-0.1803093255,0.2894887626,0.2622551918,0.7188453078,-0.0847315192,-0.1084531099,-0.1972552687,-0.8058865666,-0.4316390753,1.2865225077,0.0451671593,0.1163863242,0.5793403387,0.5199999809,0.5160179734,-0.9836326838,-0.0194861572,-1.0576292276,-0.0016687170,-0.4146018326,-0.0922568589,0.0392514504,1.1490000486,-2.2514998913,-1.9968882799,0.1877583712,1.2259337902,-0.0829044431,-0.1504182816
3.0506474972,-0.1264654696,0.8000407815,-0.0220065719,0.0309644592,-0.0309201227,-0.9987997092,-0.1692936271,0.3313788772,0.3712027967,0.7072260380,-0.0568581633,-0.1524747759,-0.2085008174,-0.8166834116,-0.4704752564,0.9110090733,0.0908194184,0.1620204896,0.5837097168,0.5199999809,0.5060338974,-0.9451416731,-0.0213732366,-1.0718864202,-0.0159614198,-0.4659474492,-0.1183025911,0.0128647201,1.1490000486,-2.2514998913,-2.0000000000,0.2001428753,1.1010849476,-0.0949936211,-0.1736180335
3.0511348248,-0.1385476589,0.8008785248,-0.0281256022,0.0342646718,-0.0459824828,-0.9979581625,-0.1500190496,0.3679901958,0.4173375964,0.7054399252,-0.0635338426,-0.1588337570,-0.1665354818,-0.8044795394,-0.5053736567,0.7231121063,0.1546962410,0.2071800232,0.5248898268,0.5199999809,0.4945251346,-0.8621671796,-0.0068848780,-1.0684351921,-0.0141570391,-0.5187998414,-0.1367969513,0.0041115000,1.1490000486,-2.2514998913,-1.9923478365,0.1766339988,1.0188144445,-0.1141815856,-0.2232378423
3.0468282700,-0.1518728286,0.8007284999,-0.0346716969,0.0276843731,-0.0604459107,-0.9971849080,-0.1766154468,0.4217360914,0.4491899312,0.7115156651,-0.0675345063,-0.1542286128,-0.1652788073,-0.7884300947,-0.4641167521,0.5828821063,0.1612554640,0.2488266826,0.5208479762,0.5199999809,0.4935702384,-0.8756240010,-0.0334946401,-1.0770578384,-0.0160463192,-0.5618329644,-0.1338209659,-0.0031663701,1.1490000486,-2.2514998913,-2.0000000000,0.2208817601,1.0012997389,-0.1173560247,-0.2641575933
3.0448422432,-0.1616090387,0.7953280210,-0.0302444454,0.0309626124,-0.0723631679,-0.9964387398,-0.1714813560,0.4646511674,0.4380889535,0.7112228870,-0.0449650735,-0.1677784771,-0.1385795027,-0.7559647560,-0.4665843546,0.5574164987,0.1025749594,0.2487168312,0.4289718270,0.5199999809,0.4859772027,-0.8674161434,-0.0474514030,-1.0712192059,0.0031883265,-0.5544880033,-0.1083772182,-0.0084212990,1.1490000486,-2.2514998913,-2.0000000000,0.2223315686,1.0650194883,-0.1046699509,-0.2670031488
3.0390453339,-0.1719801426,0.7913213372,-0.0224300436,0.0280363186,-0.0757928414,-0.9964769456,-0.1723741889,0.4981076419,0.4194328189,0.6879514456,-0.0449453816,-0.1725323945,-0.1515196264,-0.7310327291,-0.4661349952,0.5767709613,0.0437518656,0.2456691712,0.3830679059,0.5199999809,0.4994687140,-0.9760626554,-0.0749156699,-1.0738309622,0.0075327577,-0.5272090435,-0.0802149028,-0.0368508324,1.1490000486,-2.2514998913,-2.0000000000,0.2407517880,1.1003677845,-0.1012905687,-0.2412134856
3.0358972549,-0.1807657629,0.7861641049,-0.0152770778,0.0254786561,-0.0854771306,-0.9958971378,-0.1779418290,0.5218961835,0.4171240628,0.6794306636,-0.0628299490,-0.1679346859,-0.1622161269,-0.7291996479,-0.4859077632,0.6199222207,0.0116265006,0.2299428880,0.3303304315,0.5199999809,0.5068095922,-1.0744632483,-0.0871631578,-1.0889973640,0.0182772502,-0.5197822452,-0.0569127426,-0.0434478819,1.1490000486,-2.2514998913,-2.0000000000,0.2456413358,1.1444476843,-0.0940750167,-0.2144456059
3.0339198112,-0.1845884025,0.7818447351,-0.0080411246,0.0238507980,-0.0957607083,-0.9950861101,-0.1843827218,0.5465355515,0.4290088117,0.6894600391,-0.0878412947,-0.1633122414,-0.1803391874,-0.7167046666,-0.4711897075,0.6571645737,-0.0112056537,0.2241501808,0.2874363959,0.5199999809,0.5167108178,-1.1426852942,-0.0955424309,-1.1196662188,0.0239712186,-0.5319756269,-0.0450291038,-0.0415589921,1.1490000486,-2.2514998913,-2.0000000000,0.2511324286,1.2072420120,-0.0837757885,-0.1905588806
3.0317587852,-0.1870835572,0.7729009986,-0.0045417626,0.0223415718,-0.1024095194,-0.9944810289,-0.1955899000,0.5603113770,0.4337311685,0.7065855861,-0.0959325656,-0.1645969599,-0.2025433034,-0.7163802981,-0.4580844045,0.6943441629,-0.0264588855,0.2239922285,0.2632457018,0.5199999809,0.5199999809,-1.1869517565,-0.0933596566,-1.1368975639,0.0298061706,-0.5329226851,-0.0402254164,-0.0301589780,1.1490000486,-2.2514998913,-2.0000000000,0.2654032707,1.2484239340,-0.0600652769,-0.1729333848
3.0304207802,-0.1882510632,0.7676964402,-0.0016305325,0.0221195692,-0.1109473807,-0.9935787562,-0.2077738643,0.5778166652,0.4466306567,0.7397146821,-0.1089521796,-0.1653797776,-0.2201449573,-0.7199550867,-0.4374685287,0.7231617570,-0.0336225033,0.2286611646,0.2416729480,0.5199999809,0.5199999809,-1.2009228468,-0.0836303383,-1.1578614712,0.0289035831,-0.5321425796,-0.0416915268,-0.0142987622,1.1490000486,-2.2514998913,-1.9952112436,0.2806318998,1.2781562805,-0.0214952715,-0.1589877605
3.0285174847,-0.1893780679,0.7585523129,-0.0034692821,0.0220026863,-0.1176003390,-0.9928111634,-0.2355675399,0.5934937000,0.4513406754,0.7952489853,-0.1144919917,-0.1701976359,-0.2566577494,-0.7423554063,-0.4089688659,0.7703593373,-0.0421225540,0.2368809879,0.2551159263,0.5199999809,0.5199999809,-1.1924331188,-0.0626193061,-1.1606435776,0.0250105932,-0.5090968609,-0.0516986437,0.0222299863,1.1490000486,-2.2514998913,-1.9842523336,0.3242799044,1.2826466560,0.0337112956,-0.1458542794
3.0279018879,-0.1917325854,0.7488909960,-0.0088972394,0.0222734493,-0.1252944624,-0.9918296377,-0.2642491758,0.6039410233,0.4527814388,0.8566238284,-0.1134512201,-0.1787148714,-0.2910705805,-0.7774243951,-0.3863886893,0.8170692921,-0.0546197966,0.2358586192,0.2602405846,0.5199999809,0.5199999809,-1.1594667435,-0.0326722302,-1.1582219601,0.0170106757,-0.4666498899,-0.0656139404,0.0600605421,1.1490000486,-2.2514998913,-1.9469484091,0.3450476825,1.2455364466,0.0619171895,-0.1371883601
3.0255320072,-0.1944451928,0.7385008931,-0.0161424153,0.0226331396,-0.1297394517,-0.9911583315,-0.2918562889,0.6155459881,0.4553709924,0.9187323451,-0.1178403348,-0.1924404800,-0.3315333426,-0.8110857010,-0.3518817127,0.8630718589,-0.0638234615,0.2386053056,0.2623830438,0.5199999809,0.5199999809,-1.1167917252,0.0022067365,-1.1661263704,-0.0042120777,-0.4038197100,-0.0862597749,0.0984127074,1.1490000486,-2.2514998913,-1.9083402157,0.3449520469,1.1919804811,0.0678254515,-0.1295991838
3.0267546177,-0.1982863843,0.7281604409,-0.0256019179,0.0248972941,-0.1314515025,-0.9906791454,-0.3002609015,0.6338737607,0.4712644815,0.9815508723,-0.1245215088,-0.2050004900,-0.3701536357,-0.8445942402,-0.3091001213,0.9080847502,-0.0914710313,0.2333118469,0.2608943880,0.5199999809,0.5199999809,-1.0616697073,0.0398906767,-1.1757173538,-0.0251175817,-0.3636566401,-0.1019884944,0.1329146326,1.1490000486,-2.2514998913,-1.8701140881,0.3269161880,1.1328541040,0.0616687201,-0.1366376132
3.0281212330,-0.2043426335,0.7181054354,-0.0343734281,0.0302114854,-0.1276570387,-0.9907620371,-0.2858777046,0.6541504264,0.4836346805,1.0254520178,-0.1508217901,-0.2088395506,-0.3948055208,-0.8801736832,-0.2837851346,0.9525217414,-0.1381648332,0.2194992751,0.2517431676,0.5199999809,0.5199999809,-1.0046676397,0.0678846240,-1.1748313904,-0.0335896909,-0.3484705687,-0.1073002741,0.1510791183,1.1490000486,-2.2514998913,-1.8356801271,0.2985375226,1.1040153503,0.0549949594,-0.1472204477
3.0308392048,-0.2120210528,0.7042326927,-0.0458543489,0.0382334554,-0.1215689038,-0.9907858412,-0.2723388374,0.6847018003,0.4887450635,1.0876017809,-0.1698739231,-0.2238762975,-0.4591851532,-0.8965280652,-0.1939224154,1.0388013124,-0.2262772918,0.2071812004,0.2458831519,0.5199999809,0.5199999809,-0.9322022796,0.1039745137,-1.1846297979,-0.0562073477,-0.3436602950,-0.1184754074,0.1797444224,1.1490000486,-2.2514998913,-1.8165856600,0.2951959372,1.0465058088,0.0593805425,-0.1734491438
3.0349004269,-0.2225727439,0.6900097728,-0.0594843124,0.0454967567,-0.1139840897,-0.9906559892,-0.2621701658,0.7180394530,0.4935134053,1.1508216858,-0.2061158419,-0.2285491675,-0.5410162807,-0.9215380549,-0.1060397252,1.1462862492,-0.3348112702,0.1837801337,0.2508469820,0.5199999809,0.5199999809,-0.8640902638,0.1290974468,-1.2073596716,-0.0738744810,-0.3628686965,-0.1254920810,0.2109933794,1.1490000486,-2.2514998913,-1.8174772263,0.3355932832,0.9737337828,0.0836726949,-0.2082358450
3.0387792587,-0.2307485491,0.6768864393,-0.0680038488,0.0483126533,-0.1102060685,-0.9904019318,-0.2616912723,0.7461938262,0.4937750697,1.1964668036,-0.2471019626,-0.2203230262,-0.6111298203,-0.9390616417,-0.0384289213,1.2458283901,-0.4244029820,0.1605973244,0.2511292696,0.5199999809,0.5199999809,-0.8054797649,0.1378013939,-1.2468034029,-0.0722346008,-0.3894340396,-0.1151128188,0.2327977717,1.1490000486,-2.2514998913,-1.8156880140,0.4100093544,0.9117453694,0.1290933341,-0.2229625583
3.0409798622,-0.2354255468,0.6665310860,-0.0635133694,0.0520413303,-0.1111977343,-0.9904003310,-0.2454871088,0.7654669285,0.4956839085,1.2122237682,-0.2884395421,-0.2081391215,-0.6327939630,-0.9311666489,-0.0145435333,1.3159511089,-0.4745881855,0.1609340161,0.2137989700,0.5199999809,0.5199999809,-0.7784591317,0.1371923536,-1.2501976490,-0.0622457713,-0.3821125329,-0.1007983312,0.2524138093,1.1490000486,-2.2514998913,-1.7987835407,0.4094733596,0.9028202891,0.1414949149,-0.2198916078
3.0425944328,-0.2374276668,0.6584252715,-0.0563302472,0.0516802953,-0.1179560615,-0.9900719256,-0.2888942361,0.7758134604,0.4439787865,1.2367649078,-0.3187499046,-0.1913042516,-0.6663684249,-0.9179575443,0.0056948755,1.3945477009,-0.5122964978,0.1501683146,0.1744294316,0.5199999809,0.5199999809,-0.7908006310,0.1356069446,-1.2771373987,-0.0662031099,-0.3409503698,-0.0690830275,0.2929330170,1.1490000486,-2.2514998913,-1.7787417173,0.4195786119,0.8743295670,0.1539115012,-0.2079084665
3.0408554077,-0.2361061424,0.6568254232,-0.0486490570,0.0496368959,-0.1216931175,-0.9901314221,-0.3238712549,0.7755686045,0.4187808633,1.2576431036,-0.3266364038,-0.1821049452,-0.6719343662,-0.8915858865,0.0161957797,1.4198048115,-0.5193642974,0.1565469205,0.1435553879,0.5199999809,0.5199999809,-0.8105554581,0.1315807253,-1.2868952751,-0.0821923912,-0.3308351636,-0.0563884154,0.3157688677,1.1490000486,-2.2514998913,-1.7600504160,0.4069350660,0.8631690145,0.1528106481,-0.2031745762
3.0360541344,-0.2306681573,0.6576460600,-0.0362344057,0.0493901980,-0.1249658420,-0.9902682538,-0.3712886870,0.7640099525,0.3690471351,1.2794015408,-0.3251369894,-0.1766799986,-0.6608302593,-0.8622006774,0.0097472705,1.4283090830,-0.5044281483,0.1600515097,0.1069594547,0.5199999809,0.5199999809,-0.8584901690,0.1308535635,-1.2980644703,-0.0980052203,-0.3409439325,-0.0477605313,0.3125252128,1.1490000486,-2.2513952255,-1.7248412371,0.3543200493,0.8946948647,0.1337093264,-0.1966962665
3.0332050323,-0.2239245027,0.6607936025,-0.0239960011,0.0467354693,-0.1261276752,-0.9906219245,-0.4135880172,0.7448987365,0.3309536278,1.2898126841,-0.3227643073,-0.1705558300,-0.6376143694,-0.8263601661,-0.0058934763,1.4100431204,-0.4760278463,0.1801211834,0.0444315784,0.5199999809,0.5199999809,-0.8895815015,0.1343577206,-1.2706691027,-0.0972560495,-0.3118608296,-0.0502986833,0.3286966383,1.1490000486,-2.1920623779,-1.5975685120,0.2081545442,0.9162119627,0.0815281719,-0.2330255657
3.0309863091,-0.2161114365,0.6645721197,-0.0148171836,0.0502671331,-0.1293046008,-0.9902191609,-0.4269836545,0.7392125130,0.3207693100,1.3040648699,-0.3562704623,-0.1525611132,-0.5897650123,-0.8326200247,-0.0551227406,1.3892362118,-0.4519619942,0.1862068772,-0.0645614117,0.5199999809,0.5199999809,-0.8612514138,0.1335738450,-1.1876413822,-0.0764533207,-0.2887070775,-0.0536360219,0.3450320661,1.1490000486,-2.0513195992,-1.3781678677,-0.0815617517,0.9020746946,-0.0201416779,-0.3290159106
3.0317480564,-0.2078859061,0.6678138375,-0.0032435523,0.0544890421,-0.1341134594,-0.9894614715,-0.4317453504,0.7285332680,0.2945300937,1.3056678772,-0.3949971497,-0.1469795406,-0.5395388007,-0.8196879029,-0.0914610401,1.3716884851,-0.4284284711,0.2108163387,-0.1999402046,0.5199999809,0.5199999809,-0.7919123173,0.1251220852,-1.0605335236,-0.0533355437,-0.2541618347,-0.0649710223,0.3450635672,1.1490000486,-1.9073520899,-1.1407537460,-0.4152667224,0.7621789575,-0.1120298505,-0.4804955721
3.0306472778,-0.2040372938,0.6755862236,0.0062792915,0.0522440073,-0.1361247889,-0.9892932710,-0.4416347742,0.7193662524,0.2714408338,1.2844690084,-0.4119519293,-0.1414463818,-0.4954257607,-0.8198747635,-0.1601044983,1.3444795609,-0.3989972472,0.2105147690,-0.2269697934,0.5199999809,0.5199999809,-0.7976098061,0.1115300432,-1.0053241253,-0.0399941355,-0.2375672758,-0.0608551726,0.3159786165,1.1490000486,-1.8681327105,-1.1015084982,-0.5124450922,0.6956352592,-0.1316549629,-0.5157717466
3.0301012993,-0.2031230927,0.6866926551,0.0083452558,0.0505283635,-0.1374929578,-0.9891779050,-0.4283452630,0.6948534250,0.2691004276,1.2365093231,-0.3878104985,-0.1486126781,-0.4601708651,-0.8104861379,-0.1970518678,1.3041261435,-0.3621539176,0.2147163004,-0.2330926061,0.5199999809,0.5199999809,-0.8081333041,0.1090652719,-0.9693830013,-0.0251126736,-0.2131254524,-0.0637753010,0.2949478626,1.1458494663,-1.8444398642,-1.0918724537,-0.5616803169,0.6664445400,-0.1445779204,-0.5382860303
3.0318913460,-0.2030447274,0.7056732178,0.0128313165,0.0507575651,-0.1358082904,-0.9893508655,-0.3859958649,0.6635521054,0.2666806579,1.1263883114,-0.3167832494,-0.1721751243,-0.3966371417,-0.7903497815,-0.2620366514,1.2247679234,-0.2948333919,0.2112764865,-0.0819523484,0.5199999809,0.5199999809,-0.8865615129,0.0823291689,-1.0255632401,0.0018936222,-0.2057351023,-0.0710191801,0.2122197151,0.6895831823,-1.5022926331,-0.7125884891,-0.6856940389,0.5828639865,-0.1364348531,-0.4645717442
3.0297942162,-0.2083567381,0.7281523347,0.0209475330,0.0502874747,-0.1290339847,-0.9901427178,-0.3331754804,0.6499358416,0.2640590072,0.9920488000,-0.2130348086,-0.2092330754,-0.3184188604,-0.7581757307,-0.3569537103,1.1192971468,-0.2213761657,0.1869679689,0.0275100749,0.4109725952,0.5129188895,-0.9471887946,0.1516911834,-1.1504116058,0.0417970717,-0.1973534375,-0.0780147314,0.1902028024,-0.4510996938,-1.0121450424,0.2211858630,-0.2229079455,0.2110011131,-0.0488558263,-0.2827005684
3.0326504707,-0.2099676579,0.7490061522,0.0083363170,0.0469768395,-0.1279720102,-0.9906295205,-0.2586278319,0.5776487589,0.2760172784,0.8405547738,-0.0993039981,-0.2368113399,-0.2600260079,-0.7712820172,-0.4179008007,1.0042892694,-0.1260639280,0.1849598438,-0.1290010810,0.3240719736,0.5046684146,-0.7946152091,0.3112718761,-1.0043945312,0.0420593508,-0.1761745214,-0.0912441239,0.1608511806,-0.7198054790,-0.8436044455,0.5210895538,-0.1527678072,0.1873388737,-0.0522669666,-0.2902265787
3.0317068100,-0.2134900093,0.7675650716,-0.0071809037,0.0445302696,-0.1251346790,-0.9911139197,-0.1851378530,0.5041729212,0.2892524600,0.7083038688,0.0081639783,-0.2617999911,-0.2200753540,-0.7691096067,-0.4453512728,0.8898206949,-0.0349115692,0.1941051334,-0.1181661263,0.3143445253,0.4862367809,-0.7267510891,0.3453464508,-0.9567372203,0.0497393608,-0.1384140849,-0.1118543074,0.1537241340,-0.8039354086,-0.7678581476,0.5684581995,-0.0935519338,0.1515620351,-0.0457905307,-0.3169639111
3.0316958427,-0.2146488428,0.7824498415,-0.0267557522,0.0414589645,-0.1193093067,-0.9916302604,-0.1246040240,0.4260753691,0.3060656190,0.6020088792,0.0882623717,-0.2617999911,-0.2115064114,-0.7660341263,-0.4336124063,0.7896051407,0.0346739069,0.2153428644,-0.0880684704,0.3037891090,0.4554566741,-0.6501857638,0.3604050279,-0.9277049303,0.0593915097,-0.0998848528,-0.1362560987,0.1391538084,-0.8765326142,-0.6874476075,0.6033875346,-0.0087906709,0.0988904685,-0.0338311754,-0.3496354818
3.0328984261,-0.2179198861,0.7945389152,-0.0392209332,0.0387268070,-0.1118974994,-0.9921899528,-0.0832709223,0.3829581141,0.3097051680,0.5434881449,0.1283371896,-0.2617999911,-0.1948414147,-0.7730994225,-0.4504229724,0.7266656160,0.0694600940,0.2246621698,-0.0666585043,0.2931992412,0.4168378413,-0.5685745478,0.3602628112,-0.8938019872,0.0599699207,-0.1092966795,-0.1437622011,0.1155002341,-0.9085963368,-0.6242197156,0.6339439154,0.0510825701,0.0900876448,-0.0319389217,-0.3421882093
3.0325429440,-0.2219821364,0.8028173447,-0.0574721178,0.0335910249,-0.1034485857,-0.9924046497,-0.0331325158,0.3313321173,0.3334395885,0.4740590453,0.1897052377,-0.2617999911,-0.2062130272,-0.7763968110,-0.4150175750,0.6686716676,0.0832531005,0.2346618325,-0.0279026255,0.2831669152,0.3537516892,-0.4708028138,0.3553206325,-0.8675499558,0.0642219484,-0.0957231522,-0.1690278649,0.0846819878,-0.9217789173,-0.5313490033,0.6533555388,0.1581374258,0.0113502936,-0.0105399992,-0.3769239783
3.0360362530,-0.2268518209,0.8086785674,-0.0658838843,0.0303125744,-0.0950698135,-0.9928253583,-0.0022601513,0.3191766143,0.3414167166,0.4273400903,0.2076735646,-0.2617999911,-0.1934261769,-0.7754164934,-0.4282616377,0.6275867820,0.0566203222,0.2297694832,-0.0061410200,0.2787274420,0.2973159254,-0.3928343058,0.3332875073,-0.8287131190,0.0431289747,-0.1579504907,-0.1606828570,0.0539457500,-0.9113097191,-0.4746894836,0.6716618538,0.1946295351,0.0110146748,-0.0114314146,-0.3571407497
3.0389921665,-0.2373066247,0.8120985031,-0.0681973478,0.0286167117,-0.0925961740,-0.9929532487,0.0094516175,0.3229015768,0.3223656714,0.4025253952,0.2238215357,-0.2617999911,-0.1648733169,-0.7678656578,-0.4878021479,0.6234571934,0.0155235343,0.2055265754,-0.0077347076,0.2730299532,0.2703543305,-0.3578717113,0.2989925146,-0.7854578495,0.0511768311,-0.1761976779,-0.1461547315,0.0404086970,-0.8358001709,-0.4539579749,0.6474506259,0.1861030757,0.0808529183,-0.0363559015,-0.3581929207
3.0395879745,-0.2448243499,0.8138859868,-0.0656535831,0.0276336867,-0.0945625950,-0.9929672210,0.0065695532,0.3357794881,0.3131628335,0.4042263329,0.2314303368,-0.2617999911,-0.1521083266,-0.7473180294,-0.5205905437,0.6202225089,-0.0158754662,0.1856683046,-0.0284796227,0.2772483826,0.2605139613,-0.3590478897,0.3110949695,-0.7901844978,0.0500123724,-0.2057895511,-0.1362208277,0.0332162157,-0.7720618844,-0.4868416488,0.6371500492,0.1569717675,0.1125767827,-0.0481607132,-0.3129790127
3.0405302048,-0.2510455847,0.8117045760,-0.0562131903,0.0301946893,-0.0979662041,-0.9931419742,-0.0072125904,0.3675423563,0.3143485785,0.4294951260,0.1962498724,-0.2617999911,-0.1445884109,-0.7323365211,-0.5532007813,0.6498711109,-0.0404765122,0.1679529399,-0.0556795299,0.2890678048,0.2708938122,-0.4010508657,0.3105864823,-0.8074545860,0.0441090018,-0.2427187115,-0.1258733869,0.0360498093,-0.7114201784,-0.5207597613,0.6202880740,0.1116836593,0.1588316858,-0.0618386418,-0.2798830271
3.0377562046,-0.2528928816,0.8070507050,-0.0493643836,0.0310005449,-0.1017719196,-0.9930984847,-0.0230111517,0.3914865851,0.3231814802,0.4451715052,0.1638460606,-0.2617999911,-0.1486258358,-0.7185105681,-0.5563893914,0.6685702801,-0.0506764613,0.1681292355,-0.0706832409,0.3008525372,0.2800188661,-0.4558542371,0.3128859401,-0.8258175254,0.0294369701,-0.2592213154,-0.1235526800,0.0492576472,-0.6733815074,-0.5485787392,0.6088178754,0.0804186687,0.1707873344,-0.0643178672,-0.2788616717
3.0369086266,-0.2528097630,0.8006281853,-0.0396358565,0.0323547839,-0.1105637573,-0.9925511687,-0.0466019809,0.4273141623,0.3622657359,0.4796051681,0.0858997181,-0.2464365810,-0.1511553824,-0.7233610749,-0.5818353295,0.7115612030,-0.0616216548,0.1645935923,-0.1004526317,0.3141613901,0.3006041050,-0.5424994826,0.3099303246,-0.8504984379,0.0060295714,-0.3007547259,-0.1197893471,0.0600278750,-0.6534327865,-0.5766147375,0.6020094156,0.0294799563,0.2107552141,-0.0817505494,-0.2878097594
3.0321984291,-0.2503865063,0.7923119664,-0.0297906368,0.0329285010,-0.1128381143,-0.9926206686,-0.0702110976,0.4690683186,0.4033871293,0.5230889320,0.0423089601,-0.2395656705,-0.1617264450,-0.7241283655,-0.5878340602,0.7537584305,-0.0604795590,0.1647762954,-0.1254954189,0.3266017735,0.3305371702,-0.6279975772,0.3209278286,-0.8657094836,-0.0199722294,-0.3101968765,-0.1214394346,0.0839923993,-0.6428461671,-0.6029685140,0.6006556153,-0.0271683130,0.2513610125,-0.0915234759,-0.2765355408
3.0299792290,-0.2492364496,0.7811115384,-0.0206357293,0.0371348664,-0.1105730661,-0.9929595991,-0.0951287821,0.5080717206,0.4133850634,0.5789210796,-0.0065744687,-0.2309807837,-0.1872081012,-0.7206303477,-0.5606505871,0.8136291504,-0.0864473581,0.1715303510,-0.1420600712,0.3306030333,0.3752435744,-0.6894946694,0.3437153399,-0.8767614365,-0.0336511247,-0.3132110238,-0.1232343242,0.1290583163,-0.6331854463,-0.6202496290,0.6059923172,-0.0338478126,0.2626465261,-0.0869370624,-0.2946242094
3.0254182816,-0.2485434264,0.7682683468,-0.0155888559,0.0419762645,-0.1082550481,-0.9931142056,-0.1188220456,0.5421524048,0.4127301574,0.6410746574,-0.0521588922,-0.2339638025,-0.2178937793,-0.7263973355,-0.5243285894,0.8935939074,-0.1170692220,0.1862359345,-0.1501686275,0.3219738305,0.4172464609,-0.7266020775,0.3774706125,-0.8744527698,-0.0474242978,-0.3053576648,-0.1276955307,0.1759665459,-0.6272428632,-0.6257524490,0.6114385724,-0.0280115698,0.2649652064,-0.0788319409,-0.3144830167
3.0233006477,-0.2468901873,0.7553117275,-0.0162493587,0.0457117746,-0.1055074191,-0.9932344016,-0.1384743005,0.5755130053,0.4243262410,0.7206711769,-0.1016384587,-0.2351763099,-0.2479950041,-0.7601578236,-0.5033529401,0.9849671125,-0.1658989638,0.1831980497,-0.1426735669,0.3068388999,0.4524892271,-0.7347342372,0.4147478938,-0.8591096997,-0.0564580113,-0.2574316561,-0.1344224662,0.2225611508,-0.6391512156,-0.6375069618,0.6188758612,-0.0326228999,0.2172926217,-0.0735758021,-0.3292202652
3.0221695900,-0.2488642633,0.7404723167,-0.0179684663,0.0485091837,-0.1018099773,-0.9934579618,-0.1467573643,0.6091033220,0.4386962652,0.7829425931,-0.1547433138,-0.2302361131,-0.2729172409,-0.7972253561,-0.4935569763,1.0636645555,-0.2190339863,0.1710576564,-0.1338995546,0.2959324121,0.4696490765,-0.7108938694,0.4404784441,-0.8541316390,-0.0655636191,-0.2596306801,-0.1383478791,0.2381036431,-0.6486001611,-0.6414940953,0.6268252730,-0.0146099757,0.1938239485,-0.0657337978,-0.3334703445
3.0205836296,-0.2483230233,0.7259854674,-0.0212968701,0.0514420201,-0.0976092451,-0.9936662403,-0.1690711230,0.6521739364,0.4378481209,0.8841270804,-0.2283383757,-0.2237499356,-0.3359394372,-0.8356388807,-0.4363938570,1.1809399128,-0.2958551943,0.1595403850,-0.1299644709,0.2891823351,0.4945772886,-0.6758084297,0.4663315713,-0.8443714380,-0.0828621089,-0.2754709125,-0.1467813849,0.2783728838,-0.6775615811,-0.6375588179,0.6408512592,0.0347327217,0.1502080858,-0.0510889031,-0.3440667987
3.0214214325,-0.2495478988,0.7118422985,-0.0248910958,0.0563410682,-0.0933943114,-0.9937221040,-0.1849372685,0.6931705475,0.4245530367,0.9788220525,-0.2977128625,-0.2190823108,-0.4077202380,-0.8673450351,-0.3700155020,1.2971557379,-0.3865316510,0.1443272680,-0.1219230667,0.2817928791,0.5003371835,-0.6206867099,0.4879297614,-0.8453993797,-0.1037957668,-0.3061900437,-0.1502072513,0.3143108785,-0.6925984025,-0.6165576577,0.6584751010,0.1000898257,0.1125020385,-0.0316734910,-0.3594735265
3.0195772648,-0.2514115572,0.6938267350,-0.0272547623,0.0645374884,-0.0858046717,-0.9938458879,-0.1854649484,0.7442170978,0.4202080071,1.0570957661,-0.3578986824,-0.2142327428,-0.4735536575,-0.8938488960,-0.3080313802,1.3832155466,-0.4674374759,0.1300869286,-0.1230460778,0.2802145481,0.5087726712,-0.5473815203,0.4928741753,-0.8362079263,-0.1126183718,-0.3722118437,-0.1506484151,0.3294883966,-0.6930275559,-0.5816003680,0.6552394629,0.1643074900,0.0762998760,-0.0301116295,-0.3719463050
3.0204823017,-0.2509046197,0.6824494004,-0.0313518613,0.0647598669,-0.0745017173,-0.9946218953,-0.1767518371,0.7704381943,0.4238991141,1.0838710070,-0.3767117560,-0.2146485001,-0.5371022820,-0.9208122492,-0.2654054761,1.4202802181,-0.4995892048,0.1186705083,-0.1279032379,0.2830839455,0.5163472295,-0.4582319558,0.4946836531,-0.8217523694,-0.1052262932,-0.3889820874,-0.1495133340,0.3559563160,-0.6756555438,-0.5368282199,0.6538618207,0.2464885563,0.0200817250,-0.0178390555,-0.3932050467
3.0249080658,-0.2468868643,0.6876009107,-0.0312363811,0.0614258700,-0.0531247719,-0.9962072624,-0.1467172205,0.7603631616,0.4346197844,1.0611858368,-0.3144176602,-0.2322719246,-0.5494772792,-0.9245297313,-0.2676011026,1.4070676565,-0.4928238094,0.1099424362,-0.1468353420,0.2854280770,0.5199999809,-0.3658727705,0.4725427330,-0.7944793701,-0.0669468120,-0.3612159193,-0.1656465828,0.3346008956,-0.6540310383,-0.4863029122,0.6525372863,0.3294306695,-0.0061724982,-0.0235053990,-0.3753629923
3.0286450386,-0.2400850207,0.6988720298,-0.0324225096,0.0566843124,-0.0324962368,-0.9973362844,-0.1257856190,0.7118154168,0.4199660718,1.0034042597,-0.1895509511,-0.2617999017,-0.5451071858,-0.9215521812,-0.2890721262,1.3501352072,-0.4470216036,0.1030134857,-0.1585176587,0.2973284721,0.5199999809,-0.3132669926,0.4609328806,-0.7706003189,-0.0347575136,-0.3385396898,-0.1787203550,0.3200837970,-0.6608077884,-0.4399704039,0.6709040999,0.3617763519,0.0061430559,-0.0257721283,-0.3550265729
3.0307462215,-0.2256708443,0.7208017707,-0.0409065368,0.0511464991,-0.0071287746,-0.9978275760,-0.0955611244,0.6278973222,0.4360744059,0.9268704057,-0.0057007414,-0.2617999911,-0.4993964434,-0.9344448447,-0.3505441546,1.2196855545,-0.3538221717,0.0863464922,-0.1602731645,0.3170057237,0.5153461099,-0.2839727104,0.4493456483,-0.7417502403,-0.0117991734,-0.3058390319,-0.1950291395,0.2737161815,-0.6888362169,-0.4096849859,0.7011847496,0.3701361716,0.0277363155,-0.0276886597,-0.3337578177
3.0366051197,-0.2143034637,0.7463449240,-0.0523825962,0.0478489775,0.0266521985,-0.9971239638,-0.1057423577,0.5352921486,0.4061906636,0.9405345917,0.1300182194,-0.2617999911,-0.4409771860,-0.8926113248,-0.3749252260,1.0323891640,-0.1911814958,0.1055992097,-0.1311323345,0.3359459937,0.5071072578,-0.2687556744,0.4515809417,-0.7214303017,-0.0168905687,-0.2591803074,-0.2092141956,0.2520808876,-0.7152670622,-0.3851928115,0.7454332113,0.3920423687,0.0524541363,-0.0250423942,-0.3165164590
3.0431842804,-0.2031302452,0.7675822973,-0.0613012559,0.0533303270,0.0626660793,-0.9947215664,-0.1953310817,0.4914197028,0.3197193146,1.1669676304,0.1851224005,-0.2617999911,-0.3810072541,-0.8190417290,-0.3545410633,0.9109573364,-0.0431532711,0.1221694425,-0.0676532462,0.3505990207,0.5025842786,-0.2750362456,0.4831985533,-0.7080607414,-0.0656357929,-0.2154382318,-0.2025862038,0.2746916115,-0.7374402881,-0.3767387867,0.7785505652,0.4027654529,0.0224975161,-0.0138991782,-0.3082365990
3.0541698933,-0.2014667988,0.7861772180,-0.0644508166,0.0714642121,0.0972432439,-0.9905971483,-0.3265158236,0.4662777781,0.1903371215,1.5003867149,0.1678313911,-0.2617999911,-0.3221426308,-0.7598075867,-0.3436353803,0.9434136748,-0.0657529682,0.0925844312,0.0191851705,0.3549504280,0.5059568882,-0.3048972487,0.5444474816,-0.7013289332,-0.1429202259,-0.1880452335,-0.1965717226,0.3158583343,-0.7579823732,-0.3874462843,0.7988536358,0.4020105600,-0.0200135354,-0.0204820409,-0.3197879195
3.0633676052,-0.2089601606,0.7966123223,-0.0655342862,0.0888212398,0.1232077777,-0.9862230418,-0.4920252860,0.3785560131,0.0416123196,1.7992475033,0.1173772216,-0.2588418424,-0.2761835456,-0.6803568602,-0.3108313084,1.0438414812,-0.1016825736,0.0828370824,0.0984660536,0.3376500309,0.5101075768,-0.3694945276,0.6275229454,-0.7180449367,-0.2285376191,-0.1931135356,-0.1976661682,0.3457838595,-0.7419484258,-0.4034264982,0.7744764090,0.4798248112,-0.0040065502,-0.0349995196,-0.3422797918
3.0723547935,-0.2158164829,0.8065796494,-0.0683714219,0.1001343419,0.1401192979,-0.9826825757,-0.6078994274,0.3093351126,-0.0343340486,2.0074136257,0.1093602180,-0.2226723284,-0.2031134814,-0.6205489039,-0.3019589782,1.0528985262,-0.1385648847,0.0859138146,0.1600048393,0.3241241276,0.5097092986,-0.4344620109,0.7223804593,-0.7117616534,-0.2978550792,-0.1851852834,-0.2057716250,0.3388728797,-0.7201554179,-0.4378194809,0.7413557768,0.5579421520,-0.0054093199,-0.0417259708,-0.3584172726
3.0792627335,-0.2216577977,0.8157638907,-0.0655916627,0.1206540457,0.1565077145,-0.9780826501,-0.7631018758,0.2376357466,-0.0874860883,2.2575149536,0.0433096327,-0.1627931744,-0.1131795570,-0.5200288296,-0.2623974383,1.0269312859,-0.1291422844,0.1299822181,0.2092182487,0.3150868118,0.5130811930,-0.4993238151,0.8325029612,-0.6908133030,-0.3671267033,-0.2541019022,-0.2213557810,0.3333602548,-0.6633460522,-0.4900920987,0.6724768877,0.6870867014,0.0412137881,-0.0479030348,-0.3505267203
3.0934352875,-0.2306274474,0.8199761510,-0.0642771556,0.1362584797,0.1791039215,-0.9722262387,-0.8116733432,0.1040875167,-0.1130272970,2.4417657852,-0.1851090938,-0.2121523768,0.0486685261,-0.4532313049,-0.2920740843,0.8669851422,-0.1703923494,0.1615478396,0.2844528854,0.2971234322,0.5022746325,-0.5357655883,0.9739964008,-0.6444934607,-0.4199754596,-0.2863151729,-0.2435002178,0.3425944448,-0.5495404005,-0.5139516592,0.5756484270,0.8358482718,0.1199244708,-0.0437282845,-0.3375093937
3.0913152695,-0.2307105809,0.8228420019,-0.0589399650,0.1385349367,0.2051495811,-0.9670821068,-1.0274174213,0.1091407686,-0.0481467433,2.4295656681,-0.1662511230,-0.1465111524,0.1290830821,-0.3856435716,-0.3359180689,0.7340373397,-0.1841389090,0.1597789973,0.3708797097,0.3175825477,0.5085008740,-0.5456030369,1.0901199579,-0.5237926841,-0.4147750735,-0.3585764766,-0.2761210799,0.3174796402,-0.4465613067,-0.5820705295,0.4866838753,0.9648289084,0.1247192100,-0.0244912468,-0.2349779755
3.0997941494,-0.2269872129,0.8176784515,-0.0563704440,0.1343848541,0.2358611646,-0.9607978950,-1.0603612661,0.0549956858,-0.0052301250,2.2509441376,-0.1707108170,-0.1724384278,0.1921983510,-0.3361990452,-0.3881272674,0.6246314049,-0.2223538905,0.1628951430,0.4683541059,0.3175960183,0.4951646030,-0.5247676969,1.1628662348,-0.3850261569,-0.3554738462,-0.3284002244,-0.2796451151,0.2576070130,-0.3282619715,-0.6072521210,0.4163036048,1.0549724102,0.0611704662,0.0052968645,-0.0974129811
3.1059329510,-0.2204511017,0.8120489717,-0.0533710637,0.1189359636,0.2661520509,-0.9550753122,-1.0438600779,-0.0259003658,0.0002977855,2.0059497356,-0.1875900030,-0.1607991755,0.1902650297,-0.2945561707,-0.4057691097,0.5591860414,-0.2497996092,0.1554916203,0.5502396226,0.3041628599,0.4687834680,-0.4726223052,1.1776845455,-0.2327526659,-0.2924966514,-0.2624072134,-0.2877192199,0.2635417879,-0.2196091563,-0.6087686419,0.3637343049,1.1025196314,-0.0218272135,0.0211269092,0.0195342433
3.1107535362,-0.2094069123,0.8079016805,-0.0497621200,0.1044293894,0.3038748884,-0.9456628819,-0.9915686250,-0.0799559727,-0.0141974743,1.7571665049,-0.1783465892,-0.1616804451,0.1594716460,-0.2779025435,-0.4131450653,0.5439548492,-0.2536044121,0.1571490467,0.5949826837,0.3039392531,0.4378790259,-0.3652629256,1.1494827271,-0.0906850100,-0.2347058952,-0.2158422172,-0.2802971005,0.2710378766,-0.1262891591,-0.6143539548,0.3349886537,1.1323543787,-0.0965549946,0.0280574877,0.1153095961
3.1158478260,-0.1984709054,0.8012747169,-0.0489517720,0.0825305894,0.3602938419,-0.9278904964,-0.8845488429,-0.1592577100,-0.0645978749,1.4624571800,-0.1150969788,-0.1811252534,0.0762097165,-0.2760999203,-0.3766110241,0.5709724426,-0.2476234436,0.1623712927,0.6137960553,0.2952997386,0.4095321000,-0.1983897537,1.1087492704,0.0959780142,-0.2033478618,-0.1072265506,-0.2965705693,0.3323928118,-0.0464745015,-0.6344245672,0.3079325557,1.1758574247,-0.1371787041,0.0116081769,0.1916554570
3.1227037907,-0.1840607077,0.7947240472,-0.0410225681,0.0691634774,0.4291200248,-0.8996608064,-0.7006874681,-0.2323822677,-0.2074366808,1.1149079800,-0.1272657067,-0.1810875386,0.0015988777,-0.2908559442,-0.3567689061,0.6372264028,-0.2712309957,0.1706391275,0.6194028258,0.2958734930,0.4027871490,-0.0286092013,1.0514848232,0.2814337611,-0.1353477985,-0.1431569010,-0.3159600496,0.3386332691,0.0090470156,-0.6681812406,0.2702655196,1.2315988541,-0.1786958575,0.0058787707,0.2566997707
3.1352458000,-0.1702638716,0.7883787155,-0.0304576625,0.0591802822,0.5033693922,-0.8615040801,-0.5482948422,-0.2546006143,-0.3427052796,0.8909472823,-0.1947791427,-0.1376237422,-0.0760456100,-0.3348194957,-0.3535163999,0.7307334542,-0.3384295106,0.1495931000,0.6008616686,0.2877318859,0.4113707840,0.0854452476,1.0182271004,0.3716101944,-0.0427796356,-0.2777564228,-0.3532034755,0.3573203683,0.0328739509,-0.7174375057,0.2245832384,1.2903693914,-0.1748937070,0.0061382921,0.2655064166
3.1599750519,-0.1642266661,0.7886200547,-0.0248909412,0.0506665643,0.5775734310,-0.8143845972,-0.4454730451,-0.2416031957,-0.3810228705,0.7784355283,-0.2822339237,-0.0812275112,-0.1513727009,-0.3964168727,-0.3420542479,0.7904722691,-0.3900297880,0.1190908849,0.5342533588,0.2483557463,0.4475662112,0.1613885015,1.0059821606,0.3889497519,0.0880708322,-0.4572580159,-0.3656545281,0.3611598909,-0.0027907153,-0.8028164506,0.1693116575,1.3346701860,-0.1488270462,0.0176052134,0.1681427062
3.1858010292,-0.1613600403,0.7909399271,-0.0113555259,0.0457400979,0.6369258784,-0.7694831518,-0.3916516304,-0.1981296390,-0.3127136528,0.7542985082,-0.3561291993,-0.0330041572,-0.1951411217,-0.4019337595,-0.2940043211,0.7704741359,-0.3674329817,0.1064983755,0.4344695210,0.1951607019,0.4823721945,0.1638671160,1.0113927126,0.3458067775,0.2649627924,-0.5270478129,-0.3505003750,0.4089018106,-0.0608282015,-0.8751139641,0.1335615069,1.3804044724,-0.1262490898,0.0122867748,-0.0001725414
3.2043025494,-0.1595139802,0.7975153923,-0.0009532925,0.0401869836,0.6742987197,-0.7373637733,-0.3383370340,-0.1413405389,-0.2463294119,0.6958322525,-0.3921006024,-0.0203570649,-0.2198331207,-0.3779769242,-0.2371165007,0.7015542388,-0.3057639599,0.1278995872,0.3459921181,0.1527001411,0.4917942584,0.1439958215,1.0149720907,0.2841680646,0.4372126460,-0.5216051936,-0.3252766728,0.3717726767,-0.1283139139,-0.9160230756,0.1136162281,1.3931745291,-0.0411360376,0.0031020530,-0.0371508077
3.2213571072,-0.1622251570,0.8019974828,0.0085331545,0.0330089514,0.7178263592,-0.6953868796,-0.2775471509,-0.0495409183,-0.0833635852,0.6273586750,-0.3787390590,-0.0223527905,-0.2270743102,-0.3429070413,-0.1784541756,0.5791193843,-0.2148234695,0.1520926356,0.2250511348,0.0815561935,0.4849057198,0.1009262279,1.0036389828,0.1957678646,0.6550279260,-0.4450926781,-0.2826302946,0.2880759239,-0.1909032017,-0.9407948256,0.0955964178,1.3583858013,0.0548262969,-0.0337213352,-0.0915297866
3.2282269001,-0.1664315611,0.8094379306,0.0193470939,0.0285243726,0.7536285492,-0.6563962674,-0.1864870638,0.0381896459,0.0630384013,0.5335080028,-0.3698233366,-0.0307510402,-0.1992205530,-0.3016079664,-0.1614919603,0.4480772614,-0.1424221396,0.1784378290,0.1114752591,0.0277244821,0.4597380459,0.0330658928,0.9872639775,0.1053303480,0.8606534004,-0.3575779796,-0.2289969176,0.2462324649,-0.2343208045,-0.9833415747,0.1200208813,1.2924687862,0.0689565092,-0.0511993617,-0.1036870033
3.2291901112,-0.1710935831,0.8128210902,0.0310441761,0.0230147971,0.7854015901,-0.6177790223,-0.0842262655,0.1238139868,0.2278941274,0.4439040124,-0.3770971298,-0.0339840986,-0.1618319750,-0.2541607022,-0.1609856337,0.3411498964,-0.1088666767,0.1836995333,-0.0184424371,-0.0294552594,0.4201133549,-0.0857536495,0.9673400521,0.0067667156,1.0822219849,-0.2917681932,-0.1765881777,0.2237598151,-0.2790129185,-1.0495707989,0.1622654647,1.1706168652,0.1029966623,-0.0708716363,-0.0556180477
3.2268991470,-0.1783667058,0.8149044514,0.0400840340,0.0210746116,0.8097763626,-0.5849883533,0.0069079944,0.1792578697,0.3733224273,0.3771409094,-0.3597904742,-0.0566044115,-0.1336091161,-0.2012284249,-0.0990578458,0.2979353070,-0.1006234586,0.1863634437,-0.1438173205,-0.0969679579,0.3725639284,-0.1988191456,0.9890311956,-0.0863770619,1.1923536062,-0.2013864070,-0.1538701952,0.2328961194,-0.3009030819,-1.1434549093,0.2195335031,1.0771678686,0.0770101324,-0.0880881101,-0.0231156703
3.2249202728,-0.1845814735,0.8170925379,0.0515332060,0.0142582642,0.8289748817,-0.5567240574,0.0709374100,0.2306830436,0.4860414863,0.3410762548,-0.3612710238,-0.0743866712,-0.1121311933,-0.1556411237,-0.0514265075,0.2728629708,-0.0706593469,0.1968936920,-0.2525321543,-0.1312073767,0.3282947242,-0.3199374676,1.0227321386,-0.1874324530,1.2377450466,-0.1286237836,-0.1276464760,0.1644251645,-0.3358923495,-1.2614860535,0.2643671632,1.0257812738,0.0551021695,-0.0898580775,0.0414875001
3.2217354774,-0.1880482733,0.8166994452,0.0551876645,0.0115410331,0.8404371080,-0.5389680823,0.1086527631,0.2677744031,0.5746234655,0.3352052569,-0.3539298773,-0.0875167027,-0.1079280749,-0.1243193373,0.0032844639,0.2619361579,-0.0630560145,0.2018061727,-0.3235644996,-0.1490650773,0.2949366570,-0.4361038208,1.0233885050,-0.2565557361,1.2551480532,-0.0874170288,-0.1122051030,0.1735159308,-0.3607507348,-1.3420435190,0.2895160615,1.0035121441,0.0502522178,-0.0855355859,0.0502823144
3.2215144634,-0.1922183633,0.8176131845,0.0591793842,0.0081928372,0.8518064008,-0.5204387894,0.1324956417,0.2941583693,0.6369122863,0.3359746933,-0.3526163399,-0.0965197235,-0.1116624400,-0.1066415086,0.0558534563,0.2575678527,-0.0473754182,0.2033015192,-0.4073053896,-0.1572623104,0.2518607378,-0.5617848635,1.0344138145,-0.3130743504,1.2709418535,-0.0921056643,-0.1045926139,0.1827702522,-0.3900782466,-1.4507167339,0.2782797515,1.0013364553,0.0375776626,-0.0809004903,0.0156913847
3.2219283581,-0.1940091550,0.8166204691,0.0595308887,0.0057788110,0.8624382754,-0.5026160560,0.1481544524,0.3111802638,0.6955341697,0.3419871330,-0.3499110639,-0.1093623936,-0.1205828115,-0.0945665538,0.0992819741,0.2583217919,-0.0344530977,0.2084409893,-0.4969210923,-0.1531383097,0.2229265422,-0.6740949750,1.0233334303,-0.3576641381,1.2592779398,-0.0842121094,-0.1021048650,0.2033604234,-0.4036654830,-1.5524256229,0.2565286756,0.9771413803,0.0247952640,-0.0837349817,-0.0245029610
3.2219207287,-0.1989192069,0.8176534772,0.0558651532,0.0030033195,0.8729152601,-0.4846534983,0.1656075269,0.3130656183,0.7590528727,0.3297355473,-0.3431564569,-0.1181538403,-0.1291943640,-0.0795220360,0.1349560469,0.2566772699,-0.0147388112,0.2177020758,-0.5941886902,-0.1378526241,0.1980235428,-0.7612531185,0.9782773852,-0.3915595412,1.2124037743,-0.0915152431,-0.1002921537,0.2186062634,-0.4078960717,-1.6329896450,0.2234999239,0.9459323287,0.0314750783,-0.0841855779,-0.0702160969
3.2220160961,-0.2040586323,0.8175883889,0.0499035183,0.0005527502,0.8833474320,-0.4660543398,0.1820008755,0.2911286056,0.8130601048,0.2872469425,-0.3276966810,-0.1273915172,-0.1345545202,-0.0766434595,0.1389575154,0.2433565259,-0.0099038985,0.2182217240,-0.6889752746,-0.1105131134,0.1714075804,-0.8059126139,0.9165893793,-0.4142942131,1.1333758831,-0.1028532833,-0.1036941558,0.1942095906,-0.4059351385,-1.6841628551,0.1804873347,0.9256887436,0.0372296795,-0.0775399804,-0.1113673374
3.2213628292,-0.2097508907,0.8187801838,0.0454709794,-0.0011802709,0.8939821194,-0.4457880294,0.2078844756,0.2638987303,0.8662640452,0.2332936972,-0.3177118599,-0.1280195564,-0.1356182992,-0.0765784457,0.1339671910,0.2383341789,-0.0090642283,0.2225102931,-0.7751717567,-0.0758183897,0.1536923796,-0.8309450150,0.8497417569,-0.4117254019,1.0697649717,-0.1521729827,-0.1063844934,0.1684822589,-0.3831314147,-1.7012614012,0.1495032459,0.8741751313,0.0556467772,-0.0746787265,-0.1200494170
3.2208759785,-0.2161205262,0.8195844889,0.0414484183,-0.0023183923,0.9028145728,-0.4280216125,0.2235876173,0.2450672835,0.8992673755,0.2010020316,-0.3074513376,-0.1237161532,-0.1366282851,-0.0739387944,0.1358556896,0.2302260846,-0.0135687264,0.2220000476,-0.8382359147,-0.0428762063,0.1466129273,-0.8532418609,0.7991595864,-0.4102027416,1.0358293056,-0.1731416434,-0.1013707072,0.1531763822,-0.3475347161,-1.7040694952,0.1278818995,0.8327877522,0.0762664974,-0.0734404400,-0.1204245463
3.2187936306,-0.2225438654,0.8205787539,0.0401070971,-0.0051179272,0.9150814932,-0.4012369479,0.2460818440,0.2245308161,0.9185917377,0.1692633033,-0.3077216446,-0.1130648628,-0.1329345852,-0.0692900866,0.1240888387,0.2212570906,-0.0215042457,0.2238304615,-0.8970553279,-0.0070376806,0.1467871070,-0.8726343513,0.7356745601,-0.4031191766,1.0195035934,-0.2360883057,-0.1057529077,0.1120602638,-0.3030933440,-1.6597769260,0.0996937156,0.7850733995,0.1202315018,-0.0717528164,-0.0750787705
3.2169623375,-0.2289358079,0.8207493424,0.0397986884,-0.0072664698,0.9267873829,-0.3734011378,0.2665896416,0.2109862864,0.9425750971,0.1559224427,-0.3088782728,-0.1051917523,-0.1276768595,-0.0660850257,0.1079236418,0.2095510811,-0.0227021798,0.2301385999,-0.9404194951,0.0226645470,0.1623353958,-0.8867788911,0.6703365445,-0.4110702574,1.0092029572,-0.2802336812,-0.1078748107,0.0463732593,-0.2376821041,-1.5910118818,0.0703800917,0.7463485003,0.1575235426,-0.0706263781,-0.0340920985
3.2157611847,-0.2343688756,0.8214656711,0.0411185742,-0.0096455284,0.9381141850,-0.3437411854,0.2873910069,0.1992339492,0.9514698386,0.1507881135,-0.3122970462,-0.0904637650,-0.1250584126,-0.0597573295,0.0955658108,0.2033163160,-0.0146224145,0.2343732119,-0.9199541807,0.0261653252,0.2059113979,-0.9477978349,0.5855642557,-0.4901060462,1.0116860867,-0.3313565254,-0.0994051695,-0.0353579223,0.0121046640,-1.4467647076,-0.1601119936,0.7099862695,0.2384219468,-0.0558752082,0.0176864248
3.2129144669,-0.2406944185,0.8217960596,0.0420485106,-0.0109907911,0.9481123194,-0.3149510359,0.3039071262,0.1928593218,0.9595845938,0.1605376899,-0.3273866475,-0.0835794657,-0.1241099909,-0.0565526746,0.0776085630,0.1981350929,-0.0104081025,0.2405613512,-0.8440967202,0.0373153128,0.2378117144,-0.9882745743,0.4396581352,-0.5978778005,0.9888619781,-0.3555413783,-0.0908429101,-0.0875903293,0.2289351672,-1.2728923559,-0.3300203383,0.6878385544,0.3119885921,-0.0494498983,0.0483565889
3.2089776993,-0.2453118861,0.8209568262,0.0428176386,-0.0120554384,0.9580097476,-0.2832642578,0.3222781718,0.1860081106,0.9571839571,0.1693832725,-0.3410716057,-0.0826151446,-0.1235422418,-0.0521359891,0.0622968338,0.1936573833,-0.0074533173,0.2429308742,-0.8130636811,0.0729021952,0.2507485151,-0.9735333323,0.2995539606,-0.6591122746,0.9750746489,-0.3533847034,-0.0869106948,-0.1388324201,0.2837325037,-1.1392554045,-0.3266087472,0.6931648850,0.3593717515,-0.0375109762,0.1059638187
3.2058303356,-0.2497370988,0.8219545484,0.0423542199,-0.0121323973,0.9644928850,-0.2604081407,0.3385863602,0.1836648136,0.9706462026,0.1796867847,-0.3470467329,-0.0822825655,-0.1258637607,-0.0496612750,0.0547645241,0.1936730146,-0.0055038841,0.2433546335,-0.8027681112,0.0956240669,0.2572627962,-0.9528543353,0.2022170871,-0.7035522461,0.9766408801,-0.3333820105,-0.0765093565,-0.1526019275,0.3014270067,-1.0506780148,-0.2910412252,0.6964281201,0.3841542900,-0.0332536548,0.1242241114
3.2005281448,-0.2522004843,0.8210007548,0.0411235288,-0.0116092658,0.9710894414,-0.2348603353,0.3473008573,0.1785571128,0.9456593990,0.1995209455,-0.3635621369,-0.0914579406,-0.1341764331,-0.0503871776,0.0359671004,0.1994236708,-0.0054434440,0.2482952178,-0.8050287962,0.1232170835,0.2670623362,-0.9195475578,0.0626632646,-0.7487915754,0.9796947241,-0.2978006005,-0.0782170296,-0.1602246761,0.2923947275,-0.9241328835,-0.2064941376,0.7233265638,0.4056307971,-0.0257527996,0.1716545820
3.1961729527,-0.2548604608,0.8212381601,0.0404568472,-0.0104765634,0.9769315934,-0.2094233678,0.3585279286,0.1744787544,0.9369237423,0.2236766815,-0.3683313429,-0.1030837744,-0.1426493824,-0.0484683774,0.0319319665,0.2051523775,0.0025308249,0.2491390407,-0.8199997544,0.1399533600,0.2757907808,-0.8816073537,-0.0591149367,-0.7991226912,1.0103622675,-0.2286477089,-0.0820827335,-0.1553584784,0.2641488910,-0.8002022505,-0.1022911817,0.7549432516,0.3902196288,-0.0234414898,0.1930441856
3.1923475266,-0.2568051815,0.8218566775,0.0387241985,-0.0084794871,0.9814106722,-0.1877807956,0.3686034083,0.1702634096,0.9311374426,0.2466515899,-0.3695524335,-0.1131763533,-0.1505414695,-0.0446483642,0.0348545276,0.2096788585,0.0089982189,0.2466003448,-0.8497913480,0.1462630928,0.2844919860,-0.8466205001,-0.1635234654,-0.8581457734,1.0480186939,-0.1412462890,-0.0794255435,-0.2017876655,0.2366538346,-0.6825674176,0.0219281726,0.7687686086,0.3304550350,-0.0196599495,0.2328249961
3.1877942085,-0.2586004436,0.8208239079,0.0373356797,-0.0061957288,0.9846270890,-0.1705202497,0.3753117621,0.1629048288,0.9061040282,0.2615112364,-0.3644105196,-0.1231101155,-0.1596392244,-0.0469384305,0.0269378200,0.2208732367,0.0123378346,0.2430202216,-0.8773964643,0.1503532529,0.2994250357,-0.8155317307,-0.2541590035,-0.9125300050,1.0689955950,-0.0737503991,-0.0648082271,-0.2562529743,0.2335508466,-0.5727497935,0.1356422752,0.7369351983,0.3163444400,-0.0160740744,0.2868117988
3.1849577427,-0.2587965131,0.8229150176,0.0356051474,-0.0037023825,0.9866181587,-0.1590697165,0.3773831129,0.1550772041,0.8829931617,0.2709496021,-0.3526682854,-0.1294738352,-0.1609950960,-0.0503352657,0.0248783454,0.2202750444,0.0227553379,0.2432359308,-0.8946285248,0.1538398266,0.3099945784,-0.7802861929,-0.3101377189,-0.9698369503,1.0486335754,-0.0120254448,-0.0626006648,-0.3248501718,0.2379558980,-0.4905739725,0.2273517549,0.6905071735,0.3011917472,-0.0168821793,0.3514370620
3.1815748215,-0.2621785104,0.8233758211,0.0337817415,-0.0017171958,0.9872027837,-0.1558412941,0.3755487204,0.1493429691,0.8608195186,0.2759027779,-0.3462794125,-0.1265403330,-0.1596215665,-0.0557218120,0.0215141252,0.2198259085,0.0249926653,0.2431078851,-0.8921986222,0.1558063477,0.3136145771,-0.7505428195,-0.3380888999,-1.0189629793,1.0073319674,0.0114984708,-0.0626909286,-0.3675484359,0.2491211295,-0.4422670901,0.2992733419,0.6462386847,0.2977507114,-0.0153017361,0.4013080895
3.1808922291,-0.2624373138,0.8246926069,0.0343691780,0.0020068171,0.9868183705,-0.1581272777,0.3720273077,0.1458976120,0.8300333023,0.2755877078,-0.3309459984,-0.1281113476,-0.1481685489,-0.0670467392,0.0230494011,0.2162646949,0.0310929809,0.2434721291,-0.8771329522,0.1535277814,0.3193416893,-0.7342370152,-0.3531757891,-1.0609698296,0.9440894723,0.0387024246,-0.0671566874,-0.4162340462,0.2790750861,-0.3897508681,0.3580974638,0.5744823813,0.3320408165,-0.0192335229,0.4573886693
3.1780872345,-0.2618212700,0.8255524039,0.0326189252,0.0053235954,0.9852830242,-0.1677051795,0.3604335487,0.1477810889,0.8079012632,0.2711489499,-0.3306689560,-0.1291408539,-0.1368977427,-0.0733358338,0.0328996629,0.2084525526,0.0294021051,0.2470055968,-0.8461951613,0.1535968632,0.3124102950,-0.7266048789,-0.3556137979,-1.0970635414,0.8607584238,0.0514473058,-0.0802199244,-0.4774098694,0.2981722057,-0.3534483612,0.4055202901,0.5294497013,0.3294108808,-0.0194288772,0.5159936547
3.1780257225,-0.2630634904,0.8275851011,0.0326685617,0.0083836571,0.9821365158,-0.1851225101,0.3402160406,0.1526854485,0.7687718868,0.2885662913,-0.3308798969,-0.1261709481,-0.1222783849,-0.0868848637,0.0222076457,0.2115399092,0.0170190968,0.2420998216,-0.8044556379,0.1469567716,0.3019658029,-0.7254914641,-0.3527396619,-1.1147055626,0.7997837663,0.0362972766,-0.0855219290,-0.5026552081,0.3073670268,-0.3283403218,0.4286013544,0.5358349681,0.3019950390,-0.0206313897,0.5360232592
3.1767227650,-0.2618934214,0.8279415965,0.0331367061,0.0121147900,0.9773010412,-0.2088967817,0.3103159666,0.1608982235,0.7133224010,0.3204464018,-0.3253372908,-0.1319201291,-0.1044988409,-0.1043457538,-0.0093386788,0.2135462314,0.0040438464,0.2406765223,-0.7532786727,0.1403863579,0.2911266983,-0.7189623713,-0.3411047161,-1.1218782663,0.7508298755,0.0401377715,-0.0858223066,-0.4941582084,0.3038662672,-0.3145171404,0.4439592659,0.5860268474,0.2892506123,-0.0231498927,0.4982590377
3.1775715351,-0.2621526420,0.8287552595,0.0321760020,0.0156180761,0.9703041061,-0.2392294344,0.2693830431,0.1651265621,0.6458508968,0.3545665443,-0.3209414780,-0.1373084933,-0.0861900449,-0.1249127313,-0.0456305668,0.2170422077,-0.0093581351,0.2354587615,-0.6923280954,0.1339582801,0.2753237784,-0.7091929317,-0.3233142197,-1.1227067709,0.7253625989,0.0481199697,-0.0984404907,-0.4352066517,0.2793084085,-0.3110820949,0.4603676498,0.6824610233,0.2280779183,-0.0198627263,0.4648203850
3.1791629791,-0.2614972293,0.8302054405,0.0324176654,0.0188494991,0.9646272442,-0.2609369100,0.2430191338,0.1672012955,0.6078780293,0.3723916411,-0.3276647031,-0.1369000077,-0.0716780946,-0.1443010569,-0.0751221925,0.2221142352,-0.0214708969,0.2286856323,-0.6324046254,0.1242243797,0.2640547454,-0.7139549255,-0.2984636128,-1.1102273464,0.7236803770,0.0602486394,-0.1107862666,-0.4013574719,0.2458661199,-0.3061858714,0.4576077461,0.7604023814,0.1960338950,-0.0272346884,0.4276828468
3.1805205345,-0.2603121400,0.8286402822,0.0327877447,0.0220536073,0.9561794630,-0.2901024590,0.2124500275,0.1752110422,0.5753347278,0.4020587504,-0.3291278780,-0.1374364197,-0.0588304214,-0.1634904593,-0.1074066088,0.2331081480,-0.0386886783,0.2205619663,-0.5616494417,0.1121630743,0.2617441714,-0.7197803855,-0.2505312860,-1.0833531618,0.7403435111,0.0509500913,-0.1150849462,-0.3475684822,0.2075703740,-0.3202673495,0.4422912896,0.8478773236,0.1705779582,-0.0233843513,0.3851835728
3.1839525700,-0.2605647743,0.8284839392,0.0325974007,0.0248828869,0.9482793349,-0.3147769914,0.1900091469,0.1791336983,0.5557584167,0.4227997363,-0.3350870609,-0.1341511011,-0.0489929356,-0.1819967777,-0.1342422515,0.2436686754,-0.0579988025,0.2103330940,-0.4943904579,0.1002811119,0.2683111429,-0.7256290317,-0.1871520728,-1.0387643576,0.7508535981,0.0549452901,-0.1308620423,-0.2897815406,0.1683590114,-0.3456032574,0.4242925048,0.9129612446,0.1618042886,-0.0282022599,0.3548613787
3.1863944530,-0.2580372989,0.8286692500,0.0324829077,0.0276167565,0.9396475705,-0.3394769783,0.1694223583,0.1880227178,0.5534363389,0.4452710748,-0.3455240428,-0.1255568713,-0.0424307510,-0.1957615465,-0.1489846706,0.2516929805,-0.0705851465,0.2040268779,-0.4353563488,0.0852674469,0.2820978761,-0.7389813066,-0.1118793860,-0.9776565433,0.7599630356,0.0348835438,-0.1398465484,-0.2405209988,0.1400572658,-0.3807145953,0.4002157748,0.9407572150,0.1602872908,-0.0343163125,0.3219536245
3.1891601086,-0.2569943070,0.8268478513,0.0310092122,0.0283193366,0.9320622119,-0.3598561895,0.1511858106,0.1948429197,0.5540068150,0.4591975808,-0.3511092663,-0.1171408817,-0.0382849835,-0.2075785249,-0.1656691432,0.2568974495,-0.0761076286,0.1991364956,-0.3882185817,0.0754775777,0.2958695292,-0.7402848601,-0.0340316668,-0.9065716267,0.7548756003,0.0088617047,-0.1484812051,-0.1780445576,0.1181826666,-0.4208521843,0.3792911470,0.9556269050,0.1424674690,-0.0373026021,0.2886153460
3.1922914982,-0.2557308972,0.8266265988,0.0285674182,0.0281159987,0.9266531399,-0.3737744661,0.1392081529,0.2054049969,0.5656142831,0.4690045416,-0.3581926227,-0.1094020084,-0.0362041257,-0.2104320973,-0.1691413969,0.2556078136,-0.0806799233,0.1979155391,-0.3495979607,0.0668552145,0.3121826053,-0.7231131792,0.0555406176,-0.8190904856,0.7315406799,0.0062175631,-0.1617526561,-0.0952820703,0.0979763567,-0.4649049044,0.3462431431,0.9501693845,0.1324629188,-0.0521619990,0.2379842550
3.1947829723,-0.2540681958,0.8269953132,0.0267323034,0.0273748228,0.9235291533,-0.3816148660,0.1260972023,0.2053793371,0.5612111092,0.4656370580,-0.3599251509,-0.1040508673,-0.0357086621,-0.2125298828,-0.1766003817,0.2485848069,-0.0745391771,0.1992985010,-0.3300051391,0.0586911961,0.3269559741,-0.7027305961,0.1193508282,-0.7474598885,0.7282565236,-0.0139749767,-0.1725123227,-0.0531298220,0.0799901262,-0.4964136183,0.3235250711,0.9389593005,0.1205717623,-0.0619432516,0.2075562775
3.1976349354,-0.2529776990,0.8265003562,0.0230216946,0.0258249830,0.9206199768,-0.3889240674,0.1121580973,0.2101203948,0.5661157370,0.4699521661,-0.3614912331,-0.0993736982,-0.0393820293,-0.2131007165,-0.1786361784,0.2371564507,-0.0619305111,0.2017588913,-0.3085501194,0.0460555479,0.3413048983,-0.6703567505,0.1916847080,-0.6418905854,0.7466807365,-0.0191820450,-0.1797517687,0.0448541529,0.0669269934,-0.5299285054,0.2741751075,0.9100628495,0.1371376067,-0.0804585516,0.1459280699
3.1993570328,-0.2519856989,0.8268632889,0.0180010589,0.0231156607,0.9190304177,-0.3930963234,0.0963576287,0.2129195929,0.5648010969,0.4711663127,-0.3655523360,-0.0872282684,-0.0518094562,-0.2140287757,-0.1809911579,0.2332627326,-0.0496593826,0.2035517693,-0.2959221601,0.0415839069,0.3605065644,-0.6295743585,0.2551688552,-0.5618715882,0.7815103531,-0.0385755524,-0.1833809316,0.1294266433,0.0425283574,-0.5605921149,0.2329610735,0.8766756058,0.1582665592,-0.0932153314,0.0942271873
3.2033097744,-0.2508177757,0.8267652988,0.0117771403,0.0198503641,0.9186085538,-0.3944940898,0.0765312240,0.2124199420,0.5588580370,0.4691188335,-0.3683076203,-0.0788508654,-0.0673630312,-0.2148139030,-0.1828387082,0.2288201898,-0.0404719040,0.2066566944,-0.2895864546,0.0410791263,0.3791118264,-0.5902758241,0.3043904901,-0.4974701405,0.8561708331,-0.0586737841,-0.1830677986,0.1670828462,0.0139055988,-0.5806944370,0.1982833743,0.8361079097,0.1897081286,-0.1128912047,0.0437973216
3.2073376179,-0.2504584491,0.8276231885,0.0054224063,0.0158651805,0.9183176689,-0.3954890043,0.0549889468,0.2135991752,0.5593507886,0.4682306647,-0.3650453091,-0.0739785731,-0.0887617618,-0.2156136483,-0.1861000508,0.2294269055,-0.0237960164,0.2130540758,-0.2892460823,0.0455933921,0.3977447450,-0.5516824722,0.3383182287,-0.4640486836,0.9548361897,-0.0772295892,-0.1812236011,0.1414946765,-0.0174268354,-0.5914394259,0.1772185564,0.8027122021,0.2185726911,-0.1354953945,0.0056921626
3.2109770775,-0.2489086986,0.8282670379,-0.0005375092,0.0101153246,0.9185801254,-0.3951049791,0.0282584690,0.2192041725,0.5543717742,0.4772924185,-0.3600555658,-0.0697127730,-0.1177833602,-0.2110618800,-0.1786440760,0.2329719365,0.0020392246,0.2179533243,-0.2896870971,0.0570647717,0.4146542251,-0.4936728179,0.3565208614,-0.4569326937,1.0549135208,-0.1141829342,-0.1809847057,0.1112186834,-0.0640612096,-0.5880265236,0.1712602526,0.7993075848,0.2517183125,-0.1492539495,-0.0234911945
3.2170453072,-0.2483123690,0.8288142681,-0.0031573441,0.0049473065,0.9191370415,-0.3938942171,0.0026845583,0.2293879986,0.5477437377,0.5017912984,-0.3617519438,-0.0686206222,-0.1468461305,-0.2076905519,-0.1685822904,0.2499508560,0.0218261648,0.2248320132,-0.2872504890,0.0686072782,0.4246547520,-0.4219545424,0.3698378801,-0.4596537352,1.1121529341,-0.1239127517,-0.1749626398,0.0840820968,-0.0913027674,-0.5833663940,0.1787286252,0.7907879353,0.2538691163,-0.1539825499,-0.0380512327
3.2229878902,-0.2475075126,0.8261532187,-0.0069983864,-0.0034942460,0.9200226305,-0.3917871516,-0.0530722216,0.2487856299,0.5154904127,0.5725437403,-0.3643571138,-0.0735406876,-0.1921273321,-0.2018486261,-0.1643766463,0.2878924906,0.0468893237,0.2252995074,-0.2941865027,0.0922185406,0.4493277669,-0.3382079899,0.3682474494,-0.4975960851,1.1591982841,-0.1281020790,-0.1626040787,-0.0209290311,-0.1468361616,-0.5638270378,0.2151705027,0.8058552742,0.2748083770,-0.1485895514,-0.0375131704
3.2309186459,-0.2453492433,0.8223617673,-0.0064926761,-0.0089407561,0.9219346461,-0.3871878309,-0.1098330244,0.2731762230,0.4741470218,0.6689710617,-0.3909501135,-0.0740463883,-0.2409437597,-0.2014648616,-0.1536000520,0.3564372063,0.0261035077,0.2193740010,-0.2919898927,0.1058049649,0.4700893462,-0.2605334520,0.3561770320,-0.5436610579,1.1826075315,-0.1286151409,-0.1411644369,-0.1269687861,-0.1980790943,-0.5291872025,0.2603819668,0.8444764614,0.2892656624,-0.1314106882,-0.0245545972
3.2359607220,-0.2440094352,0.8111409545,-0.0025647229,-0.0124757018,0.9243793365,-0.3812618801,-0.1771123260,0.2978148758,0.4236174226,0.8012617230,-0.4352443814,-0.0685410947,-0.3056185842,-0.2070066631,-0.1382768154,0.4711167514,-0.0404072292,0.2023770511,-0.2813941538,0.1149291620,0.4885836542,-0.1966742277,0.3441664279,-0.5947752595,1.1812381744,-0.1284963042,-0.1275683045,-0.2053297162,-0.2350315452,-0.4845463336,0.3103788495,0.9078046679,0.3170326352,-0.1206866354,-0.0085340915
3.2409791946,-0.2427363843,0.7942271829,0.0040632435,-0.0140319083,0.9263749018,-0.3763191955,-0.2400454581,0.3247544765,0.3717139661,0.9467123747,-0.5156823397,-0.0404942110,-0.3822181225,-0.2230740488,-0.1279063374,0.6391218305,-0.1595425308,0.1726545393,-0.2655250728,0.1158702672,0.4993219674,-0.1558579504,0.3167020977,-0.6260014176,1.2064146996,-0.1360654235,-0.1133626178,-0.2229584903,-0.2710337341,-0.4409081936,0.3425938785,1.0028431416,0.3348799050,-0.1101657674,-0.0019854687
3.2441654205,-0.2427467704,0.7779180408,0.0141748640,-0.0127144794,0.9281917401,-0.3716147319,-0.2780770659,0.3449819386,0.3322626650,1.0643229485,-0.6094647050,-0.0063216356,-0.4536310732,-0.2479887605,-0.1205729470,0.8228120804,-0.2860245705,0.1308634430,-0.2528467774,0.1046136469,0.5086651444,-0.1410944462,0.2780067027,-0.6566716433,1.2406327724,-0.1296466142,-0.0948443487,-0.2035412639,-0.2923209667,-0.3996331692,0.3695831001,1.1001677513,0.3346166015,-0.0957008153,-0.0108847013
3.2434759140,-0.2421617806,0.7639195323,0.0243617985,-0.0071488833,0.9304054954,-0.3656514875,-0.2776885331,0.3551204801,0.3102589250,1.1232978106,-0.6707899570,0.0133811301,-0.4845373631,-0.2682927847,-0.1066850796,0.9422841072,-0.3647508025,0.0973331407,-0.2441005856,0.0884820074,0.5142781138,-0.1459575891,0.2432954758,-0.6539623141,1.2807013988,-0.1314569414,-0.0766188130,-0.1900167763,-0.3081849813,-0.3732916117,0.3604704738,1.1855344772,0.3668722808,-0.0866780579,-0.0167454276
3.2447450161,-0.2420778424,0.7561032176,0.0414619529,0.0048839972,0.9314448432,-0.3614796774,-0.2337963581,0.3521752954,0.3009420335,1.1271829605,-0.7280499935,0.0275722370,-0.4776898026,-0.2980655730,-0.0937842205,1.0262620449,-0.4095196128,0.0736809000,-0.2280467004,0.0623745508,0.5179423690,-0.1791579574,0.1886657029,-0.5904325247,1.3433492184,-0.1833878160,-0.0444244854,-0.1154775918,-0.3308515549,-0.3780591190,0.2873476744,1.3077310324,0.4186213613,-0.0581984185,-0.0530471839
3.2426402569,-0.2448418587,0.7680205703,0.0426555311,0.0133183048,0.9318885169,-0.3599818334,-0.1550808847,0.3370515704,0.3217785656,1.0142484903,-0.6433841586,0.0114730364,-0.4151696861,-0.3027553558,-0.0842174515,0.9521579742,-0.3685149252,0.0671025068,-0.2212494016,0.0485011153,0.5081099868,-0.1948108375,0.1835180819,-0.4222511351,1.3766252995,-0.3292213380,-0.0350626148,-0.0368944369,-0.3301663101,-0.4392908514,0.1011955813,1.3571373224,0.6074362397,-0.0512837283,-0.1285080016
3.2457723618,-0.2512108684,0.7897298932,0.0276156770,0.0167892236,0.9328968318,-0.3586906711,-0.0921682417,0.2811294496,0.3331239820,0.8242626190,-0.4611183405,-0.0382533260,-0.3404115438,-0.3019315898,-0.0923673883,0.7707872391,-0.2123745382,0.1088311002,-0.2271902859,0.0504226089,0.4643877149,-0.1658104807,0.2190680653,-0.1997322291,1.3477481604,-0.5136160254,-0.0543911122,0.0561685339,-0.2729893327,-0.5106288791,-0.1806671321,1.3062297106,0.8899369240,-0.1136786863,-0.2956908941
3.2572979927,-0.2521103621,0.8205699325,-0.0014051739,0.0204000267,0.9321618603,-0.3614638717,-0.0292332452,0.1902024150,0.3486018181,0.5152022243,-0.1178541258,-0.1234273091,-0.2226049602,-0.2910865843,-0.1524280310,0.4552991688,0.1113083065,0.2036512941,-0.2216221094,0.0721505135,0.3886507452,-0.0604183972,0.2934956253,-0.0405610576,1.1364476681,-0.6262432933,-0.1235295162,0.1158519313,-0.1370448917,-0.5636424422,-0.4199603796,1.0688349009,1.0382144451,-0.2492280602,-0.4318509996
3.2661299706,-0.2525553107,0.8555766940,-0.0218831954,0.0227129145,0.9323362186,-0.3602144151,-0.0247696079,0.1614673883,0.4005662799,0.4143698215,0.0763421953,-0.1750531644,-0.1907988340,-0.2715354860,-0.1823361665,0.3136861026,0.3504756391,0.2617999911,-0.2300450206,0.0908546969,0.3373068273,0.0763045400,0.3987488747,0.0640710294,0.7732045650,-0.6893597245,-0.2202878445,0.1490424275,-0.0030962152,-0.6168239713,-0.5791543126,0.7844709754,0.9935255647,-0.3610846102,-0.5056827664
3.2782895565,-0.2525133491,0.8894674182,-0.0284500124,0.0214811639,0.9330209544,-0.3580517490,-0.0494120568,0.1591771245,0.4152570665,0.5109374523,0.0982063934,-0.1740801930,-0.2161250412,-0.2409543991,-0.1688634753,0.3407744765,0.3954968452,0.2617999911,-0.2318227291,0.1132948026,0.3256058097,0.1881948113,0.5323151350,0.1632603854,0.3733396232,-0.7443774939,-0.3185717463,0.2254655510,0.0977480784,-0.6827502847,-0.6829655766,0.5879752040,0.9411560297,-0.4124417603,-0.5521043539
3.2925529480,-0.2541466355,0.9251617789,-0.0217579264,0.0210015491,0.9357089243,-0.3514745176,-0.1386307776,0.1508098841,0.3279612660,0.9302839041,0.0480499901,-0.1832331568,-0.3365498185,-0.2091318667,-0.0668711960,0.6669390202,0.2788313031,0.2408137321,-0.2459238172,0.1366611123,0.3674611151,0.3705462813,0.7972786427,0.3992528617,-0.1386858374,-0.5910649300,-0.4401790500,0.5013608336,0.2748452127,-0.8206488490,-0.8536561728,0.3260012269,0.7276371717,-0.4328253567,-0.7398802042
3.3092083931,-0.2525790930,0.9568768144,-0.0155558489,0.0132683019,0.9381268990,-0.3456875599,-0.2932229936,0.1066496074,0.2520199418,1.4330319166,-0.0066805375,-0.2325578928,-0.5459898114,-0.1390386671,-0.0256231166,1.2443454266,-0.0420430116,0.1683664471,-0.2606544793,0.1520335227,0.4014052749,0.5137072206,1.0551545620,0.7760184407,-0.3807656765,-0.1829446703,-0.4566980302,0.9543811679,0.5078867674,-0.9839163423,-1.0790311098,0.1240372807,0.4535421729,-0.4226184189,-0.9549241066
3.3291804790,-0.2411293983,0.9870004654,-0.0138373890,0.0145519816,0.9422768546,-0.3342320987,-0.4789038599,0.0799354762,0.2641170025,1.9664175510,-0.0550967269,-0.2399799973,-0.7668385506,-0.0426152945,-0.0541169271,1.8603054285,-0.2861049771,0.1690812111,-0.2439558506,0.1375231296,0.4390132129,0.6735805273,1.2999237776,1.2053395510,-0.4040562510,0.1173913702,-0.3991016150,1.1582881212,0.7689948082,-1.1630706787,-1.4112861156,-0.0159285571,0.2844544351,-0.4593239129,-1.0052030087
3.3312478065,-0.2246000767,0.9662282467,-0.0143919528,0.0171836369,0.9485999155,-0.3156830605,-0.5454958677,0.1553640217,0.3219385147,2.4339237213,-0.3402777910,-0.1664264202,-0.9291405082,-0.0055815061,-0.1875704378,2.3919632435,-0.4365295470,0.1586747617,-0.1906417161,0.1013478935,0.4339598119,0.8331652284,1.4822919369,1.5690557957,-0.4094297588,0.3098218441,-0.3588404655,1.1378087997,1.0296506882,-1.2555514574,-1.7569648027,-0.1552267373,0.1940562725,-0.4991649091,-0.9537838101
3.3410019875,-0.2090850174,0.9538087249,-0.0115344298,0.0202876139,0.9529790663,-0.3021361760,-0.6130075455,0.2062023282,0.3791958094,2.5821111202,-0.4600996673,-0.0990774408,-1.0619007349,-0.0431270003,-0.3034375608,2.5574355125,-0.4849297404,0.1025178134,-0.1625564247,0.0744589642,0.4341646433,0.8896985650,1.6011915207,1.7204152346,-0.4352798462,0.3823761642,-0.3584965169,1.1284666061,1.1349637508,-1.3550969362,-1.9419901371,-0.2580069304,0.1528332680,-0.5298343301,-0.9232842922
3.3504927158,-0.2114749700,0.9560946822,-0.0061013204,0.0175100673,0.9554946824,-0.2944250047,-0.5801554918,0.1839080006,0.3980569839,2.5226142406,-0.4928810000,-0.0716268495,-1.0556507111,-0.0376230963,-0.3248652220,2.5643005371,-0.4833008647,0.0899612829,-0.1866580099,0.0513292663,0.4227275550,0.8972410560,1.6590212584,1.7420054674,-0.4390038848,0.3544457555,-0.3903963566,1.0987946987,1.1315660477,-1.4446564913,-1.9620730877,-0.3259203732,0.1452392340,-0.5531809330,-0.8958224058
3.3558332920,-0.2219631374,0.9507932663,0.0105731878,0.0060933768,0.9590207336,-0.2830729782,-0.5201081038,0.0697306916,0.3339753449,2.2311027050,-0.4315162301,-0.1118395999,-0.9922623038,-0.0023654141,-0.2934077680,2.4688460827,-0.4966014624,0.0799859092,-0.2692852616,0.0254142694,0.4206159115,0.8422881365,1.6568384171,1.6244527102,-0.4192327261,0.1786885858,-0.4509789646,0.9934806824,0.9600903988,-1.5543727875,-1.7942117453,-0.4111126363,0.1285278201,-0.5384954810,-0.8653109074
3.3677477837,-0.2252165824,0.9486943483,0.0260590310,-0.0132485411,0.9632000144,-0.2671911964,-0.4368338883,0.0101973796,0.2725667953,1.7468444109,-0.2539263964,-0.1395443231,-0.9769521356,-0.0203621592,-0.2598116994,2.2216858864,-0.3714054525,0.0714497119,-0.3560262322,0.0021683520,0.4765763581,0.4777537882,1.5780299902,1.2672593594,-0.3987240493,-0.0138786566,-0.4747075438,0.8961561918,0.4737881720,-1.5617644787,-1.4055799246,-0.4984493256,0.1468317509,-0.5416384339,-0.8391320109
3.3687682152,-0.2339530140,0.9320458174,0.0322545873,-0.0305877937,0.9648624494,-0.2589681104,-0.2285242230,-0.0115186665,0.2405292094,1.1158262491,-0.0761323273,-0.1559408009,-0.8928053975,-0.0655510649,-0.2584209144,1.8893760443,-0.2593395412,0.0324939005,-0.4430096745,0.0182437412,0.3824970424,-0.1952601224,1.2848764658,0.5346751809,-0.3867745697,-0.0472757481,-0.4296977520,0.7758383155,-0.1949207783,-1.3639352322,-0.7373316288,-0.6061605811,0.0449020080,-0.4638170898,-0.7949847579
3.3726551533,-0.2376367301,0.9108572602,0.0344253258,-0.0486124978,0.9656680840,-0.2528574173,-0.0072364709,0.0063614859,0.2453783154,0.5015574694,0.1345965862,-0.1517335176,-0.8193628192,-0.0647793859,-0.2937447131,1.5456153154,-0.0932315663,0.0247883517,-0.4515119791,0.0949229151,0.2378866673,-0.6561556458,0.8623917699,-0.0015065199,0.0196301863,-0.2847055197,-0.3868313730,0.8352317214,-0.5699027181,-1.2524864674,-0.2698524296,-0.3735842109,0.0450774021,-0.3394444585,-0.8901917338
3.3748643398,-0.2413138449,0.8825375438,0.0475125940,-0.0551073879,0.9654330488,-0.2502893476,0.1232142225,-0.0048981765,0.3487377763,0.1472173631,0.1403914392,-0.1305248141,-0.7184590101,0.0032195514,-0.3160187900,1.0392346382,0.0383016504,0.0505839959,-0.4280300736,0.0843187496,0.2156613469,-0.9807100296,0.5111869574,-0.2966721356,0.7059085369,-0.5066313148,-0.3287535906,0.9008899331,-0.9859237075,-1.1105257273,0.1228098348,0.3909320235,0.3109779060,-0.2753613889,-0.8517490029
3.3785545826,-0.2459261566,0.8571789861,0.0436849736,-0.0514740004,0.9642665225,-0.2561876731,0.1295519471,-0.0178432185,0.4029760361,0.0989569947,0.0618630983,-0.1152599975,-0.6612707973,0.0233717952,-0.2843880653,0.6664962769,0.1476994306,0.1159948185,-0.4760708213,0.1124791354,0.2763505280,-1.1505782604,0.3709562421,-0.4432641864,0.9648835659,-0.5595978498,-0.2822800577,0.7047643065,-1.3528488874,-1.0093555450,0.4963335097,0.7007406354,0.4003531635,-0.2369398475,-0.6083856821
3.3776240349,-0.2515562475,0.8281826377,0.0410819977,-0.0373513766,0.9616008821,-0.2687766503,0.1224228442,-0.0035521411,0.5037994385,0.2506055236,-0.1383961290,-0.0447028056,-0.6166467071,-0.0160734318,-0.3244145811,0.4239835441,0.1322111934,0.1393225044,-0.5519962311,0.1412107050,0.3764388263,-1.2206075191,0.2249075919,-0.9154820442,0.9585765004,-0.2492205948,-0.1342501342,-0.0179195106,-1.6630303860,-0.8057803512,1.1122636795,0.8091893196,0.2226763070,-0.0634526536,0.0965921208
3.3693895340,-0.2582354248,0.7999337912,0.0375890215,-0.0170784744,0.9644233716,-0.2611186540,0.1136987880,0.0184146371,0.5716077685,0.5089316368,-0.4111398458,0.0329676121,-0.6243311763,-0.0395957902,-0.3038077056,0.3363100886,0.1416080594,0.1774043590,-0.5405145288,0.1303822994,0.3875532448,-1.3084020615,0.1018523052,-1.0745859146,0.7311865091,-0.1410456151,-0.1665957570,-0.2504287958,-1.7566525936,-0.6543197632,1.2382709980,0.7190353274,0.1098810956,-0.0578224249,0.2782472968
3.3572304249,-0.2666162252,0.7718224525,0.0345927918,-0.0015993474,0.9677369420,-0.2495716169,0.1029687449,0.0309649017,0.5920315385,0.7121006846,-0.5494693518,0.0921827480,-0.6598879099,-0.0643914416,-0.2464479506,0.3927287459,0.1180576235,0.2070064545,-0.5022386909,0.1269633770,0.4017787874,-1.3640061617,-0.0474536195,-1.0717045069,0.5832036734,-0.0843565464,-0.2091855109,-0.3075857162,-1.8556751013,-0.5400301814,1.2588226795,0.5541349053,-0.0716622546,-0.0724416226,0.3741184175
3.3460562229,-0.2740940750,0.7474375963,0.0296829420,0.0142844404,0.9719076227,-0.2330460267,0.1158845797,0.0206985418,0.6230136752,0.8215036392,-0.6210294962,0.1427690387,-0.7041112781,-0.1056941375,-0.2115863115,0.4726499319,0.1160781384,0.2194190025,-0.4600866437,0.1513278484,0.4328735769,-1.4119062424,-0.1283631474,-1.0489633083,0.4800796807,-0.0846961960,-0.2543816268,-0.2804059088,-1.9252368212,-0.4384907186,1.2431428432,0.4768965840,-0.0966722146,-0.1003879458,0.3863881528
3.3332264423,-0.2820445299,0.7300342321,0.0208924413,0.0233077649,0.9770511991,-0.2106922121,0.1158417612,0.0034000559,0.6301394701,0.8823894262,-0.6588419676,0.1610536277,-0.7584890723,-0.1396855563,-0.2044920772,0.5672725439,0.0800796747,0.2211473286,-0.4286400080,0.1804838479,0.4694026411,-1.4435846806,-0.1721713096,-1.0388081074,0.3615393341,-0.0926203430,-0.2925386131,-0.2571712434,-1.9548615217,-0.3652733862,1.1945793629,0.4106303453,-0.0989248082,-0.1278165430,0.3422542810
3.3208863735,-0.2903538644,0.7197698951,0.0114159591,0.0279698980,0.9803544039,-0.1949169140,0.1159997657,-0.0129395267,0.6360603571,0.8971971273,-0.6826612949,0.1754105687,-0.7960368395,-0.1621944606,-0.1981113851,0.6314110160,0.0373990051,0.2101252526,-0.4172940850,0.2108871788,0.4995942116,-1.4736369848,-0.1619106531,-1.0322644711,0.2951829731,-0.1042140573,-0.3011879325,-0.2501333952,-1.9535098076,-0.3338983953,1.1599587202,0.3674762845,-0.0922584385,-0.1401327997,0.3225736022
3.3082077503,-0.2995830476,0.7131829858,0.0014357046,0.0295524177,0.9843204891,-0.1738901038,0.1282669157,-0.0200549699,0.6532295346,0.9014394879,-0.6682132483,0.1793015897,-0.8182303905,-0.1745589823,-0.2021123767,0.6797576547,-0.0063787606,0.1913046539,-0.4166960120,0.2508697808,0.5183017850,-1.4592198133,-0.1200442091,-1.0404528379,0.2828174531,-0.0539729595,-0.2962102294,-0.2164795101,-1.8587759733,-0.3265557587,1.1197011471,0.3508825302,-0.0951735526,-0.1465418041,0.2572568655
3.2947158813,-0.3080676198,0.7109637260,-0.0081847916,0.0310085792,0.9871980661,-0.1562416571,0.1462873816,-0.0401913077,0.6529883742,0.8746880889,-0.6430828571,0.1630275995,-0.8343195915,-0.1973677278,-0.2257858962,0.7456855774,-0.0290853996,0.1627659500,-0.4236554503,0.2846029401,0.5199999809,-1.4356602430,-0.0539751388,-1.0720696449,0.3009819090,-0.0025190657,-0.2850127220,-0.1984474510,-1.7380656004,-0.3419822454,1.0966225863,0.3452799916,-0.1145775020,-0.1493688226,0.2112251520
3.2806909084,-0.3189102709,0.7090270519,-0.0172979053,0.0279347865,0.9893052166,-0.1421112892,0.1714080721,-0.0574474856,0.6484642625,0.8294035792,-0.6043532491,0.1387730986,-0.8346533179,-0.2035765797,-0.2500324845,0.7787359357,-0.0390788019,0.1402603388,-0.4405673444,0.3201054931,0.5199999809,-1.3944265842,0.0402706340,-1.1162471771,0.3597469330,0.0735063553,-0.2593296170,-0.1651171595,-1.6035413742,-0.3761930764,1.0848493576,0.3651300073,-0.1508619487,-0.1379757077,0.1616280824
3.2673096657,-0.3279772103,0.7086402774,-0.0273029533,0.0253396544,0.9906254099,-0.1314296313,0.1866969913,-0.0786856413,0.6397035122,0.7903416157,-0.5507178903,0.1067604572,-0.8305344582,-0.2106773555,-0.2775319219,0.8100895882,-0.0484507792,0.1093233079,-0.4577105939,0.3564854264,0.5199999809,-1.3429086208,0.1304502338,-1.1607081890,0.4936865866,0.1317317486,-0.2306589484,-0.1398890316,-1.4751796722,-0.4075577557,1.0685497522,0.4221781194,-0.1505833119,-0.1336508244,0.1226001903
3.2525188923,-0.3359026313,0.7106646895,-0.0391109912,0.0212383415,0.9918883819,-0.1190659526,0.1874701232,-0.1045679897,0.6054093838,0.7525454760,-0.4760670364,0.0648221299,-0.8208200336,-0.2116711885,-0.3204999864,0.8386220336,-0.0581220910,0.0756766573,-0.4731314778,0.3768980205,0.5199999809,-1.2775293589,0.1978424191,-1.1832313538,0.7120658159,0.1561227590,-0.1926217973,-0.1133503392,-1.3577184677,-0.4211362600,1.0480134487,0.5287475586,-0.1431061924,-0.1129685566,0.0826302022
3.2377622128,-0.3393407464,0.7131766081,-0.0520313564,0.0168963371,0.9928350361,-0.1062348476,0.1762165576,-0.1107076779,0.5877251625,0.7479091287,-0.4174475968,0.0342288986,-0.8174133301,-0.2020063847,-0.3532182872,0.8456255198,-0.0713504031,0.0457914993,-0.4821236432,0.3748466372,0.5199999809,-1.2313312292,0.2247304916,-1.1641684771,0.8868916035,0.1358744204,-0.1760783494,-0.0963421389,-1.2884682417,-0.4043896496,1.0225441456,0.6220644116,-0.1040697694,-0.1101025194,0.0609235428
3.2226545811,-0.3428636491,0.7123640180,-0.0665185530,0.0122412677,0.9935659227,-0.0908415695,0.1253624856,-0.1153433919,0.5384558439,0.8010112643,-0.3457992375,-0.0072867526,-0.8080491424,-0.1730135977,-0.3791681528,0.8456402421,-0.1087482274,0.0082179205,-0.4845726192,0.3582867086,0.5199999809,-1.1538618803,0.2189099640,-1.1054055691,1.1013888121,0.0748120695,-0.1599758863,-0.0659301952,-1.1624643803,-0.3734175265,0.9744835496,0.7631629109,-0.0375583321,-0.1101955697,0.0283542518
3.2042133808,-0.3410765827,0.7089557052,-0.0794074175,0.0042423746,0.9945213355,-0.0678511422,0.0770287141,-0.0921660066,0.5162916780,0.8912290335,-0.3159178495,-0.0131637668,-0.8162711263,-0.1188819706,-0.3906087279,0.8810520768,-0.1547311693,-0.0307271294,-0.4787444472,0.3198998272,0.5199999809,-1.0491393805,0.1991739571,-0.9700022936,1.3562219143,0.0027871020,-0.1240489036,0.0080952980,-1.0277931690,-0.2911252677,0.9010120630,0.9875225425,0.0446919464,-0.0799872577,-0.0174628925
3.1850495338,-0.3391212225,0.7035554647,-0.0836934060,0.0015564993,0.9950406976,-0.0537308222,0.0124514420,-0.0333091095,0.4958228469,1.0543245077,-0.3054611981,-0.0102882730,-0.8341907263,-0.0961818621,-0.3874862790,0.9872103333,-0.2641976178,-0.1067208052,-0.4489596188,0.2739195526,0.5199999809,-0.9804289341,0.2087397128,-0.7772416472,1.5486434698,-0.1469385177,-0.0772443116,0.1208105236,-0.8790898323,-0.2413233668,0.8103876114,1.1995152235,0.1794846654,-0.0582118928,-0.0744228065
3.1659805775,-0.3357003629,0.6988318563,-0.0765152871,-0.0001142691,0.9962472313,-0.0404580272,-0.0685166344,0.0464877710,0.4503359497,1.2554885149,-0.3522581756,0.0106783668,-0.8378551602,-0.0668562055,-0.3545714617,1.0957502127,-0.3723420799,-0.1633898765,-0.4018136561,0.2127732933,0.5199999809,-0.8880527020,0.2448995560,-0.5970873833,1.6532262564,-0.2793213129,-0.0573843829,0.2340904176,-0.7259113789,-0.2214595079,0.7253990173,1.3430390358,0.2942070365,-0.0526025034,-0.0719850734
3.1478903294,-0.3326690793,0.6920055151,-0.0630205886,0.0014849508,0.9975640444,-0.0298693430,-0.1881268322,0.1073302925,0.3609704673,1.4623022079,-0.3951109648,0.0362492725,-0.8063699603,-0.0395543762,-0.3235968649,1.1770523787,-0.4516046345,-0.1924070716,-0.3321627080,0.1475925148,0.5199999809,-0.7782146335,0.2898388803,-0.4434604943,1.6973935366,-0.3855728805,-0.0380084999,0.3179250956,-0.5550982356,-0.2183936983,0.6421593428,1.4174994230,0.4147377014,-0.0562695451,-0.0679854453
3.1304686069,-0.3280585706,0.6910248399,-0.0449181308,0.0067494944,0.9986897052,-0.0235728341,-0.2964623272,0.1412202120,0.2861408293,1.6173907518,-0.4140526056,0.0502812006,-0.7492461801,-0.0295447130,-0.3088051379,1.2178071737,-0.5098060966,-0.2084791511,-0.2745217383,0.0889460295,0.5199999809,-0.6499262452,0.3176724911,-0.3759471476,1.6977601051,-0.4031181037,-0.0331442505,0.3409908712,-0.4026615620,-0.2191501409,0.6182382107,1.4503183365,0.4370720387,-0.0615873858,-0.0410870872
3.1103689671,-0.3250742257,0.6938533187,-0.0259659421,0.0135915792,0.9993680124,-0.0201150347,-0.4372227788,0.1842397302,0.1904983968,1.7678910494,-0.4224406183,0.0763655379,-0.6531008482,-0.0283380058,-0.2899623811,1.2399777174,-0.5684828758,-0.2147813141,-0.1904262155,0.0280151293,0.5199999809,-0.4856308401,0.3309020102,-0.3345794976,1.6865719557,-0.4073021710,-0.0366941802,0.3152099550,-0.2284600437,-0.2224119157,0.6238619685,1.4414826632,0.4146519005,-0.0616909005,0.0010215173
3.0893115997,-0.3234547973,0.7000033855,-0.0058793011,0.0208159739,0.9995323321,-0.0216158775,-0.5806540251,0.2001716048,0.1125541329,1.8316330910,-0.4600371420,0.1041386127,-0.5300881863,-0.0455565117,-0.2847698927,1.2272490263,-0.6148698330,-0.2169990838,-0.1125541702,-0.0285009257,0.5199999809,-0.2930317521,0.3119336665,-0.3553734124,1.6485553980,-0.3614292145,-0.0334934145,0.2260347903,-0.0567704253,-0.2188730389,0.6835656762,1.4016319513,0.3391521275,-0.0418999232,0.0950933173
3.0704047680,-0.3220475912,0.7090048194,0.0088313714,0.0281518786,0.9990576941,-0.0318308430,-0.7193269730,0.1731194109,0.0496668518,1.8214546442,-0.4720552266,0.1190199554,-0.4097318649,-0.0786412805,-0.3000802398,1.1828519106,-0.6342282891,-0.2110734582,-0.0430043340,-0.0706050396,0.5199999809,-0.1121341661,0.2855959833,-0.4110178947,1.6059337854,-0.2845284641,-0.0183867682,0.0843867287,0.0993817151,-0.2142067552,0.7802063823,1.3543936014,0.2335960567,-0.0200079866,0.2171642780
3.0506212711,-0.3223423660,0.7203030586,0.0169855621,0.0344860412,0.9982146844,-0.0457126620,-0.8286640048,0.1080231816,0.0196161531,1.7168080807,-0.4733247459,0.1119292900,-0.2826037109,-0.0958736092,-0.3169303834,1.0749381781,-0.6229302883,-0.1784466058,0.0280160625,-0.0929772109,0.5199999809,0.0644525737,0.2540112436,-0.4986295402,1.5200684071,-0.1530101299,-0.0255102403,-0.1315146983,0.2629272938,-0.2048474103,0.8780614734,1.2579264641,0.2029724419,-0.0132584088,0.3842302859
3.0343952179,-0.3212726116,0.7309891582,0.0353813608,0.0375783768,0.9972245994,-0.0536574631,-0.8840502501,0.0477290563,0.0052272105,1.5692394972,-0.4384752810,0.0749820620,-0.1494871378,-0.0798440576,-0.3030758202,0.9767982364,-0.5977138877,-0.1442730129,0.0904800221,-0.0980121195,0.5199999809,0.2326517403,0.2145056427,-0.6049153805,1.4224873781,-0.0526034869,-0.0650917366,-0.3108239174,0.3918392956,-0.1941932142,0.9603715539,1.1857339144,0.1795412153,-0.0230923295,0.4797751606
3.0188944340,-0.3192718029,0.7371292710,0.0423184306,0.0382923007,0.9965875942,-0.0596323509,-0.9235700369,0.0057764924,-0.0034350900,1.4456996918,-0.3934086561,0.0636578128,-0.0716740564,-0.0592636019,-0.2930479944,0.9223579168,-0.5692265630,-0.1316392869,0.1328328550,-0.0918945372,0.5199999809,0.3135104477,0.1986515969,-0.6826968789,1.3525182009,-0.0200511366,-0.0801162198,-0.3679752946,0.4402636588,-0.1886696070,0.9987469316,1.1565110683,0.1885478199,-0.0182479676,0.5061998963
3.0037317276,-0.3179241419,0.7427110672,0.0524397866,0.0364040845,0.9955696477,-0.0690354110,-0.9347358942,-0.0436210968,-0.0141332028,1.2231138945,-0.2840174437,0.0127445152,0.0266603045,-0.0417454690,-0.2984279394,0.8655523062,-0.5429590344,-0.1387763172,0.1804085821,-0.0763538629,0.5199999809,0.3952759206,0.1802633405,-0.7610281110,1.2556564808,-0.0356493406,-0.1136380062,-0.4537185133,0.5033165216,-0.1857096404,1.0102785826,1.0989896059,0.2407458574,-0.0281758290,0.5513288975
2.9899964333,-0.3165357113,0.7445719242,0.0520251665,0.0331703021,0.9948502383,-0.0804121659,-0.9285677075,-0.0938144550,-0.0546458513,1.0026872158,-0.1493247449,-0.0396325924,0.0966664702,-0.0245441254,-0.3143118322,0.8078340888,-0.5157358050,-0.1476161778,0.2197690606,-0.0452572666,0.5199999809,0.4365556240,0.1867922693,-0.8157998919,1.1667500734,-0.0351954512,-0.1196516678,-0.4991420507,0.5141519308,-0.1863220781,0.9931646585,1.0650691986,0.2912294865,-0.0219041109,0.5869135261
2.9775791168,-0.3147312701,0.7432931662,0.0511321972,0.0292922363,0.9939632169,-0.0925450526,-0.8926499486,-0.1172910631,-0.0794307441,0.7967145443,-0.0621103533,-0.0618232004,0.1524359733,0.0009984497,-0.3192716837,0.7636354566,-0.5164830685,-0.1587767750,0.2483889908,-0.0128050633,0.5199999809,0.4533156753,0.1831911653,-0.8708845377,1.1052535772,-0.0254159402,-0.1276593208,-0.5557254553,0.5087270141,-0.1793595254,0.9774014354,1.0564966202,0.3004521132,-0.0233894922,0.6193576455
2.9654355049,-0.3140929043,0.7392499447,0.0481346957,0.0274206195,0.9929342263,-0.1049418076,-0.8539887071,-0.1347894669,-0.0957241654,0.6320376992,0.0057747979,-0.0642644763,0.2048724890,0.0240931027,-0.3254002631,0.7240619659,-0.5236065388,-0.1588099152,0.2771545649,0.0170316547,0.5199999809,0.4318602383,0.1885863245,-0.9144577384,1.0372884274,-0.0176059920,-0.1345338076,-0.5797650218,0.4741315246,-0.1846555024,0.9567990303,1.0417020321,0.3138017952,-0.0226853397,0.6213215590
2.9565975666,-0.3117458522,0.7348070145,0.0501297538,0.0229679668,0.9910525324,-0.1215498179,-0.8244370222,-0.1436493546,-0.0926898420,0.6116631627,0.0004033649,-0.0650171265,0.2578423321,0.0560036115,-0.3245952427,0.6721697450,-0.5239401460,-0.1502560526,0.2800531983,0.0361178927,0.5199999809,0.4140914083,0.1829884499,-0.9467124343,1.0165139437,-0.0309921782,-0.1311676204,-0.5992935896,0.4476822019,-0.1728648394,0.9469842911,1.0821022987,0.3105459511,0.0030911425,0.6267563105
2.9457077980,-0.3119499981,0.7312158346,0.0480252911,0.0212606917,0.9896182950,-0.1337803594,-0.8107731938,-0.1570301056,-0.0998648033,0.6187162995,-0.0158830117,-0.0607163310,0.2899188995,0.0745991468,-0.3106347322,0.6468103528,-0.5136184096,-0.1373389363,0.2821919918,0.0520068891,0.5199999809,0.3610425293,0.1846151203,-0.9718918204,0.9679312706,-0.0559848621,-0.1327625662,-0.6159386039,0.3986376226,-0.1733623892,0.9073293209,1.1041980982,0.3353546858,0.0080301873,0.6222639680
2.9350061417,-0.3110266030,0.7265975475,0.0426008289,0.0211306734,0.9887788822,-0.1416156282,-0.8131508231,-0.1719735563,-0.0992259979,0.6852716804,-0.0664372742,-0.0447149239,0.3140161633,0.0885031670,-0.2929975688,0.6377413869,-0.4879347086,-0.1187692657,0.2880173922,0.0660532191,0.5199980140,0.2787025869,0.1888873428,-0.9857079983,0.9244858623,-0.0780941248,-0.1312662363,-0.6248553395,0.3385140896,-0.1781319827,0.8626340032,1.1364020109,0.3578947783,0.0140586672,0.6078988314
2.9216623306,-0.3121190667,0.7251772881,0.0399610816,0.0196308962,0.9879099864,-0.1484978071,-0.8134163022,-0.1676792651,-0.0717322975,0.7703713775,-0.1255678684,-0.0182374436,0.3204801977,0.0992233306,-0.2690580785,0.6537774205,-0.4442317486,-0.0911596790,0.2789921165,0.0761492625,0.5199975967,0.2164928913,0.2023157626,-0.9845770597,0.8792826533,-0.1152259186,-0.1271105558,-0.5811957717,0.2853507400,-0.1836649477,0.8008755445,1.1923959255,0.3688531220,0.0222937092,0.5453170538
2.9069826603,-0.3138421178,0.7257983685,0.0347820603,0.0184515440,0.9882251855,-0.1478537505,-0.8041082621,-0.1548610181,-0.0451248325,0.8435339928,-0.1831407547,0.0181004591,0.2924324572,0.0898731723,-0.2567373514,0.7201603651,-0.3890509009,-0.0610479824,0.2703187168,0.0835078135,0.5199993253,0.1468119919,0.2234177142,-0.9720118046,0.8224684596,-0.1453025937,-0.1249398440,-0.5434026122,0.2288099378,-0.1962859631,0.7357545495,1.2480782270,0.3766386509,0.0231362581,0.4956421554
2.8908562660,-0.3163004220,0.7268916965,0.0308171679,0.0169304386,0.9890540851,-0.1433027537,-0.7892634273,-0.1543138325,-0.0340022966,0.8991659284,-0.2338158935,0.0373897813,0.2460408956,0.0632448569,-0.2605676949,0.8135583997,-0.3211053014,-0.0326737724,0.2520782053,0.0834638178,0.5138473511,0.0858151466,0.2443266660,-0.9588896632,0.7857829928,-0.1547959000,-0.1288814992,-0.5081377625,0.1890942901,-0.2115717381,0.6787109375,1.2963788509,0.3710295260,0.0171600338,0.4614915550
2.8766670227,-0.3188144565,0.7308399081,0.0297795451,0.0141676800,0.9912248561,-0.1280067973,-0.7588577271,-0.1346653849,-0.0223319903,0.9544184208,-0.2791949809,0.0631135479,0.1826185435,0.0155216428,-0.2701777518,0.9201889634,-0.2879576683,-0.0074853222,0.2320357561,0.0799423829,0.5062739849,0.0352894515,0.2715079784,-0.9323655963,0.7570829988,-0.1705437452,-0.1253249198,-0.4485198259,0.1436273754,-0.2343686819,0.6301823854,1.3242053986,0.3315331638,0.0141280014,0.4022703767
2.8623883724,-0.3189761341,0.7368567586,0.0354572495,0.0099070425,0.9933478166,-0.1091088868,-0.7170123458,-0.0991405025,-0.0165031552,0.9850004911,-0.3196669221,0.0727735683,0.0986791775,-0.0570362210,-0.2870856524,1.0656143427,-0.2747498751,-0.0045708138,0.1951502115,0.0746001676,0.5062220693,0.0161911864,0.2950128317,-0.9107575417,0.7329302430,-0.1845289320,-0.1243844628,-0.3833779693,0.1136599332,-0.2505960763,0.5983476043,1.3268889189,0.3021512628,0.0149221448,0.3620880544
2.8505265713,-0.3191689551,0.7436724305,0.0482209329,0.0023254673,0.9959862321,-0.0753708116,-0.6464824677,-0.0496184714,-0.0008631147,1.0007789135,-0.3570058942,0.0871654898,-0.0064238827,-0.1604922414,-0.3075443208,1.2356154919,-0.2974329591,-0.0015954139,0.1439072639,0.0649013221,0.5103668571,0.0003007855,0.3147102594,-0.8917117119,0.7297797203,-0.2005060017,-0.1106630117,-0.3173592091,0.0731063783,-0.2736810148,0.5714630485,1.3184827566,0.2603820860,0.0270031095,0.3273371160
2.8399388790,-0.3211793900,0.7491480112,0.0697520281,-0.0087071608,0.9968586288,-0.0364926596,-0.5535079837,0.0290792845,0.0403648168,1.0136139393,-0.4115213156,0.0981778651,-0.1213751584,-0.2288258225,-0.2871811092,1.3468133211,-0.3305915296,0.0143163325,0.0719410256,0.0543061756,0.5129237771,-0.0099758217,0.3508955836,-0.8784227371,0.7142295241,-0.2109519690,-0.1070284024,-0.2564323843,0.0064503625,-0.3004501164,0.5494498610,1.3009896278,0.2175126970,0.0321908779,0.2759909630
2.8287665844,-0.3161658347,0.7565554380,0.0908475686,-0.0214998298,0.9956222974,0.0045516413,-0.4493599236,0.1255917102,0.0840739161,1.0260474682,-0.4764954448,0.0925224647,-0.2237956375,-0.2637641132,-0.2486655861,1.3688572645,-0.3626720011,0.0328003131,-0.0006731029,0.0477956384,0.5144439340,-0.0302302875,0.3984711170,-0.8727076650,0.6842273474,-0.2161983401,-0.1038698107,-0.1875441968,-0.0655976683,-0.3310379386,0.5468859673,1.2553875446,0.1564987749,0.0324301682,0.2151606232
2.8171634674,-0.3094473183,0.7605139613,0.1056851523,-0.0338132047,0.9928426757,0.0441671499,-0.3590056598,0.2143140286,0.1205028519,1.0348862410,-0.5164144039,0.0718760490,-0.3030586541,-0.2927048206,-0.2193890512,1.3031897545,-0.3548209369,0.0448164530,-0.0662229732,0.0466092862,0.5167915225,-0.0511926897,0.4411512315,-0.8641448021,0.6706091166,-0.2267170846,-0.0963079706,-0.1301717758,-0.1285562217,-0.3604587913,0.5399635434,1.2102062702,0.1313899457,0.0325070135,0.1401261091
2.8072612286,-0.3005353212,0.7612441778,0.1150556440,-0.0432773497,0.9890668474,0.0814618997,-0.2814457119,0.2918873429,0.1573198289,1.0367224216,-0.5420226455,0.0492275171,-0.3673001528,-0.2973397970,-0.1941574514,1.1333312988,-0.3139475882,0.0661561191,-0.1168887392,0.0497515686,0.5167053342,-0.0732911751,0.4704774022,-0.8467747569,0.6659775376,-0.2573813200,-0.0959521458,-0.1222411767,-0.1882192194,-0.3855305910,0.5389680862,1.1606488228,0.1398277581,0.0336327329,0.1061498150
2.7971646786,-0.2913760543,0.7628233433,0.1163646441,-0.0470387642,0.9867236713,0.1030680398,-0.2332444340,0.3325881362,0.1848234832,1.0356128216,-0.5601127744,0.0303422697,-0.3935672045,-0.2904771864,-0.1790397763,0.9515955448,-0.2709351480,0.0954374373,-0.1567669362,0.0526267849,0.5145379901,-0.0935597122,0.4756340384,-0.8320478797,0.6916223168,-0.2620047331,-0.0979361162,-0.1113491356,-0.2289125472,-0.3974845111,0.5404695272,1.1320165396,0.1586776674,0.0347092375,0.0843393207
2.7902789116,-0.2832606137,0.7609803081,0.1155349639,-0.0475563716,0.9839250677,0.1275990784,-0.1728121638,0.3599511683,0.2161151469,1.0187163353,-0.5759606361,0.0135335485,-0.4030737877,-0.2596287727,-0.1246693432,0.7175596356,-0.1870172769,0.1399181336,-0.1968918741,0.0578733087,0.5102430582,-0.1255764961,0.4699461758,-0.8269829154,0.7545938492,-0.2650602758,-0.1052106321,-0.1554793864,-0.2836094201,-0.4018751681,0.5442278385,1.1231429577,0.1956440657,0.0245517362,0.0723036677
2.7834637165,-0.2758493423,0.7572947741,0.1152212014,-0.0446157899,0.9818829212,0.1436643141,-0.1220788658,0.3771580756,0.2502164841,1.0151736736,-0.5970165133,0.0007293171,-0.4081977010,-0.2262941152,-0.0504834726,0.5877141953,-0.1266123056,0.1703517288,-0.2303400934,0.0653220192,0.5037149787,-0.1675386727,0.4346786141,-0.8101006746,0.8630611300,-0.2476701140,-0.1090651453,-0.1788200736,-0.3310959339,-0.3941028714,0.5550436378,1.1310752630,0.2323592454,0.0119839180,0.0727969855
2.7778935432,-0.2681487501,0.7537973523,0.1138521657,-0.0403954163,0.9815568334,0.1481623352,-0.1009170562,0.3994552195,0.2736095786,1.0500780344,-0.6105512977,-0.0066983402,-0.4204711616,-0.2092640400,0.0012289305,0.5993066430,-0.1320233792,0.1748124808,-0.2556790709,0.0751995891,0.4994564652,-0.2146572471,0.3780536950,-0.7705101967,1.0042793751,-0.2449145019,-0.1005294397,-0.1469604075,-0.3600117266,-0.3717477918,0.5443784595,1.1602435112,0.3001638949,-0.0034691454,0.0576503649
2.7716858387,-0.2599273622,0.7500237226,0.1126432554,-0.0352570559,0.9823794241,0.1449106764,-0.1141953468,0.4254001975,0.2903264761,1.1199706793,-0.5962346792,-0.0214785431,-0.4329927564,-0.2142909169,0.0089616403,0.6797424555,-0.1796391010,0.1550421417,-0.2683794796,0.0846599936,0.4959443212,-0.2648085952,0.3026475608,-0.7222330570,1.1545678377,-0.2593860328,-0.0916973650,-0.0879365131,-0.3868936002,-0.3374603093,0.5439597368,1.2012543678,0.3635957837,-0.0158967376,0.0415611118
2.7645840645,-0.2512205243,0.7473798394,0.1153795116,-0.0283596346,0.9840368572,0.1324943892,-0.1409626156,0.4556732476,0.3130395710,1.2020102739,-0.5751706958,-0.0374347791,-0.4341835976,-0.2467732280,-0.0283436868,0.7677782178,-0.2388373315,0.1314602047,-0.2681653500,0.0936237872,0.4885770380,-0.3108788133,0.2323283851,-0.6619235277,1.2942585945,-0.2914164066,-0.0784948617,0.0020978926,-0.4095470905,-0.3031170368,0.5559522510,1.2465370893,0.3830693364,-0.0052991966,0.0281638000
2.7555356026,-0.2450603098,0.7455315590,0.1179380400,-0.0252856460,0.9851114609,0.1225016919,-0.1831199527,0.4810397029,0.3192344904,1.2685636282,-0.5790296793,-0.0350279696,-0.4256117344,-0.2809180617,-0.0598615222,0.8416783810,-0.3049726784,0.1068206877,-0.2587446570,0.1036446914,0.4930687845,-0.3163990080,0.1891770661,-0.6149324775,1.3427999020,-0.3415358365,-0.0720890537,0.0368199721,-0.4321853817,-0.2864018977,0.5564407706,1.2740219831,0.4032457471,0.0020137262,0.0177735332
2.7467536926,-0.2381566763,0.7445896268,0.1199079433,-0.0206833888,0.9876656358,0.0985437689,-0.2415094823,0.5202231407,0.3229236603,1.3085743189,-0.5686016083,-0.0500346869,-0.4029363692,-0.3341157436,-0.1158753932,0.9123510718,-0.3891725540,0.0822357386,-0.2312218696,0.1102166176,0.4911608994,-0.3083061278,0.1623446643,-0.5525268912,1.3449327946,-0.3932870030,-0.0560866743,0.0814971253,-0.4257944226,-0.2790818214,0.5447347164,1.2747465372,0.3948744237,0.0148702087,0.0129241776
2.7413060665,-0.2373655587,0.7458325028,0.1220430123,-0.0188558137,0.9895372884,0.0746050693,-0.2882466912,0.5515697598,0.3116180897,1.2948708534,-0.5586216450,-0.0696476400,-0.3624809086,-0.3721205294,-0.1598971337,0.9274193048,-0.4239513874,0.0803593695,-0.1977497786,0.1139420643,0.4886386693,-0.2359157503,0.1777903587,-0.4861269593,1.2383774519,-0.4497676194,-0.0594029240,0.0967133045,-0.3950412571,-0.2990325093,0.5060907602,1.2059861422,0.3949299157,0.0044157645,-0.0255236812
2.7355797291,-0.2387275845,0.7513950467,0.1233917861,-0.0216440878,0.9905786032,0.0553175515,-0.3072219789,0.5737391710,0.2824265659,1.2267949581,-0.5297012925,-0.0930089802,-0.3049824536,-0.3873935342,-0.1947878152,0.9047335982,-0.4353023767,0.0911126882,-0.1658293605,0.1139455214,0.4844406843,-0.0980376452,0.2339487821,-0.4284955859,1.0004984140,-0.5360071063,-0.0686628670,0.0693782717,-0.3383311033,-0.3366663456,0.4275211096,1.0525302887,0.4171567559,-0.0243674535,-0.0842434317
2.7307209969,-0.2438811809,0.7567320466,0.1228438139,-0.0264283152,0.9914321662,0.0356819472,-0.3299968243,0.5830227137,0.2067497373,1.1562238932,-0.5078138709,-0.0999991000,-0.2493329495,-0.3850821555,-0.2025815398,0.8700496554,-0.4149421453,0.1329236180,-0.1220572069,0.1124538854,0.4771477282,0.1295405477,0.3602700233,-0.3253399432,0.5336253047,-0.6717039943,-0.0979655534,0.1208936498,-0.1965165585,-0.3793118298,0.2386544645,0.6737450957,0.4947339892,-0.0849360451,-0.1855978519
2.7266716957,-0.2485370487,0.7612049580,0.1133935906,-0.0327425415,0.9927931490,0.0207745751,-0.3425754309,0.5802715421,0.1466314197,1.0540989637,-0.4740350842,-0.1192152575,-0.2232660949,-0.3923218846,-0.2210710496,0.8419895768,-0.3603878617,0.1825881153,-0.0610100515,0.1082082838,0.4555031061,0.3212493658,0.4330847263,-0.1379682124,0.1337559819,-0.7313287258,-0.1300511658,0.2037320137,-0.0081982436,-0.4133913815,0.0670138448,0.2230763584,0.5439509749,-0.1390693486,-0.2995934188
2.7246754169,-0.2513328195,0.7661684155,0.1058863419,-0.0345998598,0.9936947988,0.0127113818,-0.3349366784,0.5628846288,0.1126197800,0.9673787951,-0.4447779655,-0.1411916167,-0.2091541439,-0.4148553610,-0.2395486236,0.8286024928,-0.3301089108,0.2031111717,-0.0273955651,0.1028564572,0.4271653295,0.4148269892,0.4665974975,-0.0100748381,-0.1058522463,-0.7778146267,-0.1792290509,0.2311347425,0.0883566216,-0.4425760806,-0.0360652506,-0.0104385633,0.5409985781,-0.1691718400,-0.3030383885
2.7273790836,-0.2545271516,0.7706241012,0.0897047303,-0.0382465351,0.9952117282,0.0066242028,-0.3585124016,0.5514464974,0.0740244538,0.8966837525,-0.3985337317,-0.1717380583,-0.2365539223,-0.4707165360,-0.2722037733,0.8464522362,-0.2806951702,0.2336939871,0.0129405847,0.0963494927,0.3708675504,0.4438461065,0.4867693484,0.1738547385,-0.3883970976,-0.8398261070,-0.3042435348,0.4484027922,0.1801801324,-0.5089154840,-0.1622052491,-0.3388846517,0.6320480108,-0.2488789558,-0.3858370483
2.7271699905,-0.2563628852,0.7777922153,0.0798917547,-0.0381817513,0.9960695326,-0.0022243165,-0.3752988279,0.5196408033,0.0284553412,0.8539095521,-0.3566565216,-0.2042607516,-0.2486785501,-0.5129749775,-0.2879593968,0.8452906013,-0.2154771835,0.2455406785,0.0301390961,0.0959838778,0.3088555038,0.2926391363,0.5726512671,0.2744161785,-0.5255113840,-0.7717570662,-0.4382541776,0.6189419031,0.1154865026,-0.5914489627,-0.2152982801,-0.4871657789,0.6974799633,-0.3437239826,-0.4918969572
2.7283883095,-0.2571115196,0.7841902971,0.0850385569,-0.0363399718,0.9955954462,-0.0154129098,-0.3597141504,0.4922559559,-0.0049085221,0.8292984366,-0.3045554161,-0.2376172096,-0.2332017422,-0.5183610916,-0.2680490613,0.8078046441,-0.1496780217,0.2520825863,0.0163866002,0.1001235396,0.2677802444,-0.0592009202,0.7365421653,0.1852100939,-0.4725026786,-0.7119461894,-0.4838313460,0.6854954362,-0.1563614607,-0.7366994619,-0.1450800151,-0.4906998277,0.7185406685,-0.3965931237,-0.4777775407
2.7296559811,-0.2549250722,0.7911127806,0.1012719323,-0.0294795383,0.9940842146,-0.0259138358,-0.3211390972,0.4936032593,-0.0166801345,0.8328093886,-0.2660667002,-0.2430926263,-0.1735868454,-0.5247637033,-0.2789887488,0.7583708763,-0.1348071992,0.2469789386,-0.0046857949,0.1051681414,0.2659295797,-0.5419937372,0.7803792357,-0.1029421166,-0.1131213382,-0.6462199688,-0.3996493816,0.7939274907,-0.5903790593,-0.8149134517,0.0460535288,-0.1923361272,0.6958528757,-0.3425516486,-0.5914064050
2.7293512821,-0.2532013655,0.7971822023,0.1232527749,-0.0192808309,0.9917750610,-0.0286222182,-0.2329393923,0.5104762316,0.0261581820,0.8261669278,-0.2875476182,-0.2439093739,-0.0682625547,-0.5266012549,-0.3148932755,0.6664030552,-0.1631431282,0.2347431779,-0.0286685620,0.0922457203,0.2824505270,-1.0907340050,0.6634030342,-0.6344652176,0.7402192354,-0.6319658756,-0.2185021490,0.6037526727,-1.1856894493,-0.7502062321,0.4131553471,0.6354744434,0.6311414838,-0.2308009416,-0.7075932026
2.7313725948,-0.2509641945,0.8017321825,0.1243629254,-0.0133135275,0.9917957360,-0.0264164866,-0.2072167844,0.5160527229,0.0121027650,0.8384276628,-0.2548809946,-0.2604058683,-0.0476896428,-0.4956335127,-0.2907001674,0.6144617796,-0.1645327657,0.2441505641,-0.0335792452,0.0698839575,0.2909017205,-1.2833259106,0.5191278458,-0.8163639903,1.0225794315,-0.5908315778,-0.1447265148,0.4680925310,-1.3819800615,-0.6594530940,0.5860869884,0.8528767228,0.6587731838,-0.1898599714,-0.6018171906
2.7292730808,-0.2459336370,0.8058270812,0.1118461328,-0.0062853819,0.9934951552,-0.0204527059,-0.1718897969,0.5057154298,-0.0155297639,0.7890066504,-0.2261418551,-0.2550532818,-0.0597324558,-0.4676783681,-0.2643588185,0.5656010509,-0.1703407168,0.2596898377,-0.0589000322,0.0336064026,0.2763579488,-1.3920937777,0.3013964891,-1.0119327307,1.1667680740,-0.5938860774,-0.0670698434,0.1663309187,-1.5276409388,-0.4878297746,0.9228572845,0.8832569122,0.6445879936,-0.0823523998,-0.1416732371
2.7297134399,-0.2406391352,0.8065210581,0.1009474070,-0.0017629177,0.9947820618,-0.0146684270,-0.1694234759,0.5480673909,-0.0306834243,0.7555934787,-0.2164666653,-0.2484681904,-0.0786831677,-0.4115119874,-0.1920664757,0.5457201004,-0.1876697987,0.2617999911,-0.0736290216,0.0232750159,0.2542128861,-1.4449880123,0.1440794915,-1.0589827299,1.0312280655,-0.5565335751,-0.0849816576,0.0364002138,-1.5770424604,-0.3723799288,0.9700565934,0.7053718567,0.6846435666,-0.1065962464,-0.0610719249
2.7285277843,-0.2343620807,0.8065705895,0.0921247362,0.0011789097,0.9957179252,-0.0075800166,-0.1575557739,0.5654334426,-0.0374560095,0.6779025197,-0.1930976212,-0.2450954169,-0.1081189886,-0.3860417306,-0.1586503983,0.5639057159,-0.2124791741,0.2617999911,-0.0716896504,0.0055666897,0.2400480509,-1.4787986279,0.0001976407,-1.0795534849,0.8929203153,-0.4953069091,-0.0985877588,-0.0584801137,-1.5930920839,-0.2622819841,0.9970631599,0.4496451914,0.7340818048,-0.1105706990,0.0414369851
2.7283945084,-0.2327219844,0.8042731285,0.0913368924,0.0029055672,0.9958150538,-0.0012281730,-0.1488652974,0.5561716557,-0.0416940600,0.6234632730,-0.1796523929,-0.2431224436,-0.1150595248,-0.3820510507,-0.1643677950,0.5737651587,-0.2369443774,0.2617999911,-0.0529092923,-0.0040172702,0.2473175824,-1.4560250044,-0.1163797900,-1.0735386610,0.8067721725,-0.5382969975,-0.0896124318,-0.0829445869,-1.5922768116,-0.1610190272,1.0207871199,0.2453542948,0.7475438118,-0.0973401219,0.1024337113
2.7276027203,-0.2320246547,0.8038333654,0.0893596797,-0.0016070000,0.9959977421,0.0008734228,-0.1475757062,0.5526387691,-0.0360390320,0.5489502549,-0.1501856595,-0.2522110045,-0.1160223186,-0.3674184084,-0.1661822498,0.5767074823,-0.2592232227,0.2615328431,-0.0432643332,-0.0057886839,0.2517703176,-1.4034322500,-0.1692501903,-1.0411466360,0.7088280916,-0.5630335212,-0.0821928233,-0.1074159741,-1.5219137669,-0.1105580926,1.0055845976,0.0564032458,0.7926843166,-0.0769998059,0.1494559050
2.7267980576,-0.2313392162,0.8005344272,0.0870672314,-0.0078953178,0.9961698038,-0.0016380576,-0.1558084935,0.5459825397,-0.0376046076,0.4991744161,-0.1334372163,-0.2554053068,-0.1152114272,-0.3623639047,-0.1865298599,0.5885893106,-0.2754916251,0.2495708317,-0.0347923785,-0.0017078067,0.2564606965,-1.3534476757,-0.1880518794,-1.0220013857,0.6437140703,-0.6272641420,-0.0739341825,-0.1193603650,-1.4588186741,-0.0960451886,0.9931011200,-0.0564534590,0.8397901058,-0.0586513206,0.1758714616
2.7264146805,-0.2355012745,0.7987838984,0.0849479568,-0.0184203960,0.9961577449,-0.0106902269,-0.1722263694,0.5334240198,-0.0433363244,0.4803502858,-0.1281968653,-0.2525050640,-0.1109038219,-0.3601176143,-0.2104740441,0.6118802428,-0.2849194705,0.2379501760,-0.0322292931,0.0049710087,0.2691332996,-1.3153307438,-0.1785054654,-0.9986484051,0.5855290890,-0.6819055080,-0.0628891885,-0.1046284512,-1.3698686361,-0.1264324337,0.9567673802,-0.1453234404,0.9099520445,-0.0425175466,0.1668599546
2.7269282341,-0.2483756691,0.7988471389,0.0842726831,-0.0285957178,0.9957932287,-0.0218230506,-0.2009600848,0.5065451860,-0.0664745346,0.5097222924,-0.1668284684,-0.2384898663,-0.1155130342,-0.3698209226,-0.2356387824,0.6499912739,-0.2800368369,0.2328549027,-0.0313075483,0.0077021290,0.2841175795,-1.2843465805,-0.1598450243,-0.9880769849,0.5115402937,-0.7234161496,-0.0712863728,-0.0815910175,-1.2955538034,-0.1695282310,0.9254068136,-0.2102917582,0.9418320656,-0.0376884378,0.1686744541
2.7274627686,-0.2598639131,0.7988948226,0.0840358202,-0.0371680926,0.9952862734,-0.0310120597,-0.2196483761,0.4802238643,-0.0996031687,0.5347421765,-0.1983721703,-0.2291009426,-0.1283264011,-0.3773820996,-0.2344272733,0.6952404380,-0.2653957009,0.2368223220,-0.0288417917,0.0128660062,0.2987495065,-1.2700307369,-0.1292625368,-0.9894742370,0.4430136383,-0.7550704479,-0.0850413963,-0.0542680472,-1.2369341850,-0.2160835415,0.8935732245,-0.2412274033,0.9516035318,-0.0394871533,0.1648220867
2.7258191109,-0.2687800825,0.8036887646,0.0827838328,-0.0409613176,0.9948729240,-0.0411931126,-0.2272938639,0.4622578323,-0.1136616319,0.5344834924,-0.1960546225,-0.2289879620,-0.1411822885,-0.3980483711,-0.2372733355,0.7254098058,-0.2338431776,0.2460848540,-0.0238182433,0.0207244474,0.3183554709,-1.2738231421,-0.0938418582,-0.9927943945,0.3995098770,-0.7199070454,-0.1037123352,-0.0192330163,-1.2176942825,-0.2672465742,0.8685153127,-0.2443004549,0.8941552043,-0.0531125329,0.1424400955
2.7228598595,-0.2713549435,0.8066139221,0.0792663771,-0.0381885508,0.9949801599,-0.0476755427,-0.2190042734,0.4449286461,-0.1200397164,0.5145255923,-0.1819858104,-0.2346789241,-0.1396130621,-0.4297310114,-0.2422967553,0.7135968804,-0.1964763105,0.2595776916,-0.0157741737,0.0315679647,0.3261783421,-1.2568250895,-0.0695539936,-0.9984287620,0.3889823258,-0.6688917279,-0.1284210235,0.0208603106,-1.2269384861,-0.2859247327,0.8666406274,-0.1982026696,0.8278043866,-0.0820554271,0.0926908180
2.7223131657,-0.2704137862,0.8120362759,0.0762103146,-0.0321440817,0.9954510598,-0.0472856586,-0.2027166486,0.4444495142,-0.1108874679,0.4943089783,-0.1614396721,-0.2459203750,-0.1412350982,-0.4538217485,-0.2440687120,0.6756559014,-0.1625273228,0.2617999911,-0.0061741970,0.0464896262,0.3246396184,-1.1985706091,-0.0322739854,-0.9839582443,0.3973766565,-0.6131414771,-0.1437917650,0.0477685034,-1.2531757355,-0.2751663029,0.8779788017,-0.1282989085,0.7834256887,-0.1008852720,0.0539917722
2.7212035656,-0.2657214105,0.8168508410,0.0736904895,-0.0181666651,0.9963552431,-0.0389347340,-0.1660324335,0.4517351091,-0.0817114785,0.4780081511,-0.1393037587,-0.2617999613,-0.1416298300,-0.4736448824,-0.2248570174,0.6132809520,-0.1371821016,0.2617999911,0.0026211077,0.0692381337,0.3210304976,-1.0710784197,0.0402510688,-0.9473360181,0.4124248922,-0.5713292360,-0.1505396217,0.0612168498,-1.2846423388,-0.2038796395,0.9054108858,-0.0207998902,0.7437983155,-0.1241723076,-0.0192371923
2.7246305943,-0.2635956109,0.8218038082,0.0739823140,0.0023262962,0.9969578482,-0.0244183207,-0.1218100041,0.4575395584,-0.0094337855,0.4803213179,-0.1114490926,-0.2617999911,-0.1399706006,-0.5000316501,-0.2179699242,0.5306840539,-0.1036429703,0.2617999911,0.0035890671,0.0942751467,0.3107008040,-0.8675049543,0.1293920279,-0.8424226642,0.5277342200,-0.4914094806,-0.1494485736,0.1195978597,-1.2845267057,-0.1073721498,0.9304530025,0.0979790241,0.7209242582,-0.1240687892,-0.1099629551
2.7278099060,-0.2605656683,0.8254806995,0.0730295171,0.0222815663,0.9970808487,-0.0000505664,-0.0697167367,0.4635609984,0.0588797480,0.5161556602,-0.0857578963,-0.2617999911,-0.1667695493,-0.5281128287,-0.1948625296,0.4783046246,-0.0778107941,0.2617999911,-0.0010493214,0.1308686137,0.2615834177,-0.5562593937,0.1906620860,-0.6095771194,0.7185556293,-0.4268977046,-0.1555301398,0.2960949540,-1.2632908821,0.0076323729,0.9929045439,0.2493043244,0.7076303959,-0.0842255801,-0.1329365671
2.7320730686,-0.2584598362,0.8209663630,0.0758564710,0.0424801976,0.9959151932,0.0243753274,-0.0305461939,0.4558149576,0.1046911925,0.5897629261,-0.1048335209,-0.2617999911,-0.2320262343,-0.5517989993,-0.1075341702,0.4903710783,-0.1047146991,0.2617999911,-0.0132574281,0.1462306529,0.3133777082,-0.3784012794,0.2540009916,-0.2761434019,1.0774818659,-0.4945022464,-0.1553117633,0.4530397654,-1.3057272434,0.0594637617,1.0833494663,0.1497184336,0.7641435266,-0.0339946561,-0.0750559419
2.7337849140,-0.2544588745,0.8174480200,0.0829294384,0.0521384096,0.9939765161,0.0491424455,-0.0101432148,0.4458852112,0.0844319463,0.6688427329,-0.1528222114,-0.2617999911,-0.2677876651,-0.5241453052,-0.0154397860,0.5169218779,-0.1365786642,0.2617999911,-0.0411211066,0.1553912312,0.3481054306,-0.1951722056,0.3357636034,-0.0993120372,1.3091217279,-0.5866525173,-0.1310652792,0.4446810186,-1.3102070093,0.0851430893,1.1062707901,0.0683671460,0.8426866531,-0.0281694625,-0.0489032753
2.7369580269,-0.2513221204,0.8143834472,0.0879704875,0.0513137242,0.9930158229,0.0595623253,-0.0051856944,0.4485719204,0.0763900802,0.6971060634,-0.1981048584,-0.2617999911,-0.2815329432,-0.5007326603,0.0125163188,0.5289358497,-0.1561090648,0.2617999911,-0.0808588564,0.1475157887,0.3722629547,-0.0851437673,0.4002881348,0.0076507605,1.4194308519,-0.6188856959,-0.1071036756,0.4117785096,-1.2971830368,0.0701052174,1.1067934036,-0.0625539124,0.9015113115,-0.0276309792,-0.0209138431
2.7399263382,-0.2492967099,0.8122293949,0.0894720759,0.0410816884,0.9931474709,0.0629693852,-0.0204644557,0.4804912210,0.0713847205,0.7166892886,-0.2521101236,-0.2617999911,-0.2768262625,-0.4714275002,0.0068761115,0.5325204134,-0.1647830307,0.2617999911,-0.1320701987,0.1242694110,0.4017882049,-0.0128877312,0.4846450090,0.0664550290,1.4611357450,-0.6364443302,-0.0753093213,0.3600490987,-1.2665247917,0.0082448293,1.0735453367,-0.1806737483,0.9787238836,-0.0299544223,0.0052624112
2.7463545799,-0.2522293627,0.8101512790,0.0901413724,0.0289045912,0.9940281076,0.0542879262,-0.0584348030,0.5070444942,0.0809722766,0.6836583018,-0.2547139823,-0.2617999911,-0.2673744261,-0.4615267813,-0.0318744443,0.5208679438,-0.1518863440,0.2617999911,-0.1653336734,0.0985821635,0.4077543914,0.0119931437,0.5991679430,0.1258664131,1.4764266014,-0.6089493632,-0.0593121946,0.3477498293,-1.1786388159,-0.1262358129,1.0196863413,-0.3383616209,1.0610225201,-0.0599720813,0.0242487732
2.7500286102,-0.2597740889,0.8082118630,0.0901609603,0.0153812127,0.9951805672,0.0353561610,-0.1020263880,0.5159486532,0.0853093341,0.6633580327,-0.2858238518,-0.2538636029,-0.2496609539,-0.4639182687,-0.0735118985,0.5225326419,-0.1292322278,0.2617999911,-0.1886658967,0.0646228716,0.4160276949,-0.0239292793,0.7555752993,0.1970542669,1.5061751604,-0.5657014251,-0.0431257673,0.3709359467,-1.0276405811,-0.3659237325,0.9304832816,-0.5327377915,1.1507347822,-0.0962800607,0.0427493937
2.7546532154,-0.2718153298,0.8080126047,0.0881265177,0.0019229298,0.9960457070,0.0110891256,-0.1578302830,0.5024087429,0.0774075463,0.6598613858,-0.3142986000,-0.2347557545,-0.2397020906,-0.4709218144,-0.0994030312,0.5478936434,-0.1106026396,0.2617999911,-0.1998455077,0.0305265598,0.4376083016,-0.1170126051,0.9261995554,0.2382659763,1.5196009874,-0.5144183636,-0.0352805369,0.4204597473,-0.7987982035,-0.6795984507,0.7734091282,-0.6967172027,1.2146363258,-0.1447207630,0.0921970084
2.7591006756,-0.2850761414,0.8062108755,0.0843294169,-0.0155684479,0.9962668788,-0.0099236656,-0.2174849361,0.4978105426,0.0558697879,0.6949426532,-0.3497611284,-0.2196643353,-0.2376055270,-0.4627236724,-0.1018628702,0.5793243647,-0.1024375260,0.2617999911,-0.2116225064,0.0028471525,0.4569066465,-0.2136165649,1.0909167528,0.2330241054,1.5154589415,-0.4755312204,-0.0285926554,0.4227896333,-0.5230826139,-0.9430638552,0.5780518651,-0.7665379643,1.2258727551,-0.1698201001,0.1534448415
2.7618277073,-0.2957244217,0.8061493039,0.0815713633,-0.0228674133,0.9961986586,-0.0202836544,-0.2541122735,0.4870147407,0.0327020660,0.7124175429,-0.3648616970,-0.2127137333,-0.2495600134,-0.4553052485,-0.0919743627,0.6153022051,-0.0963316113,0.2617999911,-0.2463797331,-0.0268464927,0.4508760870,-0.2367860824,1.2003992796,0.2373401970,1.4990720749,-0.4427115321,-0.0229974166,0.4053941369,-0.3929171860,-1.0753761530,0.5105305910,-0.7660614848,1.2238419056,-0.1802352965,0.1714353263
2.7636597157,-0.3072176278,0.8051778078,0.0831722153,-0.0316142806,0.9956500326,-0.0276393289,-0.2780905962,0.4719270170,0.0060165152,0.7406836152,-0.3832213581,-0.2088870704,-0.2571856678,-0.4473317266,-0.0714456737,0.6392884851,-0.0870894045,0.2617999911,-0.2609723508,-0.0538816825,0.4483762383,-0.2413642108,1.3200023174,0.2214191556,1.4758960009,-0.4033711553,-0.0230224151,0.3488305807,-0.2998346984,-1.2195435762,0.4379355311,-0.7498521209,1.2146439552,-0.1749894321,0.1966566741
2.7636823654,-0.3075951338,0.8063711524,0.0882230164,-0.0299478355,0.9953003973,-0.0263997275,-0.2589709461,0.4638327658,-0.0002786444,0.7205423117,-0.3684078455,-0.2094220370,-0.2632977664,-0.4464460611,-0.0596153811,0.6697353125,-0.0860198364,0.2617999911,-0.2492737174,-0.0722504035,0.4456123412,-0.2468784302,1.3777613640,0.1648442894,1.4503339529,-0.3399099112,-0.0175205320,0.2802529335,-0.2913281024,-1.3298254013,0.3822876513,-0.7029882669,1.1934659481,-0.1603173912,0.2167705446
2.7591161728,-0.3060142994,0.8125921488,0.0923754577,-0.0196361915,0.9952020692,-0.0255741329,-0.1965896636,0.4383928478,0.0085017858,0.6581590176,-0.3451656401,-0.2217693329,-0.2334830314,-0.4634176195,-0.0747040138,0.6336370111,-0.0776072070,0.2617999911,-0.2243420184,-0.0782604367,0.4222232103,-0.2423404157,1.3608753681,0.0795497522,1.4087126255,-0.2598050237,-0.0238506105,0.2098581344,-0.3480097353,-1.4380247593,0.3443489075,-0.6195361614,1.1377359629,-0.1567113250,0.2439147681
2.7542889118,-0.3022570610,0.8195129037,0.0916484379,-0.0052738865,0.9956100074,-0.0182609727,-0.1149074063,0.4171053469,0.0347869992,0.5443151593,-0.2826414108,-0.2458799332,-0.2071054280,-0.4764785767,-0.0931951478,0.5825644732,-0.0708741620,0.2617999911,-0.1818667501,-0.0717652813,0.3887608349,-0.1952632219,1.3016595840,-0.0100062480,1.3237488270,-0.1764499843,-0.0455984287,0.1314629018,-0.4196815491,-1.5691708326,0.3294597864,-0.4823305905,1.0877555609,-0.1648432910,0.2482105941
2.7497410774,-0.2985627055,0.8267197609,0.0869134415,0.0097408730,0.9960865681,-0.0127560968,-0.0316170156,0.4207692742,0.0954650715,0.4248069227,-0.2153849304,-0.2617999911,-0.1665348858,-0.4843126833,-0.1502627134,0.5058277845,-0.0345550179,0.2617999911,-0.1258918494,-0.0660774708,0.3519146144,-0.0899298489,1.2369389534,-0.1063874885,1.1496659517,-0.0685623437,-0.0859100893,-0.0096543077,-0.4999254346,-1.7405093908,0.3213042915,-0.2541752160,0.9410395026,-0.1697696447,0.2473575175
2.7461154461,-0.2938000262,0.8320721388,0.0829213412,0.0223611295,0.9962689888,-0.0084931124,0.0202609748,0.4133893549,0.1299352199,0.3829523921,-0.1529215127,-0.2617999911,-0.1336238235,-0.5052531958,-0.1851736158,0.4545548260,-0.0090707904,0.2617999911,-0.0583554506,-0.0799173787,0.3324686289,0.0058791679,1.2014882565,-0.1858977079,0.9701429009,-0.0382678211,-0.1347424090,-0.1145891324,-0.5557712317,-1.8487886190,0.2804801166,0.0089806663,0.7119640112,-0.1491517276,0.2303939760
2.7368960381,-0.2886609137,0.8343213797,0.0731736286,0.0400329575,0.9965032516,-0.0049246336,0.1033848152,0.4359506071,0.1794451624,0.3270116150,-0.0908181295,-0.2617999911,-0.0935011059,-0.5354956985,-0.2177394181,0.4034113884,-0.0125440247,0.2617999911,0.0486537255,-0.1138113365,0.3173265755,0.1030816659,1.1880784035,-0.2923719585,0.6529942751,-0.0496095084,-0.1748156250,-0.2521832287,-0.5860942006,-1.9898430109,0.1490968913,0.5646401644,0.0796011090,-0.1271624118,0.1294966787
2.7266929150,-0.2771283984,0.8353490829,0.0642886821,0.0502250409,0.9966079419,-0.0108176095,0.1310995668,0.4636426866,0.1721753776,0.3337291181,-0.0690333173,-0.2617999911,-0.0507916100,-0.5370590687,-0.2299445868,0.3831600249,-0.0423767269,0.2617999911,0.0830220580,-0.1343384832,0.2700344324,0.1883715689,1.1782585382,-0.3622940183,0.4020476043,-0.1184918508,-0.1988944858,-0.3417256176,-0.6415830851,-2.0988812447,0.0039373450,0.9273396730,-0.0726399124,-0.0425031856,0.1301926672
2.7136423588,-0.2675850391,0.8354112506,0.0613575164,0.0621742639,0.9958822067,-0.0242537948,0.1371774673,0.4776756465,0.1360821575,0.3832269907,-0.0685797334,-0.2617999911,-0.0077873557,-0.5435166359,-0.2454859763,0.3930443227,-0.0962568223,0.2617999911,0.1290133744,-0.1661092043,0.2603072822,0.2024998963,1.2343639135,-0.4556024373,0.1440626383,-0.1891089678,-0.2053998411,-0.3844820857,-0.6716722250,-2.1498086452,-0.1871213466,1.1132392883,-0.0638692752,0.0061540403,0.0813117847
2.7011814117,-0.2560642362,0.8330816627,0.0610698642,0.0704265827,0.9947726041,-0.0416897383,0.1123252437,0.4932741225,0.0972274169,0.4750282764,-0.0828772560,-0.2617999911,0.0265730415,-0.5432811379,-0.2453979552,0.4196874797,-0.1543739438,0.2617999911,0.1479946375,-0.1906031966,0.2458584011,0.1782125831,1.2510393858,-0.5201878548,-0.0642577037,-0.2937054336,-0.1881311387,-0.3456484377,-0.6602814198,-2.1918921471,-0.3595319092,1.1915857792,0.0087111238,0.0320059657,0.0159857795
2.6892442703,-0.2492515892,0.8312204480,0.0603424462,0.0770618248,0.9930888456,-0.0647673461,0.0623129457,0.4912142456,0.0460466258,0.5970443487,-0.1098922417,-0.2575906217,0.0556378923,-0.5336787105,-0.2073931843,0.4415636063,-0.2008988559,0.2617999911,0.1596218348,-0.2058368921,0.2391885072,0.1140439585,1.2451980114,-0.5870137215,-0.2278388888,-0.4410881698,-0.1651038677,-0.3040952981,-0.6192557812,-2.2061035633,-0.5280632973,1.2019133568,0.0972568467,0.0333500318,-0.0572061688
2.6889307499,-0.2467357665,0.8312639594,0.0587653849,0.0775895411,0.9917840289,-0.0830116415,-0.0108238701,0.4859496355,0.0090376977,0.7322727442,-0.1536222845,-0.2454120964,0.0725454763,-0.5135177374,-0.1707881093,0.4479160905,-0.2151372582,0.2595708966,0.1532223225,-0.1558529884,0.2410218567,-0.0164804608,1.1586165428,-0.6792066693,-0.3138840199,-0.5801216960,-0.1294036359,-0.2191217691,-0.3722514510,-2.2514998913,-0.8733128309,1.1880902052,0.2024429739,0.0145252803,-0.1785899401
2.6889712811,-0.2479131520,0.8327008486,0.0541195789,0.0757228352,0.9902200595,-0.1039295782,-0.0987610668,0.4562246799,-0.0285393912,0.8560268879,-0.2148270458,-0.2386615425,0.0929278657,-0.4952056408,-0.1348514110,0.4227438569,-0.1967434138,0.2604588270,0.1450168639,-0.1172627881,0.2061656415,-0.0662347376,1.0593187809,-0.7345331907,-0.3603609502,-0.6949980259,-0.1349158138,-0.1646208167,-0.1648610085,-2.2514998913,-1.1361118555,1.0333276987,0.2820190787,-0.0244645029,-0.3146412969
2.6913843155,-0.2469548732,0.8344675899,0.0467206028,0.0666149201,0.9889292366,-0.1240911067,-0.1935176104,0.4342874587,-0.0338921808,0.9303758144,-0.2431781888,-0.2365668714,0.1147446558,-0.4671497345,-0.1411496848,0.3633903265,-0.1360234469,0.2617999911,0.1778835207,-0.0574954711,0.2050600052,-0.1345610470,0.9605210423,-0.7931841016,-0.3942652643,-0.7410991192,-0.1614290774,-0.1133312881,0.0212360322,-2.2514998913,-1.3966752291,0.7968398333,0.3198557496,-0.0787362009,-0.4753963053
2.6970169544,-0.2437772304,0.8362247348,0.0394403716,0.0480161017,0.9884350427,-0.1383295971,-0.2779522538,0.4068440795,-0.0176307131,0.9161887169,-0.1957935840,-0.2617772222,0.1326940656,-0.4222255349,-0.1897603273,0.2795344591,-0.0274657886,0.2617999911,0.2437354028,0.0322889723,0.1768605113,-0.1695402563,0.8629105687,-0.8834514022,-0.4232296050,-0.7126912475,-0.1958547086,-0.0820665136,0.3057276309,-2.2514998913,-1.6846681833,0.4204340875,0.2571772337,-0.1230842695,-0.6402869821
2.7058064938,-0.2424916327,0.8330141902,0.0282002420,0.0302054949,0.9885869386,-0.1448731835,-0.3391352892,0.3564842343,-0.0186634474,0.8556611538,-0.1445002407,-0.2617999911,0.1064701676,-0.3958666325,-0.2012953758,0.2328302562,0.0747841746,0.2617999911,0.2800167501,0.0895671099,0.1628911048,-0.1587236077,0.8350222707,-0.9001257420,-0.4446160495,-0.5891903043,-0.2365784049,-0.0525082275,0.6685354114,-2.2514998913,-1.9457819462,-0.0521068722,0.0618248098,-0.1170991212,-0.7160700560
2.7162315845,-0.2412454486,0.8256522417,0.0169886633,0.0122480479,0.9904469451,-0.1362946061,-0.3550854623,0.3441987634,-0.0000521789,0.7695257068,-0.0789841041,-0.2617999911,0.0528587028,-0.3892787993,-0.1886511296,0.2426475137,0.1222590059,0.2617999911,0.2912956774,0.1323748380,0.2061947435,-0.1488025784,0.8702188730,-0.8541435003,-0.5083347559,-0.5675506592,-0.2593269348,-0.0366001390,0.8877475262,-2.2514998913,-1.9997603893,-0.2850752771,0.0183689930,-0.1500930637,-0.5571987033
2.7262811661,-0.2382413000,0.8129712343,0.0113765418,-0.0042950608,0.9912595567,-0.1313644474,-0.3774813712,0.3664061129,-0.0063934941,0.7348120809,-0.1109731048,-0.2617849112,-0.0048682899,-0.3870486319,-0.1630730480,0.2646153271,0.1154912487,0.2617999911,0.2625246048,0.1902565211,0.2437275946,-0.0929371044,0.8840976357,-0.8038611412,-0.5616488457,-0.6044378877,-0.2808037996,-0.0348952413,1.0525463820,-2.2514998913,-1.9999998808,-0.4152607024,0.0238801539,-0.1781698614,-0.4350786209
2.7368235588,-0.2410826981,0.7910249233,0.0020154349,-0.0259889215,0.9921700933,-0.1221434397,-0.4466722608,0.4151123762,-0.0054182061,0.7947318554,-0.2483761013,-0.2499408275,-0.1040900126,-0.4257043302,-0.1230800152,0.3462242782,0.0159107726,0.2617999911,0.1498157084,0.2371660769,0.3518153429,0.0004943588,0.8799713850,-0.6890671253,-0.6321523786,-0.6092903614,-0.3020176589,-0.0271431115,1.1489999294,-2.2513718605,-1.9035955667,-0.4533723891,0.1263470650,-0.2177545428,-0.3500706851
2.7550926208,-0.2501078844,0.7617819309,-0.0030180382,-0.0459973301,0.9914497952,-0.1220755530,-0.6002572775,0.4515054524,-0.0128169795,0.9985955954,-0.4051183164,-0.2007794976,-0.2191776484,-0.4752911031,-0.0889557973,0.4304309189,-0.0733791739,0.2617999911,0.0623025410,0.3789731562,0.5138526559,0.0066379718,0.6811842918,-0.6878128052,-0.6859276295,-0.6587084532,-0.2933139801,0.0041396371,1.1490000486,-2.1744849682,-1.7654901743,-0.3171420097,0.2181849927,-0.1804036498,-0.2990966737
2.7727384567,-0.2614150345,0.7262119055,-0.0078456933,-0.0476443957,0.9889574121,-0.1401131461,-0.7725763321,0.4489243329,0.0067359488,1.2313516140,-0.5191290379,-0.1410026401,-0.3251158595,-0.5713580251,-0.0573999994,0.5203083754,-0.1333603561,0.2617999911,0.0484218113,0.5199999809,0.5199999809,-0.0011094742,0.5267811418,-0.8755335212,-0.6918910146,-0.7232439518,-0.2656595111,0.0495343730,1.1490000486,-2.0459167957,-1.6612676382,-0.1527660787,0.3463567495,-0.1670082957,-0.5045271516
2.7887556553,-0.2686877549,0.6848820448,-0.0090748155,-0.0391150970,0.9858827495,-0.1625511034,-0.9203249216,0.4320544899,0.0228405073,1.4468486309,-0.6086052656,-0.0912671834,-0.3792189062,-0.6796000600,-0.0003055694,0.5775797963,-0.1853790283,0.2617999911,0.1443577558,0.5199999809,0.5199999809,-0.0440552942,0.5451689363,-1.0996006727,-0.6410138607,-0.8316745758,-0.2271358967,0.1025456712,1.1490000486,-2.1151368618,-1.7970547676,0.3099422157,0.5556505919,-0.1097780466,-0.7160680890
2.7967588902,-0.2749899328,0.6482420564,-0.0129764184,-0.0402171394,0.9845196160,-0.1701038506,-1.0415829420,0.4154487550,-0.0118942056,1.5924537182,-0.6521779895,-0.0676444992,-0.4114342034,-0.7198013067,0.0740728229,0.6323313713,-0.2133617699,0.2617999911,0.3558332622,0.5199999809,0.5199999809,-0.1921550333,0.6622043252,-1.2684284449,-0.5791090131,-0.7942202091,-0.2087236941,0.1087333038,1.1490000486,-2.2514998913,-1.9999997616,0.9114620686,0.6534171104,0.0599360615,-0.5031903982
2.7997684479,-0.2760899365,0.6228544712,-0.0232512820,-0.0318614616,0.9839910250,-0.1737984117,-1.1311579943,0.3747417927,-0.0236766171,1.6966210604,-0.6826779842,-0.0582009405,-0.4379334748,-0.7583001256,0.1298978329,0.6949665546,-0.2450125068,0.2617999911,0.5376384854,0.5199999809,0.5199999809,-0.3663308918,0.7474601269,-1.3999999762,-0.5332289338,-0.7385054231,-0.1698906720,0.0800755247,1.1490000486,-2.2514998913,-2.0000000000,1.2241827250,0.6503791213,0.2210303694,-0.1731541008
2.7975080013,-0.2758996785,0.6026929617,-0.0311269798,-0.0284194239,0.9842668798,-0.1715871696,-1.2024902105,0.3785195649,-0.0251797177,1.7616249323,-0.6850640774,-0.0465053804,-0.4912653267,-0.7957247496,0.1795874685,0.7953715920,-0.3082139492,0.2617999911,0.6723200083,0.5199999809,0.5199999809,-0.4741499126,0.7737313509,-1.3999999762,-0.4906054139,-0.6814405322,-0.0996586978,0.0048997826,1.1490000486,-2.2514998913,-2.0000000000,1.3944361210,0.4799972177,0.2643058002,0.2377943248
2.7889993191,-0.2717109025,0.5891454220,-0.0424031430,-0.0214135964,0.9833745374,-0.1752653720,-1.2522269487,0.3650963306,-0.0405276604,1.8026930094,-0.6817492247,-0.0455673933,-0.5183907747,-0.8299168944,0.2290892899,0.8925727010,-0.3633458912,0.2617999911,0.7848173976,0.5199999809,0.5199999809,-0.5886140466,0.7761416435,-1.3999999762,-0.4464513063,-0.5796013474,-0.0593688004,-0.0341178477,1.1490000486,-2.2514998913,-2.0000000000,1.3750767708,0.3286411762,0.2295296043,0.5579462051
2.7812378407,-0.2649181783,0.5814309716,-0.0475768607,-0.0135232893,0.9821230994,-0.1816253853,-1.2809064388,0.3631635010,-0.0442990027,1.8177734613,-0.6608515382,-0.0502306521,-0.5374067426,-0.8569939733,0.2527777851,0.9948362112,-0.3886697590,0.2617999911,0.8795264959,0.5199999809,0.5199999809,-0.6908292770,0.7712029815,-1.3999999762,-0.3860902190,-0.4885509908,-0.0435876362,-0.0045104236,1.1490000486,-2.2514998913,-2.0000000000,1.3288978338,0.3020221293,0.2155371904,0.6988474727
2.7744121552,-0.2566318512,0.5783209801,-0.0420044276,-0.0066850570,0.9822734903,-0.1825643128,-1.2799172401,0.3856254220,-0.0556396842,1.8188320398,-0.6330646276,-0.0658963397,-0.5373041034,-0.8519874215,0.2727173269,1.0884763002,-0.4232546091,0.2617999911,0.9575613141,0.5199999809,0.5199999809,-0.7849951386,0.7398984432,-1.3999999762,-0.3305820227,-0.4338632524,-0.0336656421,0.0555965230,1.1490000486,-2.2514998913,-2.0000000000,1.2993905544,0.3210473359,0.2353381813,0.7595088482
2.7723975182,-0.2515808344,0.5786126852,-0.0336163613,-0.0039474588,0.9827221923,-0.1819655204,-1.2602303028,0.4235935211,-0.0556429252,1.8062003851,-0.6114405990,-0.0819024593,-0.5385574698,-0.8630117774,0.2764684558,1.1167091131,-0.4403990805,0.2617999911,1.0149260759,0.5199999809,0.5199999809,-0.8804614544,0.6363528371,-1.3999999762,-0.2540586293,-0.4040961862,-0.0280830618,0.1685411930,1.1490000486,-2.2514998913,-2.0000000000,1.2508914471,0.3583165109,0.2634811103,0.7836382985
2.7748484612,-0.2481741756,0.5817160606,-0.0264582850,-0.0027857713,0.9837243289,-0.1777038079,-1.2303893566,0.4417583942,-0.0668134466,1.7829053402,-0.5935817957,-0.1103162915,-0.5520868897,-0.8658845425,0.2785747349,1.1166590452,-0.4329046309,0.2617999911,1.0181367397,0.5199999809,0.5199999809,-0.9242074490,0.4641113579,-1.3999999762,-0.1516362727,-0.3886367381,-0.0219407957,0.2837887704,1.1490000486,-2.2514998913,-2.0000000000,1.2346374989,0.4219073653,0.3208030760,0.7714530230
2.7810280323,-0.2451773584,0.5882693529,-0.0138730315,-0.0052968269,0.9856074547,-0.1683966385,-1.1976007223,0.4645719826,-0.0894299373,1.7439253330,-0.5858170986,-0.1512376070,-0.5642777681,-0.8502541780,0.2742266059,1.0881321430,-0.4123559594,0.2617999911,0.9929965734,0.5199999809,0.5199999809,-0.9116718173,0.2540457547,-1.3840576410,-0.0166467950,-0.3649305403,-0.0297445580,0.4143898785,1.1490000486,-2.2514998913,-2.0000000000,1.2489027977,0.4950610399,0.3831368089,0.7652555108
2.7913529873,-0.2462644726,0.5950250626,-0.0014194668,-0.0093229207,0.9876239753,-0.1565565444,-1.1500023603,0.4839033186,-0.0975347534,1.7121715546,-0.5799652934,-0.1860658228,-0.5731207728,-0.8387311101,0.2727196515,1.0213965178,-0.3776364326,0.2617999911,0.8864084482,0.5199999809,0.5199999809,-0.8049705029,0.0765150860,-1.3570193052,0.1544742286,-0.4034197330,-0.0384939238,0.4997358918,1.1490000486,-2.2514998913,-2.0000000000,1.3135459423,0.5993245244,0.4416671693,0.7066851854
2.8032469749,-0.2488137186,0.6064653397,0.0217022593,-0.0176726613,0.9891714232,-0.1440714565,-1.0535926819,0.4927479327,-0.1071422324,1.6349090338,-0.5502620935,-0.2367168814,-0.5639535785,-0.8076545596,0.2381597310,0.9476404786,-0.3239351213,0.2617999911,0.6161395907,0.5199999809,0.5199999809,-0.6369969845,-0.1551993936,-1.3462581635,0.4895852208,-0.4224067926,-0.0571702234,0.4189991653,1.1490000486,-2.2514998913,-2.0000000000,1.3707195520,1.0286071301,0.4876109064,0.3772207201
2.8103513718,-0.2525079250,0.6175191402,0.0429459920,-0.0299985090,0.9897230809,-0.1330562078,-0.9412229061,0.5304089785,-0.0902591646,1.5665923357,-0.5707635283,-0.2617999613,-0.5459724665,-0.7504513264,0.1936519444,0.9184726477,-0.2967880964,0.2617999911,0.2740867436,0.5199999809,0.5199999809,-0.5090010166,-0.2885132134,-1.3589055538,0.7303896546,-0.3373551369,-0.0431016572,0.2865275741,1.1490000486,-2.2514998913,-2.0000000000,1.2188845873,1.2803680897,0.2896934152,0.0400243141
2.8170533180,-0.2563533187,0.6288414001,0.0496146867,-0.0485717023,0.9910327241,-0.1141635334,-0.8751229644,0.5899558663,-0.0462087430,1.5085197687,-0.5546889305,-0.2617999911,-0.5521153808,-0.6744444966,0.1526825279,0.9154909849,-0.2850681841,0.2617999911,0.0583915673,0.5199999809,0.5199999809,-0.4913011789,-0.4048451185,-1.2757551670,0.9294689298,-0.2407988608,-0.0330110155,0.1684353054,1.1490000486,-2.1490807533,-1.8864306211,0.7700210214,1.2704921961,-0.0266115312,-0.2775838673
2.8199384212,-0.2599608600,0.6376104355,0.0585725917,-0.0544337531,0.9915504678,-0.1021464043,-0.8287551999,0.5965170264,-0.0272004753,1.4819911718,-0.5683636069,-0.2617748380,-0.5616003275,-0.6230344772,0.1359536797,0.9459150434,-0.2895366251,0.2617999911,-0.0731617436,0.5199999809,0.5199999809,-0.4653225541,-0.4683262110,-1.1847053766,0.9949911237,-0.2030933350,-0.0452252850,0.1677205414,1.1490000486,-1.9585888386,-1.6703804731,0.3101451695,1.2032414675,-0.2736684382,-0.4356105030
2.8223228455,-0.2585906386,0.6403915286,0.0531707104,-0.0722892055,0.9932191296,-0.0739114800,-0.8603321314,0.6412935257,-0.0444291793,1.4927657843,-0.5928972363,-0.2617506385,-0.6289472580,-0.5341076851,0.1017845199,1.0473328829,-0.3217456937,0.2617999911,-0.1061344966,0.5199999809,0.5199999809,-0.5601916313,-0.4385270774,-1.0659862757,0.9935721159,-0.1734192073,-0.0619674958,0.1803566068,1.1490000486,-1.9247450829,-1.6314508915,-0.0216193702,0.9541228414,-0.4418118596,-0.6513223648
2.8222005367,-0.2573388517,0.6425641179,0.0474274560,-0.0771562444,0.9940990637,-0.0597042878,-0.8785101771,0.6400237679,-0.0669178441,1.5030517578,-0.6098409295,-0.2615256011,-0.6839278936,-0.5018178225,0.0769553185,1.1285643578,-0.3600141704,0.2617999911,-0.0857115015,0.5090965629,0.5199999809,-0.6453851461,-0.3919509649,-1.0052932501,0.9467734694,-0.2067172229,-0.0862694755,0.1909065545,1.1490000486,-1.9100184441,-1.6007614136,-0.1454408765,0.8121914864,-0.4537821114,-0.7334451675
2.8167874813,-0.2521949112,0.6392349005,0.0352489504,-0.0772424347,0.9951018780,-0.0506297354,-0.8911635280,0.6063766479,-0.1105062440,1.5040214062,-0.6278209686,-0.2614485621,-0.7460187078,-0.4720733762,0.0589285642,1.2264317274,-0.4003960192,0.2617999911,-0.0649542361,0.5057039261,0.5199999809,-0.7371413112,-0.3236012459,-0.9349905849,0.8482004404,-0.2601909041,-0.1252863556,0.2365772426,1.1355109215,-1.8532468081,-1.4407715797,-0.3262739778,0.7639493942,-0.4517215788,-0.6883101463
2.8100578785,-0.2414983064,0.6349388361,0.0223132637,-0.0799124927,0.9955861168,-0.0438679354,-0.9258602262,0.5681006908,-0.1712359786,1.5184303522,-0.6388454437,-0.2617999911,-0.8137863278,-0.4126439989,0.0496000387,1.3328785896,-0.4425605834,0.2617999911,0.0265737213,0.0537367649,0.5199999809,-0.8235068321,0.0729564354,-1.0660164356,0.7459754348,-0.3780252934,-0.1358610988,0.2168833613,-0.0862676874,-0.9174978137,-0.0366962142,-0.5397105217,0.3478585184,-0.1784613431,-0.3228216767
2.8008751869,-0.2303277254,0.6290375590,0.0089348962,-0.0721099063,0.9962863704,-0.0461930436,-0.9516035914,0.5273597836,-0.2084340155,1.5463438034,-0.6609869003,-0.2528281808,-0.8690302372,-0.3512235284,0.0575423129,1.4567148685,-0.4970404804,0.2617999911,-0.2042199224,-0.1740647405,0.5199999809,-0.8254038095,0.3787234128,-0.9309707284,0.4925534725,-0.4300685525,-0.1544556767,0.2046907395,-0.5289419889,-0.5638188720,0.6504477859,-0.0840903670,0.1886191219,-0.0773045048,-0.1975596696
2.7945697308,-0.2291067541,0.6224818826,0.0059037865,-0.0603979933,0.9965341601,-0.0568937207,-0.9570190907,0.4795551300,-0.1965619177,1.5830543041,-0.6682631373,-0.2149945199,-0.8725197315,-0.3778124750,0.0725274086,1.5036692619,-0.5329644084,0.2617999911,-0.1987523735,-0.1244640946,0.5199999809,-0.8408158422,0.3363408148,-0.9151298404,0.2929742038,-0.4620709121,-0.1585519016,0.1861674488,-0.4909525216,-0.5370834470,0.7948902249,0.1249279752,0.1292036474,-0.0143253542,-0.1433664411
2.7856271267,-0.2323295921,0.6107991934,0.0098268257,-0.0483862299,0.9962022061,-0.0717172978,-0.9907525778,0.4370248318,-0.2099921405,1.6741124392,-0.6872353554,-0.1847227812,-0.8718094826,-0.4206159115,0.1363554001,1.5839158297,-0.6067040563,0.2605621219,-0.1124855652,-0.0098996162,0.5199999809,-0.9371733665,0.1478397846,-0.9711050987,0.1447432041,-0.5122923255,-0.1690354943,0.1686055362,-0.5616343021,-0.3240720928,0.9554979801,0.7400397658,0.0496759526,0.0754454508,-0.1584433764
2.7808458805,-0.2340691388,0.6000249982,0.0191769579,-0.0365506891,0.9954844606,-0.0854808753,-0.9947193861,0.4176062644,-0.2016711235,1.7177493572,-0.7103794217,-0.1559639871,-0.8613201976,-0.4803055227,0.1804433465,1.6164937019,-0.6593651175,0.2467421442,-0.0508795977,0.0573197529,0.5199999809,-1.0087169409,0.0839344114,-0.9757286906,0.0492055677,-0.5195388198,-0.2104706466,0.2146413475,-0.6528618932,-0.2468717694,0.9620583057,1.0097490549,0.0818791240,0.0765293092,-0.1625066549
2.7809937000,-0.2290618718,0.6061514020,0.0150340964,-0.0300840364,0.9956718119,-0.0866404626,-0.9795238376,0.4194060862,-0.1823445261,1.6798038483,-0.7109477520,-0.1442548335,-0.8718606830,-0.4833321571,0.1745018959,1.6047021151,-0.6657468677,0.2238593400,-0.0200631209,0.0819584280,0.5199999809,-1.0829310417,0.1571559161,-0.9377139807,-0.0233112257,-0.4841938615,-0.2538389266,0.2631220818,-0.7418988943,-0.3187204301,0.9169920683,0.9538136721,0.1255300194,0.0263454132,-0.1455976963
2.7837214470,-0.2251782417,0.6305744648,0.0022103819,-0.0284734026,0.9962476247,-0.0817009787,-0.9357722402,0.4218005538,-0.1513173878,1.5639899969,-0.6786441207,-0.1461104900,-0.8661277890,-0.4892401397,0.1095813066,1.5182576180,-0.6347553134,0.2068888694,-0.0287642535,0.0702467784,0.5199999809,-1.1313841343,0.3458310366,-0.8517917991,-0.0892447159,-0.3737669587,-0.2903691828,0.3867202699,-0.7917357683,-0.5047477484,0.8593482375,0.6514332294,0.1110619828,-0.0396905988,-0.1605514437
2.7821776867,-0.2223275602,0.6709880233,-0.0091201843,-0.0262222167,0.9968364529,-0.0744735099,-0.8363516927,0.3943455517,-0.1277933121,1.3489297628,-0.5861828327,-0.1659822464,-0.8169909120,-0.5215381980,0.0001716351,1.3773490191,-0.5712841749,0.1895639449,-0.0595485382,0.0392905213,0.5199999809,-1.1066105366,0.6024053693,-0.7697792053,-0.1295269430,-0.2501747906,-0.3126654625,0.4634081423,-0.7725985050,-0.7293491364,0.7722464800,0.2805859745,0.1226626709,-0.1356045455,-0.2250865549
2.7818596363,-0.2262260318,0.7220924497,-0.0210715742,-0.0284298684,0.9972437269,-0.0652125792,-0.7345612645,0.3706100583,-0.1225207224,1.0975584984,-0.4200324416,-0.2102302611,-0.7279713750,-0.5159753561,-0.1002824306,1.1754289865,-0.4367390871,0.1941256970,-0.0858997703,0.0153608667,0.5199999809,-0.9906956553,0.7745167017,-0.6782502532,-0.1345910281,-0.1877582818,-0.3438151777,0.5149567723,-0.6712714434,-0.8305072784,0.6868001819,0.1161134467,0.1080950499,-0.1817611009,-0.2395779341
2.7790644169,-0.2276334465,0.7845345140,-0.0300215695,-0.0329838329,0.9977116847,-0.0508150211,-0.5978451967,0.3763071001,-0.0898562223,0.7877337933,-0.1779125482,-0.2475611418,-0.6108676791,-0.4664226472,-0.1745942831,0.9125631452,-0.2023879439,0.2317744792,-0.1008915082,-0.0117296046,0.5199999809,-0.7104229331,0.8820368052,-0.4291441739,-0.1058004349,-0.1795780957,-0.3600017726,0.6086440086,-0.4677335322,-0.9149337411,0.5450381637,-0.0498766080,0.2060931921,-0.2375340313,-0.2145826668
2.7771670818,-0.2318893969,0.8512052298,-0.0289368733,-0.0348706869,0.9985928857,-0.0275488861,-0.4478895068,0.4022482336,-0.0124080954,0.5535297394,0.0649474859,-0.2617999911,-0.4598150849,-0.4151803255,-0.2749964893,0.6660919189,0.0518970974,0.2584937215,-0.0963179916,-0.0091849389,0.5199999809,-0.2925035954,0.7026135921,-0.1223017648,0.0503665283,-0.3579473794,-0.3288054764,0.6263191104,-0.2034470290,-0.8304364085,0.3655288517,0.0816336572,0.3141169548,-0.1421955079,-0.0452396646
2.7749950886,-0.2342153639,0.9147419333,-0.0203123932,-0.0389281587,0.9989756380,-0.0109398272,-0.3875347376,0.4255247712,0.0365817621,0.5941367149,0.1174943373,-0.2617999911,-0.3912421763,-0.3635709286,-0.2872464359,0.6678770781,0.1490252465,0.2617999911,-0.1002842411,-0.0146087361,0.5199999809,-0.0688039735,0.5458606482,-0.0451679081,0.1556025296,-0.4473385215,-0.2719137669,0.6085012555,-0.0476514660,-0.7394708395,0.2929471731,0.1924602240,0.3674249947,-0.0810497627,-0.0064160153
2.7780952454,-0.2423605174,0.9751495123,-0.0068293590,-0.0425338589,0.9990367730,0.0083520579,-0.3343208730,0.4092474580,0.1191063523,0.9990284443,0.0923903435,-0.2617999911,-0.3436163366,-0.3090479076,-0.2162584513,1.0422129631,0.0378269069,0.2610092461,-0.1422879100,-0.0391918980,0.5199999809,0.2223325074,0.2740655243,-0.2445085049,0.5257921219,-0.3938569725,-0.1437594891,0.2550883293,0.0448790155,-0.4710285962,0.2618937790,0.7336133122,0.2750313878,-0.0011752377,-0.0731925741
2.7767241001,-0.2415863723,1.0221712589,0.0035282166,-0.0484111490,0.9986710444,0.0173221657,-0.3349010944,0.3777175844,0.0834839493,1.3262698650,0.0473285429,-0.2617999911,-0.3263863027,-0.2454847991,-0.1755932719,1.3065518141,-0.0460510328,0.2596870959,-0.1427925974,-0.0266138241,0.5199999809,0.3526095748,0.1699495316,-0.3669764996,0.7506294250,-0.3006903231,-0.0720704496,0.1081659868,0.1244214550,-0.3833817542,0.2221340239,0.9660820365,0.3445800543,0.0169741157,-0.0488910340
2.7778496742,-0.2437406927,1.0629901886,0.0182383280,-0.0501751516,0.9984259378,0.0171890739,-0.4084399343,0.2368555218,0.0089264000,1.7867823839,-0.0799573958,-0.2583024204,-0.3303954303,-0.1652061045,-0.1071586683,1.7086210251,-0.1770330071,0.2531646192,-0.1338831037,-0.0049092178,0.5199999809,0.4319214523,0.1269674748,-0.4605373442,0.8394852281,-0.1777153760,-0.0242223535,0.0414620377,0.2199249417,-0.3559700251,0.1839706302,1.1372280121,0.4233164191,0.0264914781,-0.0540844649
2.7784395218,-0.2467364520,1.0740301609,0.0278026512,-0.0563298527,0.9979101215,0.0151442966,-0.5083104968,0.0881300792,0.0132200522,2.2371270657,-0.2391002476,-0.2573595345,-0.3270717263,-0.0572273135,-0.0762104169,2.0942924023,-0.2858193219,0.2592189312,-0.1253974736,0.0289316718,0.5199999809,0.4763439596,0.1514332592,-0.5245342851,0.8973971009,-0.0860484466,0.0113487542,0.0747917593,0.2588867247,-0.3406461477,0.1425513476,1.2406685352,0.5544525385,0.0495851412,-0.0784901679
2.7880728245,-0.2487450093,1.0855872631,0.0406810051,-0.0641709351,0.9970904721,0.0061430755,-0.6601715088,0.0824964792,0.0985160917,2.4862303734,-0.3052795529,-0.2028808147,-0.3460177481,-0.0388290137,-0.0477726460,2.2991819382,-0.3185467720,0.2563174665,-0.1278572679,0.0692327768,0.5199999809,0.4611551762,0.2184201181,-0.5108083487,0.9474746585,-0.1546156108,0.0296297949,0.0771261454,0.2553118765,-0.3477114737,0.0655913800,1.2984030247,0.7593585849,0.0699965209,-0.0890100598
2.7866415977,-0.2484353632,1.0887832642,0.0474629189,-0.0691807881,0.9964670161,0.0038439288,-0.7355283499,0.1086228341,0.1381307393,2.5037229061,-0.3389227092,-0.1789768785,-0.3474565446,-0.0338233113,-0.0526738390,2.3383548260,-0.3472447395,0.2556964159,-0.1164185330,0.1030420512,0.5199999809,0.3806861639,0.2972222865,-0.4808128774,0.9471451640,-0.2213124186,0.0501718707,0.0891515389,0.2261997014,-0.3855904341,0.0244096424,1.2997502089,0.8264339566,0.0820429698,-0.0922995359
2.7769098282,-0.2477034926,1.0875285864,0.0551433542,-0.0721630325,0.9958334250,0.0082156456,-0.7140384316,0.1038017496,0.1216082647,2.3495273590,-0.3107317686,-0.2216548324,-0.3245015144,-0.0297875665,-0.0834329501,2.2208755016,-0.3144337535,0.2574188709,-0.1022387594,0.1215873063,0.5199999809,0.2903254330,0.3790388405,-0.4676918089,0.8991496563,-0.2593241334,0.0535070971,0.1199187562,0.1908603758,-0.4444804490,0.0356457457,1.2540291548,0.7535220981,0.0785771832,-0.0837986022
2.7680335045,-0.2482055128,1.0880011320,0.0554637772,-0.0738327668,0.9956082324,0.0153863424,-0.6826988459,0.0873965546,0.1162508354,2.1913607121,-0.2205753028,-0.2564297020,-0.3159526587,-0.0470701717,-0.0964633971,2.1070539951,-0.2286930084,0.2588977516,-0.0899982601,0.1300760955,0.5199999809,0.2141146958,0.4427597821,-0.4648353159,0.8359811902,-0.2686539888,0.0369890779,0.1328402311,0.1549844295,-0.4959004819,0.0890711099,1.1744735241,0.6201666594,0.0727784410,-0.0578785017
2.7684485912,-0.2512300014,1.0921682119,0.0588499757,-0.0716226476,0.9954531820,0.0219052304,-0.6540767550,0.1796068698,0.1503807455,1.9097703695,-0.0295066033,-0.2057746202,-0.3822616935,-0.1050426513,-0.1335057616,1.9129209518,-0.0184055679,0.2520320415,-0.1026220024,0.1242818832,0.5199999809,0.1460676640,0.5190908313,-0.4366105795,0.7531797290,-0.3017210960,-0.0007089245,0.1315892488,0.1363723129,-0.5931493044,0.1565379351,1.0328021049,0.4778633416,0.0623896457,0.0253180321
2.7550468445,-0.2498974204,1.0811212063,0.0548239789,-0.0768264744,0.9948567601,0.0367702464,-0.5953562856,0.2347140163,0.1234390065,1.6500991583,0.0364552923,-0.2574493885,-0.4133985043,-0.1120300889,-0.1493491232,1.7299959660,0.0578677580,0.2583744228,-0.1124482304,0.1130595803,0.5199999809,0.0890247971,0.5690634251,-0.4070580006,0.7128188014,-0.3487876058,-0.0472793765,0.1402596384,0.0991036668,-0.6558538675,0.2379624546,0.8603278995,0.3932105899,0.0370762870,0.0873308629
2.7423052788,-0.2525910139,1.0616645813,0.0451591399,-0.0799193701,0.9946878216,0.0465798651,-0.5508648157,0.2642225921,0.1092348769,1.4128414392,0.0687266961,-0.2593748868,-0.4497161210,-0.1328896582,-0.1492562443,1.5723234415,0.0957686231,0.2592316270,-0.1339144111,0.0910087451,0.5199999809,0.0445790887,0.5993220806,-0.3882770538,0.7075561881,-0.3505836725,-0.0815023407,0.1642257571,0.0335731655,-0.7018769979,0.3262480497,0.7122167349,0.3005130589,0.0189224482,0.0944280401
2.7216713428,-0.2606473863,1.0291330814,0.0283872707,-0.0839819234,0.9937813237,0.0673786324,-0.4167531729,0.2980079651,0.0808483362,0.8971768618,0.0224986821,-0.2571794093,-0.4454448223,-0.1982125938,-0.1485203356,1.2007918358,0.0185521394,0.2593185604,-0.1694251001,0.0644832030,0.5199999809,0.0157706328,0.6241213679,-0.3433259726,0.7082865238,-0.3050716519,-0.1098361313,0.1705629230,-0.0823068172,-0.7535097599,0.4443257451,0.5051983595,0.2270337939,-0.0093867686,0.1028838977
2.7119791508,-0.2659117281,0.9968039393,0.0112604958,-0.0847072548,0.9924056774,0.0884808100,-0.3396777809,0.3159699142,0.1174740344,0.5799054503,0.0954024270,-0.2327056974,-0.4523410201,-0.2230486423,-0.1974405795,0.9239801168,-0.0510721989,0.1796975434,-0.2011704743,0.0457096919,0.5199999809,-0.0344202593,0.6075510979,-0.3277856410,0.7270771265,-0.2410151958,-0.1194400415,0.1887051612,-0.1907377988,-0.8073992133,0.5823829174,0.3204757273,0.0829523206,-0.0408700071,0.0981400385
2.7014882565,-0.2721530795,0.9607623219,0.0057290737,-0.0814634422,0.9915013432,0.1012717721,-0.3072710037,0.3144423068,0.1425050497,0.4817778766,0.0783509314,-0.2234767526,-0.4317669570,-0.2087641209,-0.2019006610,0.7307744026,-0.0204558671,0.1926888525,-0.2177979648,0.0285906661,0.5199999809,-0.1090591550,0.5848816633,-0.3600181937,0.7628362179,-0.2260316163,-0.1225952879,0.2074846774,-0.2676058412,-0.8125738502,0.6725943089,0.2438624054,0.0381477997,-0.0487337485,0.1012018397
2.6942286491,-0.2785471082,0.9208528996,0.0000945592,-0.0708977942,0.9902967060,0.1195237543,-0.3074002564,0.2947176695,0.1634086370,0.4530502558,0.0129580796,-0.1902762055,-0.3933880925,-0.1902343333,-0.1655991077,0.4818443060,0.0617996119,0.2174711674,-0.2252035737,0.0104963006,0.5199999809,-0.2503313124,0.5078095794,-0.4560343623,0.8275023103,-0.1916844249,-0.1300632805,0.2218941897,-0.3502407074,-0.7464442253,0.7912959456,0.2362969220,-0.0067046923,-0.0464808457,0.1096681282
2.6843616962,-0.2861185074,0.8772563338,0.0044492301,-0.0608851374,0.9908503667,0.1203692454,-0.3532481194,0.2921136022,0.1591897011,0.5728716850,-0.1187973022,-0.1647361368,-0.3814895451,-0.1914982051,-0.1328388900,0.4441566765,0.0261713378,0.2223246098,-0.2495567203,-0.0040206122,0.5199999809,-0.3840441704,0.3931582570,-0.5775805712,0.9161002040,-0.1757505685,-0.0967018306,0.2011256963,-0.3995792270,-0.6427243948,0.8571918607,0.2982626855,-0.0002747520,-0.0195655581,0.1124991998
2.6754858494,-0.2913025320,0.8304355145,0.0280340693,-0.0358804920,0.9934177634,0.1051086510,-0.4756231904,0.3077694774,0.1872854382,0.9737296700,-0.3445927203,-0.1515554190,-0.3913035095,-0.2753651142,-0.0873066336,0.6096581817,-0.2106423825,0.1782989204,-0.2580910325,-0.0159399081,0.5199999809,-0.6765630245,-0.0252541322,-0.8668595552,1.2689583302,-0.1296106577,-0.0520558394,0.1155436486,-0.4448169768,-0.2013884187,0.9065095186,0.9054030180,0.1251157522,0.0105479537,-0.0244477969
2.6639661789,-0.2962380946,0.7903197408,0.0407769905,-0.0198916496,0.9939023889,0.1004967693,-0.5838721991,0.3283982873,0.1447959691,1.2572089434,-0.4673923552,-0.1410748363,-0.4607719481,-0.3620436490,-0.0824021399,0.8469760418,-0.3792372048,0.1388357878,-0.2455735505,0.0044954792,0.5199999809,-0.7831102610,-0.2125952095,-0.9469459057,1.3774120808,-0.1885354817,-0.0311410408,0.0390072428,-0.4650414288,-0.1079894006,0.8480596542,1.0873006582,0.2322751284,0.0211440977,0.0237877946
2.6593177319,-0.3035001159,0.7694993019,0.0558012738,-0.0129372034,0.9935567032,0.0977953175,-0.6076787114,0.3351759911,0.1025083140,1.4040069580,-0.5098350644,-0.1563412249,-0.4893719554,-0.4042269588,-0.0538232997,0.9755529761,-0.4323009551,0.1248814091,-0.2394737154,0.0149872117,0.5199999809,-0.8111385703,-0.2579281926,-0.9898978472,1.3282061815,-0.2102056444,-0.0255138874,0.0039514229,-0.4774539471,-0.1037648395,0.8280414343,1.1219806671,0.2628723681,0.0384833738,0.0555011705
2.6620874405,-0.3172750175,0.7548456788,0.0708894860,-0.0079964137,0.9925691827,0.0985756342,-0.5825843811,0.3767414093,0.0579736494,1.4407244921,-0.5279681683,-0.1972506493,-0.5034278631,-0.4492672980,-0.0398174301,1.0108343363,-0.3975279033,0.1434391737,-0.2136183381,0.0420143344,0.5199999809,-0.8289217353,-0.1520895213,-0.9831115603,1.0880472660,-0.2414278984,-0.0559854284,-0.0097737648,-0.5112504959,-0.2571277320,0.8367998004,0.9885585904,0.2099563330,0.0301049221,0.1518000215
2.6632690430,-0.3405990303,0.7560063601,0.0760763416,-0.0121360111,0.9909367291,0.1100432023,-0.5006942153,0.4553931952,0.0465821289,1.3791608810,-0.5473468304,-0.2095654756,-0.4966623485,-0.4557641149,-0.0213134289,0.9367294908,-0.3102755547,0.1961979866,-0.2219966948,0.0461508408,0.5199999809,-0.8437908292,0.1185862496,-0.8862834573,0.6989254951,-0.2632371485,-0.0972481072,0.0317961425,-0.5709073544,-0.5427515507,0.8241042495,0.5907554030,0.1054194719,0.0070139454,0.2068785578
2.6636462212,-0.3650165498,0.7595525384,0.0754510162,-0.0203265323,0.9893507325,0.1227970044,-0.3860767782,0.5280524492,0.0680247098,1.2290351391,-0.4913315475,-0.2241197526,-0.4699372053,-0.4516980648,-0.0186922513,0.7875425816,-0.1843250245,0.2617999911,-0.2501656413,0.0545766838,0.5199999809,-0.8296327591,0.4560643733,-0.7135235667,0.3206612468,-0.2839866579,-0.1467881799,0.1837962866,-0.6509914398,-0.9094758630,0.7497822046,0.1732240021,0.1112123132,-0.0235679056,0.1878931224
2.6650593281,-0.3864756525,0.7685425282,0.0726027856,-0.0314416511,0.9870266253,0.1397093376,-0.2235066146,0.5914836526,0.1163896769,1.0288363695,-0.3836189210,-0.2282442302,-0.4225928187,-0.4523161054,-0.0891246870,0.5792779326,-0.0346871540,0.2617999911,-0.2714304626,0.0617767349,0.5083258748,-0.7775169015,0.7747350931,-0.4754250050,0.0970745236,-0.2714819610,-0.1961304545,0.3585117459,-0.6885766983,-1.2297933102,0.5627187490,-0.1108486280,0.1416391432,-0.0750004053,0.0082288925
2.6655552387,-0.4114069045,0.7758801579,0.0689229464,-0.0342568616,0.9849772148,0.1545832501,-0.0626447126,0.5918770432,0.1601169854,0.8411283493,-0.2790679932,-0.2441839278,-0.3738531768,-0.4632923007,-0.1338775754,0.4442737401,0.0588258654,0.2617999911,-0.2976796627,0.0676709339,0.4726714790,-0.5815989971,1.0404390097,-0.1248817593,-0.0760217607,-0.2112584412,-0.2725752294,0.5804243088,-0.6309010386,-1.4631311893,0.2822332084,-0.2158195376,0.1522059441,-0.1624286771,-0.2904605567
2.6638374329,-0.4352298975,0.7800825238,0.0701904509,-0.0354398595,0.9835476712,0.1626385423,0.0150204534,0.5849529505,0.1873164028,0.7612259984,-0.2261953801,-0.2583746910,-0.3204315901,-0.4709885120,-0.1858829409,0.3756274283,0.1138797626,0.2617999911,-0.3117637634,0.0764231905,0.4277387857,-0.3574619591,1.1484278440,0.1759605259,-0.1350208372,-0.1367410868,-0.3121879697,0.7037174702,-0.5613369346,-1.6055430174,0.0925690383,-0.2143152654,0.1195476726,-0.1932106614,-0.4135009646
2.6598870754,-0.4601524174,0.7831925750,0.0685667481,-0.0360532371,0.9835488352,0.1631884004,0.0384107269,0.5504171848,0.1827181280,0.7049192190,-0.2151483446,-0.2578458786,-0.2507445812,-0.4943042696,-0.2588635683,0.3127648234,0.1550237983,0.2617999911,-0.3218953311,0.1316986531,0.3242147267,-0.0594084710,1.1950862408,0.5392768383,-0.1468921304,-0.0717159957,-0.3284701705,0.8514522910,-0.5679131150,-1.7764881849,-0.0755204037,-0.1581295580,0.1330179870,-0.2004914731,-0.5395837426
2.6568248272,-0.4865490496,0.7854237556,0.0711421379,-0.0374441486,0.9820180050,0.1708138455,0.0464939438,0.5249462724,0.1735371053,0.7080720663,-0.2543360591,-0.2464837879,-0.2145940065,-0.4886285663,-0.2657319009,0.2925538719,0.1694472581,0.2617999911,-0.2871243954,0.1561683267,0.2694084942,0.0659971386,1.2001569271,0.7022251487,-0.1750701666,-0.0569525659,-0.3398962617,0.9040739536,-0.6194829941,-1.8569377661,-0.1409917176,-0.1327554435,0.1033463255,-0.1952118576,-0.6488168836
2.6552405357,-0.5124041438,0.7830804586,0.0749098644,-0.0429995983,0.9789186529,0.1850886756,0.0323473588,0.4870084822,0.1561015844,0.7609911561,-0.3408795893,-0.2175018340,-0.1805813611,-0.4713060856,-0.2465173453,0.2679865062,0.1706061512,0.2617999911,-0.2481748313,0.1753603220,0.2521732152,0.1401783973,1.2101231813,0.8040068150,-0.2177881449,-0.0595440082,-0.3427226245,0.9484848380,-0.6837489009,-1.8791149855,-0.1960395277,-0.1649205685,0.0943356007,-0.1911812127,-0.7529666424
2.6539402008,-0.5383114219,0.7817454338,0.0834632957,-0.0454722341,0.9752963706,0.1994069799,0.0210045390,0.4523264468,0.1539503932,0.8517726660,-0.4431778789,-0.1738328040,-0.1694596261,-0.4658455849,-0.2231808603,0.2674012482,0.1492230296,0.2617999911,-0.2189605385,0.1547196060,0.2856806219,0.1480894089,1.2136529684,0.8280920386,-0.2645780444,-0.0969695300,-0.3529913127,0.9336125851,-0.7297192216,-1.8052901030,-0.2488314211,-0.1987186521,0.1342251748,-0.2002017200,-0.7997191548
2.6551043987,-0.5625153780,0.7766772509,0.0882116269,-0.0466910159,0.9727220060,0.2094052460,-0.0014703345,0.4248251021,0.1392584890,0.9227930903,-0.5088002086,-0.1392252594,-0.1738423705,-0.4613066614,-0.2059031129,0.2731491327,0.1234839037,0.2617999911,-0.1931538284,0.1290440261,0.3138761222,0.1427969784,1.2227436304,0.8183833361,-0.2900117934,-0.1268380582,-0.3546549678,0.9066644311,-0.7505510449,-1.7275012732,-0.2824723125,-0.2348083407,0.1834760308,-0.2178049982,-0.7961500883
2.6560664177,-0.5836546421,0.7698658109,0.0974187025,-0.0485996564,0.9698507128,0.2180304215,-0.0282134637,0.4007904232,0.1256173700,0.9964628816,-0.5700224042,-0.1038750336,-0.1934313774,-0.4426767826,-0.1712694466,0.3048581481,0.1001429260,0.2617999911,-0.1765521318,0.0944488570,0.3551145792,0.1075013056,1.2359260321,0.7899893522,-0.2887927592,-0.1725789160,-0.3486376703,0.8495495915,-0.7700471282,-1.6406913996,-0.3158153296,-0.2606310248,0.2361797690,-0.2277057022,-0.7692627907
2.6599655151,-0.6073495746,0.7612460852,0.1051795326,-0.0506290380,0.9667022757,0.2277293934,-0.0575186983,0.3713916838,0.1126671955,1.0816842318,-0.6137763262,-0.0665913820,-0.2081793249,-0.4399832487,-0.1514805555,0.3490146101,0.0496293567,0.2617999911,-0.1646787822,0.0565819405,0.3975218236,0.0518936217,1.2449932098,0.7127684951,-0.2911689281,-0.2375928015,-0.3417905569,0.7571963668,-0.7900570631,-1.5354121923,-0.3246393800,-0.2899526060,0.2954461873,-0.2341892570,-0.7092105150
2.6646342278,-0.6262316108,0.7567857504,0.1085516587,-0.0517940186,0.9645361305,0.2349552512,-0.0887562633,0.3480093181,0.1045654118,1.1309484243,-0.6306618452,-0.0424767323,-0.2224860191,-0.4263645709,-0.1342687756,0.3877803087,0.0230503585,0.2617999911,-0.1585362256,0.0334878489,0.4137209952,0.0086790929,1.2490662336,0.6452323794,-0.2710540593,-0.2605685294,-0.3204591870,0.7148677111,-0.8009608984,-1.4738130569,-0.3116833568,-0.3034979701,0.3369208574,-0.2346096635,-0.6706128120
2.6727437973,-0.6487304568,0.7522991896,0.1111245840,-0.0531122207,0.9621059418,0.2432746917,-0.1277706772,0.3232291341,0.1062786281,1.1768805981,-0.6456778646,-0.0189539716,-0.2398844361,-0.4090100527,-0.1175280362,0.4479661882,-0.0026181280,0.2617999911,-0.1627555937,0.0119216973,0.4298234582,-0.0724358931,1.2527137995,0.5641822815,-0.2351136208,-0.2752756476,-0.2980521619,0.6951801181,-0.8259252906,-1.4143937826,-0.2829355001,-0.3088287413,0.3603737950,-0.2337457240,-0.6449287534
2.6784164906,-0.6696518660,0.7507616878,0.1116087044,-0.0556915020,0.9602120941,0.2498693421,-0.1797750294,0.3033220768,0.1098509580,1.2089555264,-0.6402569413,-0.0015920957,-0.2419331968,-0.3864772022,-0.1110467240,0.5303807855,-0.0525587723,0.2505624592,-0.1663457304,0.0036738745,0.4368878007,-0.1299051642,1.2426730394,0.5011880398,-0.2228141427,-0.2804073095,-0.2835437953,0.6985722184,-0.8261294961,-1.3855267763,-0.2405892015,-0.3163914979,0.3792766631,-0.2317082435,-0.6415110826
2.6847605705,-0.6866608262,0.7533648610,0.1070279926,-0.0580878556,0.9589318636,0.2561649681,-0.2203641832,0.2980434000,0.1107129678,1.2019668818,-0.6310003996,0.0054180794,-0.2459370643,-0.3582047224,-0.1064977497,0.6080610156,-0.0970261022,0.2344473153,-0.1705053896,0.0057400339,0.4339020550,-0.1924384832,1.2283085585,0.4494449794,-0.2195190042,-0.2771191001,-0.2786628008,0.7061842084,-0.8258289099,-1.3642870188,-0.2043444067,-0.3158192039,0.3802947104,-0.2323838174,-0.6309674382
2.6915788651,-0.7009617686,0.7567491531,0.1009470777,-0.0593119841,0.9583922916,0.2603382249,-0.2491827309,0.2878013551,0.1122875437,1.1709326506,-0.6268155575,0.0088034431,-0.2482050508,-0.3371557593,-0.1098269150,0.6683699489,-0.1271867454,0.2252932489,-0.1682032794,0.0171657130,0.4247699380,-0.2389827967,1.2090271711,0.4254874587,-0.2079435736,-0.2488712817,-0.2812418938,0.7430244088,-0.8047625422,-1.3646529913,-0.1832750142,-0.2948733866,0.3697329164,-0.2412199676,-0.6466043591
2.6947162151,-0.7151836753,0.7626642585,0.0954268346,-0.0594568063,0.9583820650,0.2624165104,-0.2453444898,0.2727333307,0.1184902638,1.1080340147,-0.6089028120,0.0078205122,-0.2545986772,-0.3359059095,-0.1188974231,0.7235111594,-0.1381172389,0.2194193900,-0.1673734784,0.0282325950,0.4159809053,-0.2694084942,1.1864405870,0.4098931849,-0.2076626122,-0.2163541764,-0.2829040587,0.7759002447,-0.7759642005,-1.3690720797,-0.1783474237,-0.2764790952,0.3430374563,-0.2437771857,-0.6611747146
2.6889071465,-0.7255687714,0.7686371207,0.0909754846,-0.0597030736,0.9592846510,0.2606376078,-0.2229120284,0.2513268590,0.1271830648,1.0429522991,-0.5872511864,0.0076273005,-0.2750931084,-0.3469052911,-0.1344237030,0.8381245136,-0.1616612673,0.1971922964,-0.1716094911,0.0390151292,0.4114210308,-0.2827855647,1.1457710266,0.3988562524,-0.2240324169,-0.1864748895,-0.2813291252,0.7939568162,-0.7357245684,-1.3584121466,-0.1866183430,-0.2631120682,0.3142296374,-0.2457762212,-0.6799625754
2.6791634560,-0.7361794710,0.7742674947,0.0877219736,-0.0611359030,0.9607686393,0.2559118567,-0.2020578831,0.2204335332,0.1286362410,0.9995332956,-0.5801225305,0.0157253314,-0.3234728575,-0.3525209427,-0.1375271380,1.0810074806,-0.2132390141,0.1576605737,-0.1813414097,0.0462932847,0.4208084345,-0.2947741151,1.0611656904,0.3806913793,-0.2672804296,-0.1656004936,-0.2808816731,0.7995728850,-0.6803121567,-1.3098766804,-0.2051358074,-0.2657690942,0.2876731753,-0.2548682690,-0.7174326181
2.6625676155,-0.7485787272,0.7784901857,0.0810405028,-0.0643079216,0.9642370486,0.2440160698,-0.1721596569,0.1704197824,0.1090446562,0.9685596228,-0.6018980145,0.0287474059,-0.4029707015,-0.3349544108,-0.0913194418,1.5455551147,-0.3006024659,0.1029446200,-0.1833792627,0.0519762188,0.4378627837,-0.3202899992,0.9195262194,0.3299084008,-0.3228645921,-0.1637383699,-0.2961198688,0.7689659595,-0.6256546974,-1.1746618748,-0.2209690362,-0.2599364519,0.3393707871,-0.3041419387,-0.7562545538
2.6488718987,-0.7615646720,0.7831683755,0.0743904254,-0.0658401839,0.9674351104,0.2328098837,-0.1571682096,0.1378827691,0.1053371504,0.9422065616,-0.6170670390,0.0480211042,-0.4598906040,-0.2958474159,-0.0695913583,1.9363633394,-0.3729240298,0.0901282057,-0.1798676401,0.0517749861,0.4613756239,-0.3687389493,0.7850542068,0.2132095248,-0.3249101341,-0.2211173922,-0.2859465778,0.7187472582,-0.5890456438,-1.0447670221,-0.2053905725,-0.2359897941,0.3995266259,-0.3226485848,-0.7746162415
2.6426248550,-0.7734767199,0.7893074751,0.0688212058,-0.0682919389,0.9703581203,0.2213706643,-0.1540875882,0.1200629249,0.0985332653,0.9272016883,-0.6025418043,0.0696377307,-0.5195939541,-0.2040493041,-0.0844550133,2.2218921185,-0.3074236512,0.1293913275,-0.1710246056,0.0663866177,0.4849721193,-0.4269872606,0.6912475228,0.0395292267,-0.2547146976,-0.2565552592,-0.2480073422,0.6792068481,-0.5730965137,-0.9339849949,-0.1435574740,-0.2076479197,0.4678996205,-0.3215766847,-0.7737573981
2.6336038113,-0.7795088291,0.7957884669,0.0697401620,-0.0707392402,0.9703382349,0.2203995905,-0.1302803308,0.1134656370,0.1081919149,0.9130002856,-0.5842176676,0.0799278691,-0.5816066265,-0.1708261371,-0.1153364852,2.3418085575,-0.2792753279,0.1276198179,-0.1611996144,0.0784111172,0.4948943853,-0.5046696067,0.6340729594,-0.1075330302,-0.1142980754,-0.2904644012,-0.2221823335,0.5930210352,-0.5843491554,-0.8641462922,-0.0524214543,-0.2187915146,0.4961940646,-0.3174190819,-0.6854256988
2.6221673489,-0.7789516449,0.7954576015,0.0809531728,-0.0715932394,0.9677012498,0.2277614608,-0.0619838834,0.1190718859,0.1412164420,0.8883641958,-0.5859223604,0.0973748863,-0.5303071141,-0.1503067017,-0.1957131177,2.4416663647,-0.4364866018,0.1212448701,-0.1495137215,0.0835210010,0.4719329774,-0.6574997902,0.5213217735,-0.2890600860,0.2915164232,-0.2998434901,-0.1551570743,0.4157077074,-0.6203365922,-0.7644228339,0.1555072367,-0.1906201243,0.4514446855,-0.2417815626,-0.3667979240
2.6164214611,-0.7825099230,0.7990976572,0.0832057825,-0.0728590569,0.9655788020,0.2354271281,-0.0336961970,0.1308101267,0.1764528304,0.8696287870,-0.5787239075,0.1026496217,-0.6254456043,-0.1673437357,-0.2378814220,2.4685735703,-0.5012853742,0.0934723467,-0.1521710157,0.0852499008,0.4808886647,-0.7487462759,0.3917894959,-0.4919685423,0.5440011621,-0.3020929396,-0.1072753966,0.1398040056,-0.7306927443,-0.6947639585,0.3962239921,-0.1637945622,0.3796063364,-0.1459074020,-0.0315587781
2.6114208698,-0.7829416394,0.8010266423,0.0863283648,-0.0738858132,0.9643826467,0.2388606514,0.0144075938,0.1254365146,0.1906408817,0.8244258761,-0.5964183807,0.1086634025,-0.6900748610,-0.1778479069,-0.2490875423,2.4423851967,-0.5123308897,0.0892166868,-0.1652945131,0.0917631984,0.4791979492,-0.7536829710,0.3204740882,-0.6108978987,0.5810215473,-0.2932962179,-0.1022573113,0.0266426560,-0.8145243526,-0.6463086605,0.5520142317,-0.1814688146,0.3230806291,-0.1077728868,0.1041940227
2.6117990017,-0.7892945409,0.8037389517,0.0889979666,-0.0832763380,0.9634901780,0.2383927231,0.0542144962,0.1143442616,0.1778527945,0.7568708062,-0.5853695869,0.0866538063,-0.8720190525,-0.1991370469,-0.1873868704,2.2692811489,-0.4206237197,0.0994514078,-0.1864963025,0.1016720831,0.5017578602,-0.7546460629,0.3205235600,-0.7458018064,0.4956571162,-0.2572837770,-0.1141280383,-0.1041584685,-0.9549714923,-0.6513406634,0.7429807186,-0.2684323788,0.2342608422,-0.0774973184,0.3245776892
2.6010053158,-0.7813850641,0.8015165925,0.0950983924,-0.0905905154,0.9617976669,0.2401976318,0.1122445688,0.1064367816,0.1774322838,0.7191366553,-0.5761768222,0.0448165759,-0.8657086492,-0.2691439986,-0.1973256022,1.8221995831,-0.4327792227,0.0618312508,-0.2100047171,0.1076164097,0.4858251810,-0.7448800802,0.3749927282,-0.8160300255,0.2934869230,-0.1899673939,-0.1613151878,-0.1292358190,-1.0704944134,-0.6818587184,0.8763051033,-0.3403324783,0.1817552745,-0.0886416510,0.3781954646
2.5979769230,-0.7742851377,0.7989869118,0.0974238445,-0.0919881393,0.9607712668,0.2428278189,0.1592456251,0.0949894786,0.1732885540,0.6967451572,-0.5432624221,0.0230088979,-0.7427735329,-0.2371418476,-0.2366631627,1.1328037977,-0.2225664705,0.1437357366,-0.2312208563,0.1023997515,0.4571030438,-0.6862115860,0.4611217082,-0.7534980774,0.1154628322,-0.2018936276,-0.2022160590,-0.1250089556,-1.1215071678,-0.7753987908,0.9465252161,-0.3587082326,0.1962646842,-0.0937024727,0.3684245348
2.6004559994,-0.7677289844,0.7943422198,0.0994138175,-0.0858014506,0.9607398900,0.2444051303,0.1842429042,0.1015770435,0.1666262448,0.6768445969,-0.4415157735,-0.0054412163,-0.5346912742,-0.1839123368,-0.2112750858,0.4518405795,0.0494532026,0.2473651022,-0.2587091923,0.0684645995,0.4170494080,-0.6105649471,0.6158513427,-0.6329663992,0.0089354124,-0.2252509594,-0.2322334498,-0.0450823717,-1.0924084187,-1.0153526068,0.9569917917,-0.3418172896,0.2412305027,-0.1234052330,0.2429863214
2.6019933224,-0.7626801729,0.7899369597,0.1081512371,-0.0744694786,0.9635530924,0.2330730460,0.2179201841,0.1142871454,0.1725416780,0.7462143302,-0.4436482489,-0.0169615764,-0.4160684049,-0.2276435047,-0.2872595787,0.3684845865,0.1677629352,0.2617999613,-0.2564878464,0.0313817151,0.3799265623,-0.6108162999,0.8872959614,-0.5026488900,0.0897741243,-0.2479243577,-0.1965645999,0.2400231361,-1.0367320776,-1.4279057980,0.9536532164,-0.0611473992,0.1060007662,-0.0684349611,0.0372296870
2.6051619053,-0.7560789585,0.7847589254,0.1264639964,-0.0778986824,0.9644611634,0.2185253238,0.1827178597,0.1321664155,0.1441406161,1.0255689621,-0.4867603779,-0.0497824214,-0.3426210284,-0.2550098002,-0.3245802522,0.5715632439,0.0289170314,0.1858299822,-0.1940287054,0.0034570559,0.3984613419,-0.7740825415,1.2447533607,-0.5304084420,0.2886687815,-0.0872441977,-0.1547849029,0.3749827445,-1.0346976519,-1.6850715876,1.0207190514,0.4442347586,0.1505549550,-0.0460383371,0.1032037139
2.6085720062,-0.7511218190,0.7791627049,0.1287287453,-0.0792214783,0.9645107234,0.2164992655,0.1092833653,0.1731463373,0.1479501277,1.2753083706,-0.4260213375,-0.0966533870,-0.2664064169,-0.2785053253,-0.3653378189,0.8464769125,-0.1299821138,0.1207412928,-0.1558825076,-0.0054487796,0.3917362988,-0.8377124667,1.5180532932,-0.5294591188,0.3552918732,-0.0539478809,-0.1576586962,0.3879897892,-1.0511313677,-1.8874808550,1.0091493130,0.5709534287,0.1348737627,-0.0480660126,0.1599352211
2.6115996838,-0.7449083328,0.7751978040,0.1255981051,-0.0792795658,0.9640615164,0.2202844958,0.0128621319,0.2137146890,0.1710113287,1.4465628862,-0.3923722208,-0.1036915332,-0.1690658480,-0.2588720322,-0.3488027751,0.9925041199,-0.1899529397,0.0998085067,-0.1196986884,-0.0170601178,0.3690442443,-0.8486651182,1.6548584700,-0.5035634041,0.3075031936,-0.0518949591,-0.1639993489,0.4000928998,-1.0810586214,-2.0087568760,0.9771666527,0.4850984216,0.1536615044,-0.0623588152,0.0975684524
2.6136214733,-0.7389714122,0.7688009143,0.1202497233,-0.0778583495,0.9638301527,0.2247432274,-0.0753061846,0.2377848327,0.1704016477,1.5304535627,-0.3871095181,-0.0961412117,-0.1106522232,-0.2296820283,-0.3112554550,1.0424189568,-0.1998029500,0.1105238497,-0.0915436074,-0.0192058496,0.3400579095,-0.8320826292,1.7109853029,-0.4643931687,0.2654016614,-0.0646991357,-0.1844682395,0.4847566485,-1.1220248938,-2.0828738213,0.9714235663,0.3767600954,0.1836353093,-0.0973365083,-0.0223492011
2.6158804893,-0.7350595593,0.7629804611,0.1117591179,-0.0740641648,0.9630241920,0.2336852683,-0.1690319330,0.2577041686,0.1580144465,1.5766850710,-0.4127648175,-0.0857584849,-0.0821371973,-0.2012339234,-0.2794206738,1.0078099966,-0.2159177810,0.1277908832,-0.0644472614,-0.0058390731,0.3057092726,-0.7872931957,1.6670401096,-0.3869636059,0.1871373057,-0.0934661552,-0.2172984630,0.6011016965,-1.2137751579,-2.1231150627,0.9949628711,0.1640782654,0.2372985035,-0.1526323259,-0.1765695512
2.6199610233,-0.7366997600,0.7551367283,0.0965286421,-0.0669044109,0.9602448962,0.2532503909,-0.2996146083,0.2977012992,0.1438747048,1.6048569679,-0.4514807165,-0.0605798475,-0.0770839155,-0.1768220514,-0.2656345069,0.9072607160,-0.2426054329,0.1278806329,-0.0201939195,0.1061116755,0.3025190234,-0.5354784727,1.3865705729,-0.0061657727,-0.0233488325,-0.0839846134,-0.2583972216,0.8050608039,-1.5365513563,-2.1824655533,1.0732599497,-0.2095884383,0.3189009428,-0.2394164205,-0.4945621192
2.6211276054,-0.7424415350,0.7463790178,0.0812276100,-0.0627130285,0.9563350309,0.2736648684,-0.4976103306,0.3095094860,0.0768387467,1.6149384975,-0.5219053626,-0.0237494968,-0.1361371279,-0.1862666160,-0.2276963890,0.8985816836,-0.3407970965,0.1043774933,-0.0400679372,0.2502280176,0.3153877556,-0.5417872667,0.9774969220,0.1310297400,-0.1867688149,-0.1287167221,-0.2764393091,0.9141271114,-1.7573366165,-1.9574308395,1.0102412701,-0.4245813191,0.3413805664,-0.3257351518,-0.7536158562
2.6236217022,-0.7503980994,0.7302619815,0.0790780874,-0.0577262987,0.9497423969,0.2973276141,-0.7036650777,0.2897400856,-0.0166795831,1.5991501808,-0.5553392768,0.0061814012,-0.2815209925,-0.2495945394,-0.1698442698,1.0878697634,-0.4526664913,0.0380040035,-0.0615994111,0.4130990803,0.4433131516,-0.6658136845,0.4418018460,0.1893871576,-0.1875343621,-0.2446951270,-0.2775314450,0.9398815632,-1.7715913057,-1.6425789595,0.9182724953,-0.4269465804,0.2671748102,-0.3044793010,-0.9629829526
2.6258790493,-0.7521769404,0.7132102251,0.0822664328,-0.0511542694,0.9448694334,0.3127894318,-0.7942119837,0.2944158614,-0.0287973341,1.5298235416,-0.5611544847,0.0020596497,-0.3615060747,-0.2734018564,-0.1329733580,1.2151249647,-0.5441999435,0.0043075201,-0.1435579062,-0.0235782359,0.4242264628,-0.5782683492,0.7303012609,0.0214522388,-0.0869746432,-0.2751174569,-0.2420912832,0.8965334892,-0.7285389304,-0.8086451888,0.0571635887,-0.6030006409,0.1505073607,-0.2275414914,-0.8814393282
2.6302335262,-0.7629547715,0.6955723763,0.0939912995,-0.0517225364,0.9343494534,0.3398257109,-0.8579112887,0.3192178011,-0.0184714980,1.4693129063,-0.5222805142,-0.0114817927,-0.4571651518,-0.2548768520,-0.0590827465,1.3704711199,-0.5611649156,-0.0012866044,-0.1232025996,-0.0104345186,0.5199999809,-0.7916100621,0.6524538398,-0.2594420910,0.5661466122,-0.3991006613,-0.1603977084,0.7413938046,-0.6884945631,-0.5790375471,0.3154141307,-0.2486421615,0.4461072385,-0.2167243063,-0.6670424938
2.6302011013,-0.7705968022,0.6763231158,0.0976197438,-0.0550584803,0.9270927470,0.3576842012,-0.8824212551,0.3356690407,-0.0143235130,1.4190328121,-0.5115438104,-0.0157308262,-0.5184233189,-0.2480031550,-0.0244571716,1.4674084187,-0.5896369219,-0.0036296281,-0.0992813781,-0.0111801811,0.5199999809,-0.7885591984,0.5419934392,-0.4200059175,0.7283915877,-0.3986879885,-0.1200808436,0.6701006889,-0.6501542330,-0.4497742355,0.4303297400,0.0063921548,0.5308217406,-0.1951106638,-0.6168248057
2.6257379055,-0.7812660336,0.6586230397,0.1026589245,-0.0722121725,0.9166135526,0.3795604597,-0.8692140579,0.3826506436,0.0056032268,1.4012420177,-0.5294228196,-0.0249400046,-0.5316840410,-0.2165927142,0.0319435224,1.5611940622,-0.6639649868,0.0124071166,-0.0931416824,0.0017534344,0.5199999809,-0.5529112220,0.3911756873,-0.6250939369,0.5981083512,-0.2786689997,-0.1405667663,0.5649900436,-0.5627929568,-0.3224817812,0.6528325677,0.5498324037,0.4565007091,-0.0715723112,-0.3804656863
2.6174619198,-0.7880421877,0.6464976072,0.1068967230,-0.0790129618,0.9113766736,0.3895158549,-0.8568798304,0.3813206851,0.0174029358,1.4169542789,-0.5230890512,-0.0338697098,-0.5276321173,-0.2068001032,0.0605575219,1.6064246893,-0.6751697659,0.0266149193,-0.0910986364,0.0113203432,0.5199999809,-0.4177073240,0.3352462053,-0.7334468365,0.4403899610,-0.2475898415,-0.1523576081,0.5400735140,-0.4911839366,-0.2707427740,0.7192453146,0.7556470037,0.4142966568,-0.0393279828,-0.3703063428
2.6112463474,-0.7908886075,0.6374774575,0.1164421967,-0.0853833785,0.9036812835,0.4031265699,-0.8346906900,0.3837741911,0.0334447511,1.4459581375,-0.5271663070,-0.0371855497,-0.5166370273,-0.1608357280,0.1135352030,1.6654781103,-0.6710067391,0.0463980176,-0.0901713744,0.0285561960,0.5199999809,-0.3000243306,0.3397435248,-0.8768591881,0.2087041289,-0.1712582260,-0.1894618571,0.5121112466,-0.4211362898,-0.2483011484,0.7707557082,0.8958077431,0.3285192549,-0.0257598497,-0.4187416732
2.6022996902,-0.7920962572,0.6392875910,0.1224755862,-0.0906716655,0.8992291045,0.4100797453,-0.7940894961,0.3704684675,0.0432246402,1.4477678537,-0.5184243321,-0.0470650457,-0.4816780984,-0.1688857973,0.1061255336,1.6841151714,-0.6599907875,0.0552877635,-0.0841088071,0.0304551236,0.5199999809,-0.2505681217,0.3362381756,-0.9490123987,0.1029601544,-0.1654369980,-0.1969070286,0.5138620138,-0.3854120970,-0.2349414527,0.7633771896,1.0112665892,0.3272163868,-0.0048893257,-0.4624724686
2.5962991714,-0.7921729684,0.6442222595,0.1268443148,-0.0954470173,0.8956613403,0.4154409106,-0.7561136484,0.3682895899,0.0485651605,1.4444524050,-0.5150374174,-0.0505643412,-0.4478211999,-0.1726739556,0.0935883746,1.6810392141,-0.6441094875,0.0591345243,-0.0732088909,0.0360734835,0.5199999809,-0.2093278319,0.3462446034,-0.9948173165,0.0246459190,-0.1731292754,-0.1999026537,0.5095914006,-0.3764237165,-0.2383393347,0.7336851954,1.0767415762,0.3532007933,-0.0073702852,-0.4763048291
2.5932219028,-0.7899724245,0.6502301097,0.1303757604,-0.1010477786,0.8926629601,0.4194572055,-0.7107968926,0.3671535254,0.0539016537,1.4263421297,-0.5175265074,-0.0560525581,-0.4151329696,-0.1885944903,0.0601199493,1.6553434134,-0.6315355897,0.0515414178,-0.0587368272,0.0440095328,0.5199999809,-0.1829619408,0.3698408306,-1.0182403326,-0.0277702175,-0.1784898639,-0.2015206367,0.5002272725,-0.3856108785,-0.2641975880,0.6986523271,1.1277041435,0.3754830956,-0.0141492523,-0.4738329351
2.5921702385,-0.7877489328,0.6569323540,0.1360733550,-0.1067834976,0.8890521198,0.4238722154,-0.6607657671,0.3865002692,0.0654916465,1.4043085575,-0.5308590531,-0.0525106862,-0.3852683008,-0.1949331760,0.0322392993,1.6050896645,-0.6126185060,0.0418095849,-0.0458134860,0.0446567498,0.5199999809,-0.1442357153,0.4040811658,-1.0327160358,-0.0619923212,-0.2043034583,-0.2114190459,0.4806396067,-0.4040142894,-0.3067806065,0.6906895041,1.1027898788,0.3645496070,-0.0270712022,-0.4384805560
2.5900759697,-0.7844617367,0.6642191410,0.1371964652,-0.1095286599,0.8864958811,0.4281420971,-0.6224970222,0.4005320370,0.0739641711,1.3922046423,-0.5335805416,-0.0516036488,-0.3631468415,-0.1888513714,0.0066436836,1.5421248674,-0.5883598328,0.0409090891,-0.0415388606,0.0321840905,0.5199999809,-0.1096365675,0.4563954175,-1.0382455587,-0.0907279029,-0.2167567313,-0.2147533000,0.4569550455,-0.4297568798,-0.3717765212,0.7148246169,0.9964783192,0.2927719057,-0.0324287675,-0.3941871524
2.5914168358,-0.7814089060,0.6699821949,0.1350209403,-0.1095977193,0.8845143243,0.4328880869,-0.6036027670,0.4148225486,0.0766123384,1.3999557495,-0.5536736250,-0.0515261851,-0.3626765311,-0.1845177859,-0.0089265509,1.4972822666,-0.5697599053,0.0376071148,-0.0468325987,0.0053181942,0.5199999809,-0.0813129842,0.5086891055,-1.0319766998,-0.1164772585,-0.2102903873,-0.2196887881,0.4621850848,-0.4649043381,-0.4339069128,0.7578456402,0.8226044178,0.2428652346,-0.0371771678,-0.3669241369
2.5929765701,-0.7760958672,0.6712332964,0.1271681493,-0.1057680775,0.8826308882,0.4400046486,-0.5997427106,0.4466658533,0.0829365626,1.4161599874,-0.5769269466,-0.0387259796,-0.3805863261,-0.1732922196,-0.0221140701,1.4510706663,-0.5484385490,0.0394376665,-0.0654707327,-0.0521700792,0.5199999809,-0.0426074602,0.5811066031,-1.0093879700,-0.1570486575,-0.2272361815,-0.2023836672,0.4706627429,-0.5366389155,-0.5357846022,0.8128328323,0.4480213523,0.1929724962,-0.0289527699,-0.4009808302
2.5949914455,-0.7730584741,0.6721668839,0.1141721527,-0.0974517610,0.8802690472,0.4501047415,-0.6203792691,0.4698624909,0.0797159001,1.4462425709,-0.6093441844,-0.0292357225,-0.4310345948,-0.1650163233,-0.0184087344,1.4348866940,-0.5551557541,0.0439613312,-0.0881494805,-0.1164071336,0.5199999809,-0.0036233596,0.6524215341,-0.9410520792,-0.2077917010,-0.1742074788,-0.1850795001,0.4791770279,-0.6154333353,-0.6711288095,0.8460661173,-0.0989970639,0.2107190490,-0.0305478647,-0.3625956178
2.5961802006,-0.7716628313,0.6725459099,0.1046416092,-0.0952032882,0.8743627096,0.4641942693,-0.6314258575,0.4634105563,0.0494857542,1.4618793726,-0.6286106110,-0.0495252982,-0.4613280594,-0.1614991575,-0.0262969341,1.4094554186,-0.5600396991,0.0512181483,-0.1040865853,-0.1669836640,0.5199999809,0.0139487842,0.6926810741,-0.8712719679,-0.2367291898,-0.0703804195,-0.2202029377,0.4440705478,-0.7228927612,-0.7456750274,0.8389714360,-0.5711719394,0.4175427556,-0.1158559844,-0.2970490158
2.5978534222,-0.7703279853,0.6752022505,0.0984304180,-0.0967034554,0.8690609385,0.4750715521,-0.6321403980,0.4779565036,0.0328079984,1.4681071043,-0.6349686980,-0.0579163320,-0.4800891578,-0.1546091288,-0.0409989543,1.3923945427,-0.5503208637,0.0496078692,-0.1259897053,-0.2064845413,0.5199999809,-0.0016012732,0.7305848002,-0.8494104743,-0.2380845547,-0.0446874239,-0.2271081358,0.4220948517,-0.8798449636,-0.8034121394,0.8409674168,-0.7537869811,0.4509911239,-0.1621192098,-0.3398860693
2.5998921394,-0.7702878118,0.6799992919,0.0970838091,-0.0967481157,0.8645209856,0.4835473105,-0.6128420830,0.4992563426,0.0509265698,1.4521818161,-0.6288876534,-0.0528454743,-0.4805041254,-0.1486148536,-0.0517151840,1.3794145584,-0.5450521111,0.0408259667,-0.1503905654,-0.2279404700,0.5199999809,-0.0275024027,0.7480060458,-0.8379499316,-0.2227428555,-0.0230422895,-0.2183174640,0.4067428112,-0.9858192801,-0.8196105361,0.8416458964,-0.8078760505,0.3740363121,-0.1613833010,-0.4082031548
2.5998122692,-0.7690612674,0.6872451305,0.0975022233,-0.0987130619,0.8630917000,0.4856148322,-0.5841706991,0.5047559142,0.0677655265,1.4230142832,-0.6109560728,-0.0538599156,-0.4626154602,-0.1436468512,-0.0659138486,1.3487958908,-0.5281733274,0.0421476141,-0.1604752541,-0.2297778428,0.5199999809,-0.0623923130,0.7540690303,-0.8568666577,-0.2058806866,-0.0219641011,-0.2172395438,0.4186024666,-1.0770483017,-0.7873379588,0.8520566225,-0.7869665027,0.2883554697,-0.1436637491,-0.4665916860
2.6009950638,-0.7680447102,0.6983848810,0.1030304271,-0.1007068742,0.8637477063,0.4828900045,-0.5283684134,0.5025222301,0.1081893370,1.3702419996,-0.5916768312,-0.0333128683,-0.4153383672,-0.1334018856,-0.0811853483,1.3040691614,-0.5139653087,0.0407954007,-0.1607947201,-0.2002112120,0.5199999809,-0.1305391639,0.7405395508,-0.9188511372,-0.1802808791,-0.0492675267,-0.2031886876,0.4774613380,-1.1521425247,-0.6813771129,0.8639107347,-0.5653823614,0.0945616439,-0.0585951731,-0.5488524437
2.6013257504,-0.7682377100,0.7073490024,0.1056311120,-0.1039684777,0.8629370840,0.4830861340,-0.4927454591,0.4885120988,0.1277258396,1.3279838562,-0.5659892559,-0.0302211251,-0.3781211674,-0.1210409999,-0.0802872181,1.2595775127,-0.4813100994,0.0497136079,-0.1403328478,-0.1643303633,0.5199999809,-0.2103762031,0.7174009085,-0.9857255816,-0.1363334805,-0.0622733645,-0.1957583278,0.4924867749,-1.2258638144,-0.5690020323,0.8923450708,-0.2655207813,0.0058392393,-0.0088416003,-0.5916701555
2.6008059978,-0.7692490220,0.7154099941,0.1208555194,-0.1088210509,0.8650771504,0.4745455154,-0.4393987358,0.4387564659,0.1282850802,1.2917102575,-0.5047920346,-0.0351565257,-0.3273490071,-0.1181886345,-0.0789388642,1.2284041643,-0.4663941860,0.0405773632,-0.0889776722,-0.0805115923,0.5199999809,-0.3359629512,0.6382336020,-1.1167820692,-0.0696202368,-0.1556655020,-0.2047492713,0.5308244824,-1.3334208727,-0.2382950187,0.9418031573,0.6908497214,-0.0127299270,0.0558667071,-0.6648511291
2.6004171371,-0.7675969005,0.7225940824,0.1217977849,-0.1106716169,0.8648360355,0.4743160597,-0.4139503837,0.4237054288,0.1355703473,1.2607208490,-0.4994947910,-0.0349731073,-0.2997515500,-0.1147081554,-0.0866196379,1.1933994293,-0.4577367604,0.0405129455,-0.0774622187,-0.0476605855,0.5199999809,-0.3832551837,0.6104412675,-1.1415975094,-0.0457366295,-0.1729939431,-0.1957081109,0.5187337995,-1.3532249928,-0.1699240208,0.9300859571,0.8747971654,0.0625059158,0.0458810776,-0.6516792178
2.6003789902,-0.7660045624,0.7285670638,0.1234946571,-0.1159363931,0.8648162043,0.4726528908,-0.3781775236,0.4235431850,0.1468156129,1.2168958187,-0.5066707730,-0.0241243392,-0.2644237578,-0.0998517945,-0.0951717943,1.1617963314,-0.4557053745,0.0425047092,-0.0898748860,-0.0335044488,0.5199999809,-0.4044919908,0.6084164977,-1.1519559622,-0.0345506258,-0.1931536645,-0.1893081814,0.5471187234,-1.3283964396,-0.1929765344,0.9200103879,0.9117337465,0.1045624241,0.0412272252,-0.7068539858
2.6019635201,-0.7617731094,0.7316697836,0.1240788821,-0.1175990974,0.8664002829,0.4691752691,-0.3524614275,0.4364638031,0.1609297246,1.2004829645,-0.5291640162,-0.0147166718,-0.2336735576,-0.0877661183,-0.1021757647,1.1329487562,-0.4673103988,0.0298238266,-0.0974681750,-0.0207244810,0.5199999809,-0.4128749967,0.6141827703,-1.1557941437,-0.0260299593,-0.2293622196,-0.1911738366,0.5527907014,-1.3434928656,-0.2254901081,0.9207223654,0.9128630757,0.1589702964,0.0117279748,-0.6844140291
2.6029217243,-0.7581585050,0.7336135507,0.1181458876,-0.1157483132,0.8676548388,0.4688485448,-0.3567242622,0.4579783380,0.1723868847,1.1958129406,-0.5370423198,-0.0085985707,-0.2317425609,-0.0631045401,-0.0905810967,1.1108242273,-0.4548578560,0.0454255976,-0.1087039337,-0.0371105820,0.5199999809,-0.4014490247,0.6439906359,-1.1308542490,-0.0300828703,-0.1990649998,-0.2057484239,0.5755453706,-1.3787668943,-0.3324419558,0.9496032000,0.7924078703,0.1064387932,-0.0059993882,-0.6778625250
2.6044235229,-0.7525020242,0.7343386412,0.1156904167,-0.1130285701,0.8677599364,0.4699286783,-0.3511494398,0.4816097021,0.1895670146,1.1885491610,-0.5419600010,-0.0067879851,-0.2288555801,-0.0560435131,-0.0912048444,1.0981305838,-0.4519293606,0.0506696291,-0.1246390715,-0.0614713766,0.5199999809,-0.3783547580,0.6839798689,-1.0986610651,-0.0360170864,-0.1748749763,-0.2216305435,0.5813419819,-1.4111762047,-0.4347372651,0.9865521789,0.6426216960,0.0647223592,-0.0237699840,-0.6737041473
2.6084835529,-0.7472087741,0.7364277840,0.1082200120,-0.1067384864,0.8681534012,0.4724457605,-0.3621202111,0.4986113906,0.1913139820,1.1849704981,-0.5398821831,-0.0104143675,-0.2422414124,-0.0566406026,-0.0985817611,1.0868735313,-0.4506928623,0.0578222573,-0.1404190809,-0.0980219021,0.5165804029,-0.3494302034,0.7338278294,-1.0417562723,-0.0416572951,-0.1431919634,-0.2337254137,0.5465859771,-1.5029139519,-0.5648648739,1.0293108225,0.3970989287,-0.0065593231,-0.0445458330,-0.6187944412
2.6103839874,-0.7425370216,0.7376781106,0.0920899493,-0.1016838532,0.8688592748,0.4756715209,-0.3843814135,0.5278584957,0.1982304603,1.1657612324,-0.5692532063,-0.0176406056,-0.2516932786,-0.0608050339,-0.1356378943,1.0502413511,-0.4530048072,0.0651343316,-0.1852782220,-0.1332737058,0.5035908222,-0.2684267163,0.7564424276,-0.8888243437,-0.0436797366,-0.0917412639,-0.2449267656,0.5361125469,-1.4958711863,-0.8569286466,1.0220811367,-0.2191843390,0.1389667988,-0.1490530074,-0.5807235837
2.6099534035,-0.7368420959,0.7390087247,0.0828998517,-0.1031884378,0.8683066168,0.4780411908,-0.3848588467,0.5582866669,0.2016793489,1.1539610624,-0.5681313872,-0.0362431444,-0.2384860516,-0.0625716969,-0.1768210828,1.0185892582,-0.4673894048,0.0621242300,-0.2083648145,-0.1505215764,0.4965845346,-0.2245135456,0.7754006982,-0.7965063453,-0.0510530211,-0.0552343391,-0.2597343624,0.5289083719,-1.5203917027,-1.0541602373,0.9866297841,-0.5571776032,0.1422292292,-0.2159952819,-0.6328592896
2.6118981838,-0.7314490080,0.7401098609,0.0787759115,-0.1042578729,0.8674801478,0.4800029634,-0.3798256814,0.5874397159,0.2099666595,1.1563227177,-0.5723271370,-0.0417009220,-0.2198695540,-0.0703246742,-0.2163312733,0.9969824553,-0.4755391181,0.0585323274,-0.2200055122,-0.1694826186,0.4914576709,-0.2016575485,0.7930564880,-0.7503772378,-0.0634788498,-0.0340473950,-0.2732546926,0.5370563865,-1.5651936531,-1.1749461889,0.9513909817,-0.7237244844,0.1034918949,-0.2485774308,-0.6797900796
2.6114952564,-0.7275395989,0.7420444489,0.0732939770,-0.1034438468,0.8675056752,0.4810002775,-0.3892555535,0.6060799956,0.2177717835,1.1548817158,-0.5708431602,-0.0444543660,-0.2173593640,-0.0821650699,-0.2475325167,0.9915978909,-0.4837280512,0.0570989922,-0.2306513786,-0.1798253506,0.4842509329,-0.1889034659,0.7935863733,-0.7083513141,-0.0622477792,-0.0221898891,-0.2706343234,0.5436175466,-1.5770061016,-1.2599103451,0.9267419577,-0.8221518993,0.0784657896,-0.2592596114,-0.7172859311
2.6100142002,-0.7247672677,0.7431402802,0.0669829835,-0.1041059701,0.8683184246,0.4803106708,-0.4003888071,0.6062005758,0.2084935904,1.1440662146,-0.5618178248,-0.0546044260,-0.2089959681,-0.0841872320,-0.2706801593,0.9782792330,-0.4778386950,0.0578415170,-0.2334644645,-0.1810462326,0.4713763595,-0.1939104497,0.7741852999,-0.6790184379,-0.0431159623,-0.0183227099,-0.2690831423,0.5255008936,-1.5724054575,-1.2979081869,0.9067853093,-0.8910787702,0.0699028224,-0.2706500888,-0.7483240366
2.6082277298,-0.7206935287,0.7436066866,0.0623170110,-0.1027845459,0.8694698358,0.4791389485,-0.4096214175,0.6067760587,0.2113482058,1.1501202583,-0.5662491322,-0.0513814464,-0.2043522894,-0.0909330398,-0.2863901854,0.9718155861,-0.4841424823,0.0564185008,-0.2253775448,-0.1843491048,0.4565781653,-0.1921748072,0.7659234405,-0.6797578931,-0.0383030213,-0.0176267121,-0.2687100172,0.5230961442,-1.5783222914,-1.2996034622,0.8974387050,-0.9007768631,0.0384197049,-0.2649302781,-0.7610207200
2.6051135063,-0.7175279260,0.7454693317,0.0587647867,-0.1014059876,0.8727623991,0.4738663528,-0.4140581787,0.5864254832,0.2028527409,1.1514253616,-0.5735899806,-0.0467826203,-0.1957028806,-0.0935481191,-0.2904996872,0.9574984312,-0.4904479682,0.0564646497,-0.2106050998,-0.1836062670,0.4533841908,-0.1886627525,0.7461555600,-0.6699988842,-0.0191017985,-0.0135313971,-0.2615107298,0.5197589397,-1.5735588074,-1.2928476334,0.8985227942,-0.8719097972,0.0180218834,-0.2467114031,-0.7717961073
2.6012248993,-0.7129510045,0.7470331192,0.0557004472,-0.0938465666,0.8732985820,0.4748050850,-0.4247617126,0.5678224564,0.2107246220,1.1854144335,-0.5925139785,-0.0079612499,-0.2183735818,-0.1025726199,-0.2628903687,0.9763906002,-0.5104672313,0.0474820137,-0.1671819836,-0.2061378807,0.4599003494,-0.1977889836,0.7746533155,-0.7190298438,-0.0178573094,-0.0769072995,-0.2526569963,0.4970135987,-1.6270054579,-1.1859841347,0.9265944362,-0.7269253731,-0.0027200314,-0.1955234110,-0.6622964144
2.5939183235,-0.7089607716,0.7453616858,0.0479715828,-0.0933224165,0.8735661907,0.4752596808,-0.4545088112,0.5759417415,0.2076818198,1.2369930744,-0.6164327860,-0.0010873034,-0.2139990926,-0.1022097692,-0.2649101615,0.9802642465,-0.5254819989,0.0508931093,-0.1778150946,-0.1783241630,0.4597572386,-0.1846346110,0.7677514553,-0.6791721582,-0.0123318220,-0.0511442982,-0.2558147311,0.5309751630,-1.6059705019,-1.2232581377,0.9230811596,-0.7305181623,-0.0201911815,-0.2105649263,-0.7050276399
2.5874311924,-0.7043657303,0.7451819777,0.0391571231,-0.0925887021,0.8764504356,0.4708807555,-0.5080355406,0.5824263692,0.1878003180,1.3242601156,-0.6384129524,0.0084653702,-0.2283126712,-0.1067005694,-0.2673873603,1.0037766695,-0.5429735780,0.0469612293,-0.1653625071,-0.1657242328,0.4809403121,-0.1725196689,0.7975637317,-0.6739114523,-0.0165933724,-0.0593126491,-0.2677192092,0.5520293713,-1.6232937574,-1.2097300291,0.9128307104,-0.7141094804,-0.0525740795,-0.2151962966,-0.7438616753
2.5775194168,-0.6979892254,0.7435625792,0.0330232339,-0.0917753635,0.8814781152,0.4620422937,-0.5421349406,0.5790585876,0.1801508963,1.3717274666,-0.6552552581,0.0165033024,-0.2196301222,-0.1224136055,-0.2753352523,1.0040092468,-0.5533860326,0.0482145250,-0.1628945023,-0.1507763714,0.4914112985,-0.1634784639,0.8031081557,-0.6547232866,-0.0028139993,-0.0671567321,-0.2640531361,0.5603127480,-1.6182376146,-1.2109035254,0.8951889873,-0.7037331462,-0.0708171278,-0.2155209929,-0.7695796490
2.5662689209,-0.6926193833,0.7458164692,0.0269012864,-0.0895751354,0.8927233333,0.4407920894,-0.5810388923,0.5728764534,0.1861954778,1.4098447561,-0.6742570400,0.0202249121,-0.1876602024,-0.1537835598,-0.2914680541,0.9864698052,-0.5620824099,0.0607769191,-0.1691135168,-0.1274073422,0.4935572743,-0.1468810439,0.8046486974,-0.6372680664,0.0035483085,-0.0586958453,-0.2651282549,0.5760956407,-1.5860913992,-1.2142614126,0.8684996963,-0.7068514824,-0.0980888009,-0.2127576321,-0.7796220779
2.5559828281,-0.6884751320,0.7508091331,0.0155127402,-0.0865628044,0.9054692339,0.4152007975,-0.5947690606,0.5529092550,0.1988641918,1.3883234262,-0.6514128447,0.0138451476,-0.1095635965,-0.1753734201,-0.3128088713,0.8983291984,-0.4970072508,0.0861642584,-0.1768847555,-0.1011803076,0.4792596102,-0.1583909988,0.7876927853,-0.6112130284,0.0292126052,-0.0568392798,-0.2577039897,0.5678668618,-1.5237103701,-1.2107557058,0.8243685365,-0.7242652774,-0.1445471495,-0.2060050815,-0.7892920375
2.5472552776,-0.6824430823,0.7579632998,0.0098550711,-0.0814231489,0.9223185226,0.3776263911,-0.5608866811,0.5250819921,0.2327844650,1.3282356262,-0.6001214385,0.0037756492,0.0334580988,-0.2191848010,-0.3597147167,0.7858094573,-0.3824170828,0.1205451414,-0.1523977220,-0.0912827924,0.4293508232,-0.2337745726,0.7622044086,-0.6298696399,0.0835206732,-0.0526541732,-0.2442650795,0.5389214158,-1.2830693722,-1.1340876818,0.6539347768,-0.6698399186,-0.1472779214,-0.1726924926,-0.7510486245
2.5336592197,-0.6773897409,0.7666050196,0.0087953436,-0.0766308854,0.9355606139,0.3446399382,-0.5209835172,0.4827185273,0.2589510083,1.2747818232,-0.5639836192,0.0018856700,0.1229438484,-0.2513570189,-0.3634065688,0.7645795941,-0.2359995097,0.1516357958,-0.1142070591,-0.0915772840,0.3752784431,-0.3416629434,0.7454811335,-0.6890676618,0.1038759872,-0.0760627389,-0.2278975397,0.4718365967,-1.1389722824,-1.0382078886,0.6206011176,-0.5575950146,-0.1159468517,-0.1371196955,-0.6370467544
2.5170586109,-0.6721388698,0.7785834670,0.0266049957,-0.0701676771,0.9591520634,0.2727562843,-0.3871175349,0.3606068790,0.2585091889,1.1232178211,-0.5099053383,-0.0062376852,0.2226503491,-0.3076899350,-0.3354295790,0.8967994452,-0.0691173077,0.1668906659,-0.0185811836,-0.0911490545,0.2933031023,-0.5971003771,0.6299967766,-0.7807358503,0.1636427194,-0.1782949567,-0.2025423348,0.3206442893,-0.9989233017,-0.8886231780,0.7025480270,-0.1244394556,-0.0881035477,-0.0774800852,-0.4927909076
2.4977688789,-0.6681957245,0.7915481925,0.0334460281,-0.0644584507,0.9711482905,0.2271507630,-0.3089854419,0.2667999864,0.2301696539,1.0635839701,-0.5038316846,0.0173580144,0.2371637523,-0.3374975920,-0.2949804366,1.0862622261,-0.0599615686,0.1492120773,0.0484710298,-0.0885080770,0.2488148808,-0.7657918334,0.5216221809,-0.8375229239,0.2287550420,-0.2302653193,-0.1837749779,0.2549001276,-0.9398538470,-0.7895693183,0.7816592455,0.1432696283,-0.0441702120,-0.0598849580,-0.3488447666
2.4709489346,-0.6660216451,0.8017337918,0.0291321091,-0.0526960902,0.9879052042,0.1428906917,-0.2186501175,0.1531148702,0.1533468813,0.9781461358,-0.5505180955,0.0873150602,0.2310853302,-0.3338195682,-0.2386005372,1.4041455984,0.0065327235,0.1767290384,0.1298505813,-0.0886476338,0.1749646962,-1.0107225180,0.3631323576,-0.8500053287,0.3344669640,-0.3022656441,-0.1749948561,0.2412073612,-0.9059114456,-0.6479676962,0.9486831427,0.5559365153,-0.0573667102,-0.0005051311,-0.0074483440
2.4456877708,-0.6636143923,0.8093476892,0.0235977417,-0.0438391644,0.9953011954,0.0830470032,-0.1663238108,0.1000460461,0.1054010242,0.9684827328,-0.5624201894,0.1255603135,0.2020403296,-0.2937218249,-0.2050748616,1.6216195822,0.0069961790,0.1933764368,0.1518133879,-0.0864160657,0.1454471499,-1.1330215931,0.2692107260,-0.8818841577,0.3742337525,-0.2529513538,-0.1658681780,0.1945838034,-0.8876290321,-0.5952486396,0.9927287102,0.6585670710,-0.0465243869,-0.0082775475,0.0624323860
2.4226222038,-0.6589708328,0.8185952902,0.0099218188,-0.0288424805,0.9995340571,0.0011564806,-0.1381448805,0.0467926525,0.0251296051,0.9493052363,-0.5379695296,0.1409102976,0.1721701920,-0.2182935923,-0.1889168322,1.8351092339,0.0704423487,0.2069728971,0.1874408573,-0.1004741043,0.1336794347,-1.2547067404,0.1801380813,-0.9691126347,0.3692253828,-0.1234332174,-0.1493859291,0.1245539784,-0.8470965028,-0.5861148238,0.9994409084,0.6654810905,0.0794450864,0.0099411672,0.0942713544
2.4028446674,-0.6581447124,0.8260781169,0.0029281831,-0.0261399351,0.9979309875,-0.0586674837,-0.1049058512,0.0435082875,-0.0187829249,0.9162146449,-0.5032923222,0.1483801007,0.1189288199,-0.1671448052,-0.1911004484,1.9441801310,0.0906170607,0.2023292035,0.1834037304,-0.0929243043,0.1237638742,-1.2690436840,0.1064904407,-1.0274939537,0.3969072402,-0.0960586444,-0.1437811255,0.0642670989,-0.8927391768,-0.6335318089,0.9975821972,0.6227864027,0.0996266529,-0.0158693250,0.1344888657
2.3889503479,-0.6536673903,0.8314616680,0.0032756805,-0.0275132074,0.9943311060,-0.1026544928,-0.0836330876,0.0525226295,-0.0589301884,0.9278585315,-0.4826376736,0.1387750655,0.0206812639,-0.0963331982,-0.1972987801,2.0529928207,0.0563811064,0.1980410963,0.1669974327,-0.0723100975,0.1492977589,-1.2361991405,0.0592738464,-1.0857919455,0.4074498415,-0.0807430148,-0.1313595772,0.0099131893,-0.9565856457,-0.6610846519,1.0027726889,0.5673819780,0.1153490022,-0.0207566600,0.1422253996
2.3810219765,-0.6527916789,0.8365772963,0.0031868998,-0.0307537248,0.9896434110,-0.1401783549,-0.0737395063,0.0641976073,-0.0900643244,0.9247230291,-0.4567911029,0.1206402406,-0.0863262787,-0.0896795616,-0.1885997653,2.1100068092,0.0188916735,0.1802508682,0.1339594275,-0.0485230349,0.1800735444,-1.1834024191,0.0405998752,-1.1160091162,0.4293047190,-0.0847789347,-0.1218560264,-0.0231868997,-0.9853099585,-0.6832500696,0.9916377664,0.5066589117,0.1968117952,-0.0255236849,0.1358512342
2.3760905266,-0.6516645551,0.8380039930,0.0074328773,-0.0354361617,0.9843763929,-0.1723140964,-0.0765625834,0.0735013932,-0.1129937321,0.9295925498,-0.4373283684,0.0918818340,-0.2209755182,-0.1127017215,-0.1678005010,2.1227633953,-0.0611318126,0.1555890441,0.0896209106,-0.0158062652,0.2366805524,-1.0820996761,0.0413856693,-1.1383683681,0.4719785452,-0.1029951647,-0.1014035121,-0.0498057790,-1.0150716305,-0.7046120763,0.9781678915,0.4354755282,0.2752291858,-0.0327084959,0.1194882095
2.3745326996,-0.6456173062,0.8324794173,0.0206872771,-0.0387174162,0.9785639311,-0.2012104148,-0.1220717803,0.0772532001,-0.1177917793,0.9917668104,-0.4139545858,0.0268498287,-0.3691855967,-0.1283374727,-0.1272024661,2.0764181614,-0.2293625623,0.1280094832,0.0209260248,0.0140359048,0.3667312562,-0.8968424201,0.0560716502,-1.1721445322,0.5246355534,-0.1182627678,-0.0838411897,-0.0662409589,-1.0378158092,-0.7159322500,0.9627385736,0.3102849722,0.4143888354,-0.0546953566,0.0557112135
2.3688931465,-0.6402174234,0.8207290173,0.0341518938,-0.0362375498,0.9697071516,-0.2391412308,-0.1729263812,0.1150817350,-0.0464192480,0.9914299846,-0.3988506794,-0.0234744083,-0.4967757165,-0.2493576258,-0.1370221227,1.8537188768,-0.3665325344,0.0678975433,-0.0357839763,0.0255612247,0.4692324102,-0.7451546192,0.1208388060,-1.1731307507,0.5251369476,-0.0652568042,-0.0852145329,-0.0555311963,-1.0447044373,-0.7636771202,0.9412816763,0.2294314951,0.3720549643,-0.0748243555,-0.0409521088
2.3624999523,-0.6316645741,0.8086245656,0.0398098350,-0.0376416490,0.9555242252,-0.2897787748,-0.2695441544,0.1300505549,-0.0139211100,0.9772785306,-0.3599572480,-0.0819134563,-0.5929820538,-0.2709416747,-0.1472220421,1.5319314003,-0.3705406785,0.0750334114,-0.0987347439,0.0351563431,0.5102530122,-0.5971884131,0.1469388306,-1.1976474524,0.5076203942,0.0709184408,-0.1359743774,0.0003072538,-0.9383687973,-0.7576313019,0.9178081155,0.2243554294,0.3696613014,-0.0978757516,-0.1779190600
2.3547821045,-0.6208896637,0.7914867401,0.0440972233,-0.0358158022,0.9374976359,-0.3433232381,-0.3698681593,0.1154494286,0.0140297785,1.0068458319,-0.3553740978,-0.0922023207,-0.6208275557,-0.2476013750,-0.1228008792,1.1948717833,-0.2615848184,0.1202367246,-0.1157570407,0.0273420960,0.5199999809,-0.5472676158,0.1226523072,-1.2355120182,0.4600289464,0.0852211863,-0.1660417914,0.1033964679,-0.8239880204,-0.7518286705,0.9193375111,0.4287028909,0.2326335758,-0.0797297806,-0.3875139952
2.3503482342,-0.6115449071,0.7734376788,0.0487808226,-0.0333501669,0.9214790724,-0.3839069117,-0.4548271596,0.0572921149,0.0178901721,1.1310814619,-0.4826669097,-0.0477034785,-0.6382562518,-0.2659955323,-0.1624086350,1.0081745386,-0.2667796016,0.1187781468,-0.0996932387,0.0323560238,0.5199999809,-0.6421909332,0.0757570714,-1.2950903177,0.4319459200,0.1469941139,-0.2001131028,0.2146038860,-0.7546464205,-0.7691558003,0.9580368996,0.7753171921,0.0716070682,-0.0684576258,-0.3728344142
2.3428840637,-0.6007268429,0.7565615177,0.0515326533,-0.0300897050,0.9093364675,-0.4117598623,-0.5445934534,0.0519746132,0.0037786432,1.3525291681,-0.5872357488,-0.0177751910,-0.6654146910,-0.2547560930,-0.2081222832,1.0616999865,-0.3654943705,0.0668695569,-0.0578346513,0.0584286451,0.5199999809,-0.6834744811,0.0071360082,-1.3434200287,0.4173783958,0.1874971837,-0.1899384707,0.2900868058,-0.7004217505,-0.7542505860,1.0147558451,0.9913452268,-0.0418451205,-0.0468620807,-0.3521426618
2.3349280357,-0.5895979404,0.7452049851,0.0586464709,-0.0245798009,0.8973399486,-0.4367349785,-0.6005197167,0.0353270099,-0.0215467717,1.4673801661,-0.5805627704,-0.0337871201,-0.6349540949,-0.2218037248,-0.2023859024,1.1037043333,-0.4447024167,0.0389574170,-0.0323737860,0.0888039693,0.5199999809,-0.6723333001,-0.0117590269,-1.3660422564,0.3677697480,0.2561850250,-0.1931430101,0.3301899731,-0.6658178568,-0.7596572042,1.0327497721,1.0863257647,-0.1745620966,-0.0372282155,-0.2982531786
2.3258800507,-0.5821145177,0.7456957102,0.0704983562,-0.0211493545,0.8888741923,-0.4522005715,-0.5974410176,0.0152576054,-0.0425298214,1.4965680838,-0.5668316483,-0.0506633222,-0.5817334652,-0.1922505498,-0.2006489187,1.0945572853,-0.4624527693,0.0199281350,-0.0187387075,0.0946210623,0.5199999809,-0.6455776691,0.0043424717,-1.3778065443,0.3439227641,0.2962651551,-0.2023553848,0.3218710721,-0.6620832086,-0.7813929319,1.0266549587,1.0573709011,-0.1961024851,-0.0488945991,-0.2867004275
2.3223927021,-0.5762623549,0.7566933036,0.0783094703,-0.0138503185,0.8773642930,-0.4731888555,-0.5602348447,-0.0258502048,-0.0700562373,1.4518933296,-0.5563831329,-0.0457236953,-0.5153095126,-0.1501370370,-0.1476877928,1.0039352179,-0.4020985663,0.0134657705,-0.0210474879,0.0780224726,0.5199999809,-0.6118347645,0.0528816320,-1.3950921297,0.3035332859,0.3264911771,-0.2486391366,0.2840750813,-0.6723413467,-0.8532092571,1.0140289068,0.9202827811,-0.1674081087,-0.0886638239,-0.2938950062
2.3186769485,-0.5703182817,0.7700529695,0.0766121882,-0.0007927002,0.8761357532,-0.4759370612,-0.5106267333,-0.0600447133,-0.0680087060,1.3334598541,-0.5212464929,-0.0470537096,-0.4440111518,-0.1625543237,-0.1218229234,0.8849852681,-0.2998189032,0.0167992953,-0.0368880853,0.0384019911,0.5199999809,-0.5848836303,0.1743262559,-1.3322464228,0.2440811992,0.3644023240,-0.2764993906,0.2571127415,-0.7612837553,-1.0419111252,0.9577844739,0.6027468443,-0.0297552496,-0.1422012150,-0.2824391723
2.3137483597,-0.5636368394,0.7850509882,0.0688079297,0.0120461425,0.8680415745,-0.4915528295,-0.4470472634,-0.0765604749,-0.0673293397,1.2182716131,-0.4644085765,-0.0614303388,-0.3801843524,-0.1783618033,-0.0956394672,0.7825883627,-0.2192465961,0.0327191129,-0.0566242263,0.0270423945,0.5199999809,-0.5378401279,0.2725488544,-1.2858479023,0.1995867193,0.3688848019,-0.2999742329,0.2321788669,-0.7941694856,-1.1499189138,0.9003792405,0.4743892252,0.0202386342,-0.1575862318,-0.2896285057
2.3082611561,-0.5572571158,0.7981386781,0.0621711943,0.0213445368,0.8639762347,-0.4992236165,-0.3765465021,-0.0809612498,-0.0667450204,1.1023271084,-0.4347065985,-0.0653740093,-0.3328429461,-0.1816685200,-0.0624034144,0.7062139511,-0.1556659788,0.0536315143,-0.0643518567,0.0112081924,0.4955007136,-0.5045514107,0.3618496358,-1.2530574799,0.1632858664,0.3490864635,-0.3246985972,0.1996369064,-0.8489477038,-1.2488420010,0.8504655361,0.3542919159,0.0596133433,-0.1851467490,-0.2977946699
2.3023369312,-0.5494734645,0.8096930981,0.0420624209,0.0356581588,0.8343494638,-0.5484708020,-0.2711180151,-0.0702708662,-0.0434095971,0.8226051331,-0.2883498073,-0.1044422314,-0.2703587413,-0.2185678631,-0.0685282573,0.5835169554,-0.0135848643,0.1368023157,-0.1210406870,0.0099720592,0.4384851158,-0.3884178996,0.4257239997,-1.2045947313,0.1294902563,0.2079938799,-0.4111523628,0.0385615490,-0.8327393532,-1.3041350842,0.7127495408,0.2232128233,0.1578022540,-0.2441819161,-0.4857533872
2.2958939075,-0.5425702333,0.8194599152,0.0341546049,0.0420183499,0.8276213946,-0.5586687287,-0.1827626228,-0.0565326400,-0.0468812548,0.6914057136,-0.2866826057,-0.1085744053,-0.2464556098,-0.2289720029,-0.0814409629,0.5496807694,0.0201433618,0.1540930867,-0.0983715057,0.0024340979,0.3362806439,-0.2969317436,0.5462222099,-1.1648415327,0.1053734869,0.1120336950,-0.4391618967,-0.0288178883,-0.9054392576,-1.3894200325,0.6147320271,0.2201019675,0.0961800516,-0.2937801778,-0.5718335509
2.2921626568,-0.5364330411,0.8266654611,0.0322898037,0.0487919200,0.8299920741,-0.5546980026,-0.1009886563,-0.0493248366,-0.0014189209,0.6270723939,-0.2948392630,-0.0615620874,-0.2326786667,-0.2020730525,0.0148963779,0.5264246464,0.0310460944,0.1930070519,-0.0692411661,-0.0410446599,0.2482733727,-0.2097098082,0.7217493057,-1.1333217621,0.0575750843,-0.0474770516,-0.3797909319,-0.0231884029,-1.0431140661,-1.6119852066,0.5535628200,0.0574702881,0.1375250965,-0.3393252790,-0.5134670138
2.2885119915,-0.5306587219,0.8292485476,0.0309990385,0.0485640729,0.8319740918,-0.5518149155,-0.0741400495,-0.0678623244,-0.0211232249,0.6002607942,-0.2942223847,-0.0505417921,-0.2475566119,-0.1905662566,0.0329856500,0.5303980708,0.0262306836,0.1914268881,-0.0476612262,-0.0524959490,0.2061286271,-0.1901046187,0.8134145141,-1.1147917509,0.0319864899,-0.0962507352,-0.3774343133,-0.0214989204,-1.1352921724,-1.6812416315,0.4947310090,0.1578614116,0.0849208981,-0.3089765906,-0.6025874019
2.2912926674,-0.5260769725,0.8329873681,0.0370945229,0.0522051500,0.8441972284,-0.5321932528,-0.0556860156,-0.1132781059,-0.0239427611,0.6061397195,-0.3066192567,-0.0357843488,-0.2562836409,-0.1853980124,0.0391402021,0.5537669659,-0.0028561698,0.1777283251,-0.0372848548,-0.0608752146,0.2159578204,-0.1991591007,0.8626744151,-1.0868872404,0.0303956643,-0.0856778473,-0.3925408721,0.0283127930,-1.1636564732,-1.6960047483,0.4898258150,0.3375191391,0.1308231503,-0.2966578901,-0.6723132730
2.2927861214,-0.5222914815,0.8315328956,0.0444692343,0.0488095514,0.8542666561,-0.5156244711,-0.0561220534,-0.1484716684,-0.0649472028,0.6376694441,-0.3230565786,-0.0301308855,-0.2678139210,-0.1602405906,0.0602346510,0.5767882466,-0.0160757992,0.1723794043,-0.0230319798,-0.0704263970,0.2227333784,-0.2117004246,0.8778064847,-1.0751969814,0.0308857076,-0.0912598521,-0.3819563389,0.0605793409,-1.1973259449,-1.6905657053,0.4802479744,0.5005309582,0.1049761772,-0.2546428442,-0.7108216286
2.2972953320,-0.5202775002,0.8323228359,0.0589661851,0.0427218521,0.8701879855,-0.4873096576,-0.0721974745,-0.1892438382,-0.1064323410,0.7284122109,-0.3613477349,-0.0292493254,-0.2689855695,-0.1323061138,0.0895520374,0.6337530613,-0.0417846069,0.1530668586,-0.0156659391,-0.0688162446,0.2533020377,-0.2453467995,0.8525807858,-1.0808750391,0.0385238901,-0.0960938111,-0.3735919595,0.0992919058,-1.2171889544,-1.6228204966,0.4824920893,0.6689320803,0.1522454321,-0.2271241397,-0.7479528785
2.3006165028,-0.5144251585,0.8303959370,0.0689516597,0.0303968846,0.8923798899,-0.4449492445,-0.0847025216,-0.2054471672,-0.1284007579,0.7455264330,-0.3850685656,-0.0304883718,-0.2759993672,-0.0939250588,0.0998161957,0.6103084087,-0.0300244931,0.1706222594,0.0172144100,-0.0794846341,0.2716125250,-0.2363564819,0.7948043346,-1.0647852421,0.0509520136,-0.0715089664,-0.3643309176,0.1305504292,-1.2154254913,-1.5586622953,0.5057094693,0.7778556347,0.1477226168,-0.2037059218,-0.7096058130
2.3027720451,-0.5040393472,0.8329635262,0.0739675225,0.0205237526,0.9075689744,-0.4128270073,-0.0934987217,-0.2007060051,-0.1490932703,0.7405208349,-0.3898241520,-0.0355436094,-0.2870262861,-0.0727068558,0.0852621198,0.5821137428,-0.0097005591,0.1828307211,0.0323376730,-0.0826904327,0.2815745175,-0.2349611968,0.7764332891,-1.0631883144,0.0550640970,-0.0662086084,-0.3621287644,0.1512622088,-1.2255246639,-1.5011916161,0.5294650793,0.8054967523,0.1543185264,-0.2020494640,-0.6913027763
2.3048903942,-0.4895409346,0.8333387375,0.0742566379,0.0047193101,0.9261238192,-0.3698085334,-0.0971567631,-0.1640749574,-0.1713852882,0.6826565266,-0.3729156852,-0.0425831303,-0.3155146241,-0.0584088601,0.0290558208,0.5223611593,0.0024802047,0.1934142709,0.0489028655,-0.0888601094,0.2941074073,-0.2365501672,0.7712227106,-1.0678118467,0.0568006299,-0.0506726056,-0.3672581613,0.1700906157,-1.2497212887,-1.4341164827,0.5525598526,0.7733022571,0.1331813484,-0.1966949403,-0.7027578354
2.3052031994,-0.4740172327,0.8325462341,0.0743336620,-0.0121779035,0.9443721984,-0.3201364649,-0.0805735514,-0.1013960689,-0.1555163264,0.6183897257,-0.3582396805,-0.0434128940,-0.3369609416,-0.0586723685,-0.0661803111,0.4693291485,0.0072932784,0.1988885701,0.0597458966,-0.0948020369,0.3086115420,-0.2472786903,0.7817517519,-1.0901018381,0.0526138395,-0.0832246244,-0.3743420541,0.1837161332,-1.2835855484,-1.3502765894,0.5721078515,0.7201221585,0.1546429098,-0.1947857440,-0.6998743415
2.3050537109,-0.4586564004,0.8314005136,0.0773051811,-0.0243587805,0.9558803818,-0.2823530670,-0.0592627302,-0.0409965552,-0.1270914525,0.5833084583,-0.3666145504,-0.0515760928,-0.3514095843,-0.0726409480,-0.1430543065,0.4618057907,-0.0106126536,0.2049762011,0.0638841167,-0.1030591205,0.3222011924,-0.2555802464,0.7881568074,-1.0900287628,0.0466215536,-0.1110141724,-0.3756443560,0.2078759670,-1.3101806641,-1.2791165113,0.5954320431,0.6660330296,0.1638760418,-0.1946571767,-0.7207776904
2.3041608334,-0.4418011308,0.8265191913,0.0804374653,-0.0411354111,0.9685836891,-0.2316966321,-0.0337555259,0.0334531628,-0.0632596239,0.5477275252,-0.4014763236,-0.0542971306,-0.3648282886,-0.0970695317,-0.2308592200,0.4552179873,-0.0348441042,0.2179154456,0.0662901476,-0.1123292968,0.3354759216,-0.2699797153,0.7919923067,-1.1047601700,0.0390811823,-0.1506890506,-0.3736708164,0.2582177520,-1.3446730375,-1.1894428730,0.6148239374,0.6298199892,0.1691850573,-0.1848733723,-0.7601234913
2.3061702251,-0.4251602888,0.8208525777,0.0907728728,-0.0557689022,0.9765646850,-0.1870067677,-0.0178088658,0.1054786220,-0.0026049044,0.5527792573,-0.4471231699,-0.0556183010,-0.3727404177,-0.1533825248,-0.2998450398,0.5027732849,-0.0892469287,0.2218211889,0.0697999820,-0.1194667518,0.3563745916,-0.2964418828,0.7908495069,-1.1181690693,0.0298637487,-0.1907159090,-0.3754453659,0.3263528645,-1.3802678585,-1.0963708162,0.6329528093,0.6295267940,0.1833894998,-0.1714905351,-0.8076525927
2.3094327450,-0.4102792740,0.8141751885,0.1044420955,-0.0696073908,0.9813523131,-0.1455826139,-0.0223831683,0.1889688820,0.0544655845,0.6107606292,-0.5081945658,-0.0570007600,-0.3734115958,-0.2273373306,-0.3580541611,0.5773299336,-0.1809966862,0.2113998532,0.0729888827,-0.1276817769,0.3798971176,-0.3304408789,0.7860563397,-1.1307199001,0.0251229219,-0.2145190984,-0.3815537691,0.3876020312,-1.4211233854,-1.0141205788,0.6593106389,0.6440222859,0.1863171011,-0.1696351469,-0.8337684870
2.3167014122,-0.3957558572,0.8060879111,0.1221997187,-0.0825581159,0.9831305510,-0.1081929107,-0.0438239314,0.2592958808,0.0758332759,0.7231962681,-0.6130024195,-0.0561304465,-0.3818391860,-0.3327066302,-0.3715808094,0.7238324881,-0.2205282450,0.2089173794,0.0697128251,-0.1316948533,0.4232451618,-0.3785915971,0.7633761764,-1.1299672127,0.0301751383,-0.2110059261,-0.3731234074,0.4803557396,-1.4718612432,-0.9233515859,0.6820729375,0.6637936831,0.1950790882,-0.1579409838,-0.8645545840
2.3221981525,-0.3845498562,0.7973075509,0.1314933129,-0.0897656738,0.9836368989,-0.0843213112,-0.0638010055,0.3007547855,0.0853679851,0.7931299210,-0.6570591331,-0.0562866405,-0.3772143424,-0.3811247349,-0.3601737022,0.7645847201,-0.2368709147,0.2034171373,0.0647435263,-0.1312732100,0.4377783239,-0.4093641341,0.7475001216,-1.1297477484,0.0461274683,-0.1986793876,-0.3662331104,0.5059141517,-1.5048464537,-0.8754609227,0.7058849335,0.6715047956,0.1965829730,-0.1499394178,-0.8593116403
2.3316924572,-0.3778103888,0.7935594916,0.1386297309,-0.0967834418,0.9837855441,-0.0598395041,-0.0911344066,0.3292854428,0.0799179822,0.8644581437,-0.6825580001,-0.0572675020,-0.3601532578,-0.4180867076,-0.3345265388,0.7813129425,-0.2276722789,0.2023644894,0.0598183386,-0.1261390597,0.4504517019,-0.4383599162,0.7215170264,-1.1301318407,0.0669353977,-0.1849240959,-0.3549531102,0.5111626983,-1.5369474888,-0.8280532360,0.7291045189,0.6829704046,0.1921617538,-0.1420797557,-0.8394168019
2.3394229412,-0.3730683625,0.7897467613,0.1418049344,-0.1028082154,0.9836636246,-0.0415656718,-0.1170420945,0.3385528028,0.0645878837,0.9015854597,-0.6707233787,-0.0607634336,-0.3408977687,-0.4359321594,-0.3032347560,0.7581591010,-0.2244436890,0.1933888644,0.0518618450,-0.1169425100,0.4573437870,-0.4618358016,0.6944227815,-1.1272391081,0.0888350978,-0.1786118150,-0.3487898111,0.4893907607,-1.5705766678,-0.7897418737,0.7523567677,0.7000041008,0.1812557727,-0.1385131180,-0.8171544671
2.3475437164,-0.3708938360,0.7870534658,0.1418076905,-0.1054239722,0.9839907900,-0.0232053921,-0.1410761327,0.3472732306,0.0707316250,0.9362550974,-0.6564562321,-0.0564420857,-0.3102106750,-0.4448186755,-0.3026792109,0.7663168311,-0.2201486975,0.1822245419,0.0463880226,-0.1080043390,0.4576915503,-0.4830440283,0.6731511950,-1.1288211346,0.1182176322,-0.1647465378,-0.3386111557,0.4834618568,-1.6066880226,-0.7512760162,0.7801685929,0.7227493525,0.1783448458,-0.1334256828,-0.7895084023
2.3553712368,-0.3708260357,0.7876618505,0.1398454926,-0.1067110913,0.9844017777,-0.0030201362,-0.1607480794,0.3529916406,0.0942706242,0.9557879567,-0.6446236968,-0.0455898158,-0.2725954652,-0.4509433806,-0.3093161881,0.7712051868,-0.2116622031,0.1700212806,0.0393479876,-0.1005407423,0.4592707157,-0.5060421228,0.6491556168,-1.1249294281,0.1523970068,-0.1440143287,-0.3285633326,0.4704537392,-1.6558396816,-0.7067322135,0.8104903102,0.7557778955,0.1698764265,-0.1253427863,-0.7496268153
2.3614785671,-0.3727801144,0.7896419764,0.1364117991,-0.1069486052,0.9846773008,0.0190900543,-0.1602236331,0.3582676053,0.1339010447,0.9413073659,-0.6153268814,-0.0386398248,-0.2261520326,-0.4577924013,-0.3292514980,0.8011419773,-0.2184251994,0.1503537595,0.0378530286,-0.0943103656,0.4472239316,-0.5198305845,0.6250464320,-1.1264145374,0.1856295615,-0.1226814017,-0.3241255581,0.4484735429,-1.6758744717,-0.6622284651,0.8290981054,0.7771276832,0.1808210760,-0.1272403598,-0.7113204002
2.3645000458,-0.3755058348,0.7933678031,0.1331901705,-0.1059861188,0.9846468610,0.0387024583,-0.1535678059,0.3577264845,0.1720693409,0.9175832272,-0.5901441574,-0.0299362168,-0.1760518849,-0.4586938918,-0.3502217829,0.8477510810,-0.2323065400,0.1321673095,0.0375763290,-0.0910703689,0.4322125614,-0.5344005227,0.6008258462,-1.1281361580,0.2235924602,-0.0932447836,-0.3203122020,0.4326728582,-1.6925380230,-0.6190878749,0.8447002172,0.7917978168,0.1900311261,-0.1304080337,-0.6823475361
2.3664553165,-0.3806173205,0.7982333899,0.1289222354,-0.1038200603,0.9843511905,0.0604415929,-0.1405769885,0.3534271717,0.2192247510,0.8918768764,-0.5660010576,-0.0170960762,-0.1238252372,-0.4502276480,-0.3673806489,0.9056386352,-0.2447811365,0.1142966375,0.0354181454,-0.0898254365,0.4159010053,-0.5526400208,0.5677602887,-1.1293178797,0.2729837298,-0.0633732155,-0.3172035813,0.4161292315,-1.7121100426,-0.5647427440,0.8561469316,0.8045521975,0.2056272477,-0.1379741132,-0.6523761749
2.3610374928,-0.3860307038,0.8042471409,0.1210360568,-0.1009209202,0.9835410440,0.0883869653,-0.1093162969,0.3471150100,0.2936188579,0.8640403748,-0.5389674902,0.0040148543,-0.0600514747,-0.4037425816,-0.3700214326,0.9660581946,-0.2499660105,0.1013887227,0.0358463563,-0.0862953514,0.3872470558,-0.5641204119,0.5190968513,-1.1357723475,0.3451396823,-0.0554720573,-0.3082650602,0.3694836199,-1.7241274118,-0.4923465252,0.8550295830,0.8185792565,0.2359666824,-0.1532625705,-0.6107851267
2.3521957397,-0.3905108273,0.8099014163,0.1115819099,-0.0947305886,0.9816291021,0.1223923972,-0.0826183408,0.3345249593,0.3538209200,0.8462776542,-0.5238057375,0.0229862798,-0.0002740499,-0.3369274735,-0.3771682680,0.9635447264,-0.2227883190,0.1078520641,0.0433852933,-0.0865087807,0.3488488495,-0.5671697259,0.4672814310,-1.1325811148,0.4204704762,-0.0464304946,-0.2994808257,0.3350746632,-1.7300074100,-0.4198466539,0.8518928885,0.8313589692,0.2842175066,-0.1684558243,-0.5685312152
2.3456082344,-0.3932814300,0.8152790666,0.1037988362,-0.0905664710,0.9793503263,0.1479745057,-0.0683577955,0.3351490498,0.3939650059,0.8370415568,-0.4926877022,0.0269909687,0.0501034074,-0.2751155794,-0.3879634738,0.8868218064,-0.2154914141,0.1138920337,0.0470367111,-0.0843105018,0.3125288188,-0.5642576218,0.4243910313,-1.1324847937,0.4724100232,-0.0571464561,-0.2924120426,0.3119078875,-1.7302445173,-0.3645568192,0.8473550677,0.8293882608,0.3398259878,-0.1869341284,-0.5467588902
2.3386862278,-0.3946632743,0.8226045966,0.0924019801,-0.0822447006,0.9754968748,0.1819437568,-0.0503357165,0.3282690048,0.4237100482,0.8131952882,-0.4439001679,0.0266662724,0.1049288288,-0.1682086885,-0.3839781880,0.7106878161,-0.2149942666,0.1065812185,0.0496449880,-0.0809725374,0.2711490989,-0.5523465276,0.3650660217,-1.1221505404,0.5590589643,-0.1013688818,-0.2742882669,0.2492324412,-1.7298650742,-0.2886097133,0.8324227333,0.8320150375,0.4395453632,-0.2134716362,-0.5187899470
2.3379135132,-0.3965693116,0.8287687302,0.0878471271,-0.0765712249,0.9721732582,0.2032212732,-0.0542376898,0.3252927363,0.4333555698,0.8332297206,-0.4165352881,0.0198811777,0.1300996393,-0.1093702763,-0.3741540015,0.5817857385,-0.2105876207,0.1062214747,0.0441656373,-0.0775161237,0.2415482700,-0.5385352373,0.3298770189,-1.1162924767,0.5971024632,-0.1218969896,-0.2675952911,0.2339021564,-1.7255290747,-0.2439487576,0.8303619623,0.8262901902,0.4883521199,-0.2277719080,-0.5137267709
2.3387119770,-0.3992658257,0.8343764544,0.0826477465,-0.0672090709,0.9674563196,0.2295224616,-0.0625753179,0.3082924485,0.4109770060,0.8379707932,-0.3841781914,0.0030135012,0.1505335718,-0.0327950269,-0.3483238816,0.4190304577,-0.2177274227,0.1044289544,0.0394972637,-0.0758444890,0.2131694555,-0.5218665004,0.2947898507,-1.1143982410,0.6363696456,-0.1421331912,-0.2550514936,0.2063560486,-1.7208955288,-0.1908323467,0.8294434547,0.8113329411,0.5377674103,-0.2377555221,-0.5070360899
2.3429884911,-0.4031694829,0.8388075829,0.0786861344,-0.0609866801,0.9633827974,0.2489632561,-0.0845105201,0.2933465242,0.3719668984,0.8789119124,-0.3726162016,-0.0110109923,0.1566798836,0.0129611883,-0.3096256256,0.3138509691,-0.2193181366,0.0973176956,0.0267492700,-0.0682122633,0.1915474385,-0.5105797052,0.2615931332,-1.1065995693,0.6760661006,-0.1679509878,-0.2413506210,0.1791708618,-1.7159419060,-0.1497056633,0.8240098357,0.7866542935,0.5635331273,-0.2460602373,-0.5023263097
2.3519597054,-0.4080429971,0.8398738503,0.0760447311,-0.0553552138,0.9580189019,0.2708371886,-0.0920728371,0.2768267393,0.3370553851,0.8903036714,-0.3554440737,-0.0165381618,0.1468670070,0.0382815637,-0.2834009230,0.2487084419,-0.2144564688,0.0858689994,0.0160283148,-0.0568664819,0.1756993681,-0.5031996369,0.2316213697,-1.0993479490,0.7182809114,-0.1930273622,-0.2234376222,0.1528093219,-1.7043778896,-0.1061435789,0.8185830712,0.7539061308,0.5986942649,-0.2530142069,-0.4910407066
2.3599519730,-0.4142933488,0.8411637545,0.0745587790,-0.0516596358,0.9515945837,0.2936665095,-0.0985441804,0.2583306730,0.3001218140,0.9121165276,-0.3545530736,-0.0196847059,0.1281786859,0.0547420532,-0.2408412695,0.2191139311,-0.2080350965,0.0804029107,0.0075825020,-0.0404020660,0.1669399738,-0.4993129075,0.2076702863,-1.0913558006,0.7498164773,-0.2001309097,-0.2114129364,0.1301464736,-1.6905671358,-0.0679294914,0.8097198009,0.7268179655,0.6171142459,-0.2603068948,-0.4841546714
2.3666257858,-0.4258361459,0.8413937688,0.0752417530,-0.0486210628,0.9461023335,0.3112314980,-0.0812435746,0.2393462807,0.2827672958,0.8858168125,-0.3442015648,-0.0253453907,0.1074399427,0.0519667417,-0.2284995317,0.2119806409,-0.1971855313,0.0813230723,-0.0012716153,-0.0186955240,0.1624949723,-0.5021738410,0.1872186661,-1.0879540443,0.7767853141,-0.2130491138,-0.1904730499,0.1018426046,-1.6642838717,-0.0280929767,0.7911309004,0.6958044767,0.6609067321,-0.2721042931,-0.4856306314
2.3726792336,-0.4352509677,0.8380277753,0.0769293983,-0.0463905188,0.9443410091,0.3164646047,-0.0720346794,0.2260622829,0.2662690580,0.8780852556,-0.3450630307,-0.0268776566,0.0910413861,0.0485088676,-0.2160906196,0.2179466039,-0.2100753337,0.0731217489,-0.0095279785,0.0044581997,0.1584357768,-0.5060726404,0.1796875149,-1.0940068960,0.7781062126,-0.2125219554,-0.1797201782,0.1018145606,-1.6277205944,-0.0057494561,0.7692493200,0.6746476889,0.6951796412,-0.2865369320,-0.4970895350
2.3759000301,-0.4465644658,0.8374245763,0.0789577752,-0.0437401839,0.9453008950,0.3134624123,-0.0650666505,0.2141850740,0.2528724372,0.8693715930,-0.3509801328,-0.0265619531,0.0705217347,0.0366698615,-0.2106987685,0.2433349788,-0.2318723798,0.0632215813,-0.0186703876,0.0286621880,0.1645210385,-0.5202394724,0.1875806600,-1.0999652147,0.7597789168,-0.2139828056,-0.1665830165,0.1000415161,-1.5865948200,0.0010021579,0.7433201671,0.6386333704,0.7388404012,-0.3040693402,-0.5114754438
2.3796627522,-0.4595075548,0.8350169659,0.0883771018,-0.0386296393,0.9501483291,0.2965052975,-0.0502512865,0.2041364610,0.2361612618,0.8610877395,-0.3574005663,-0.0274033193,0.0489535853,-0.0024112540,-0.2212611586,0.3076747954,-0.2512509525,0.0479132757,-0.0256671607,0.0686637759,0.1806148887,-0.5378292799,0.1977505088,-1.1148997545,0.7385197282,-0.2285986096,-0.1416042447,0.0852673724,-1.5304728746,0.0009736607,0.6872275472,0.5907084346,0.8116701245,-0.3374077082,-0.5197565556
2.3844079971,-0.4699154496,0.8341597319,0.0929872270,-0.0302784693,0.9574747345,0.2714382484,-0.0719289109,0.1785534173,0.1984029263,0.8787314296,-0.3847340643,-0.0243720915,0.0232866686,-0.0239084680,-0.1962826699,0.3405831456,-0.2624247670,0.0472657569,-0.0299219396,0.0960423499,0.1874883175,-0.5405477881,0.2322420031,-1.1226359606,0.6863471270,-0.2526061237,-0.1280294955,0.0838116854,-1.4817954302,-0.0356356539,0.6547401547,0.5587452650,0.8343012333,-0.3497009277,-0.5371195674
2.3891148567,-0.4794490039,0.8361445665,0.0976731243,-0.0178985575,0.9675730933,0.2322539805,-0.0843766928,0.1423299313,0.1559599489,0.8829140067,-0.3995802701,-0.0243833046,0.0162250884,-0.0451914743,-0.1689483523,0.3515606523,-0.2629085481,0.0500973836,-0.0335492045,0.1168310419,0.1927239746,-0.5347279906,0.2608543634,-1.1217952967,0.6392263770,-0.2583683431,-0.1324353814,0.0886255875,-1.4409935474,-0.0876201168,0.6152519584,0.5234063864,0.8334639072,-0.3708629310,-0.5603903532
2.3946537971,-0.4857820272,0.8376520276,0.0999655638,-0.0013233193,0.9804966937,0.1692080628,-0.1087194085,0.1078677624,0.1185571328,0.8689537644,-0.3780801296,-0.0388454758,0.0256856028,-0.0786557421,-0.1668149978,0.3414549530,-0.2565993965,0.0561071895,-0.0338699855,0.1316611916,0.1935791373,-0.5262950063,0.2934716940,-1.1200523376,0.5785833001,-0.2487630248,-0.1319164932,0.0977282599,-1.4119372368,-0.1780388355,0.5766046643,0.4743040502,0.7861972451,-0.3780138493,-0.6284151673
2.3990490437,-0.4942439198,0.8390859365,0.1015607700,0.0105502557,0.9865065080,0.1279805136,-0.1228307411,0.0853692144,0.0889406949,0.8609229326,-0.3746751547,-0.0408306345,0.0250897780,-0.0965666845,-0.1381733119,0.3373238444,-0.2448649555,0.0655914843,-0.0278075431,0.1332259327,0.1904568076,-0.4953258634,0.3151648939,-1.1173856258,0.5288056731,-0.2528762817,-0.1360819936,0.0948520899,-1.3912684917,-0.2528801858,0.5488390923,0.4572570026,0.7683703899,-0.3825764954,-0.6663219333
2.4059264660,-0.4955075383,0.8384772539,0.1034447849,0.0225153919,0.9907565118,0.0848160833,-0.1340541989,0.0682462081,0.0626618639,0.8469055891,-0.3685820401,-0.0431644060,0.0267343204,-0.1162376553,-0.1210386381,0.3334397376,-0.2342819422,0.0736759305,-0.0208328441,0.1302751005,0.1899507046,-0.4598805010,0.3372246027,-1.1100482941,0.4779370725,-0.2462541461,-0.1399078071,0.0906149969,-1.3806897402,-0.3364063799,0.5240428448,0.4481444657,0.7447943091,-0.3821795881,-0.7014447451
2.4145524502,-0.4922381341,0.8368035555,0.1027568878,0.0503297859,0.9934111254,0.0065015899,-0.1230210364,0.0419972278,0.0346249491,0.7660213709,-0.3373249173,-0.0525503308,0.0456178971,-0.1583583206,-0.1490364373,0.2968832552,-0.2143991441,0.0958276838,-0.0074432204,0.1155154631,0.2006617486,-0.4422438443,0.3964889348,-1.1076503992,0.3881739378,-0.1077170670,-0.1732184887,0.1642436832,-1.3683538437,-0.4869382977,0.4925866425,0.4003361464,0.6771310568,-0.3570694029,-0.7987463474
2.4205443859,-0.4875090420,0.8341434002,0.1051131098,0.0651148995,0.9913797224,-0.0433304750,-0.1229488179,0.0552448556,0.0203198735,0.7396901250,-0.3223966062,-0.0535040908,0.0490132906,-0.1750764996,-0.1609362811,0.3003888726,-0.2243935913,0.0884479284,0.0078162700,0.1050279140,0.2087014616,-0.4160528481,0.4418053627,-1.1040503979,0.3210677207,-0.0702477172,-0.1806671470,0.1945881844,-1.3495540619,-0.5900720954,0.4557343423,0.4082008898,0.6770783067,-0.3343539238,-0.8215582371
2.4270653725,-0.4824511111,0.8294625282,0.1082149289,0.0781406829,0.9869580796,-0.0899850645,-0.1272350103,0.0777932480,0.0192156211,0.7306746840,-0.3092339635,-0.0644359738,0.0538341925,-0.1922745556,-0.1863631457,0.3100543022,-0.2404161692,0.0822979212,0.0188954901,0.0897278786,0.2155216783,-0.3754443228,0.4714675248,-1.0812282562,0.2777400911,-0.0675347075,-0.1839791238,0.1953838617,-1.3309839964,-0.6871837378,0.4268977642,0.4351585805,0.6595868468,-0.3146542013,-0.8218618631
2.4310803413,-0.4765284956,0.8243591785,0.1103100853,0.0872451664,0.9820297968,-0.1258469076,-0.1248541996,0.0980156511,0.0165464338,0.6949355602,-0.2998048067,-0.0736804828,0.0561165027,-0.2086131573,-0.2151330113,0.3266062140,-0.2501812875,0.0809423551,0.0303685013,0.0787433535,0.2245861739,-0.3425272703,0.4991611838,-1.0617648363,0.2408570349,-0.0621055625,-0.1897524446,0.1804884374,-1.3161270618,-0.7651231289,0.4017992616,0.4584230781,0.6452845931,-0.3028564751,-0.8099719286
2.4339203835,-0.4703618288,0.8218027353,0.1137028205,0.0959718912,0.9762869624,-0.1572413170,-0.1241058409,0.1272794306,0.0198043454,0.6748850942,-0.2883082032,-0.0834706500,0.0520211644,-0.2252223045,-0.2661255896,0.3574579358,-0.2708698809,0.0767627135,0.0458866805,0.0639496744,0.2364442945,-0.3130923510,0.5157070756,-1.0324835777,0.2180934995,-0.0782717019,-0.1848536879,0.1749849766,-1.2947653532,-0.8246521354,0.3800374269,0.4850919247,0.6651709080,-0.2954425812,-0.7883712649
2.4353911877,-0.4644465148,0.8159589171,0.1157330891,0.1003956738,0.9715933378,-0.1803689184,-0.1190640479,0.1508587301,0.0348846801,0.6762987971,-0.2899974883,-0.0852886140,0.0501345247,-0.2329108268,-0.2912638783,0.3816690743,-0.2876754701,0.0703673437,0.0524988249,0.0511978418,0.2454237044,-0.2904776931,0.5279974937,-1.0162659883,0.2011201829,-0.0906188190,-0.1817461848,0.1614270508,-1.2799353600,-0.8677871823,0.3641330898,0.5059363246,0.6654794216,-0.2866013050,-0.7612530589
2.4334452152,-0.4591059983,0.8131829500,0.1158322183,0.1052003217,0.9665275919,-0.2033229046,-0.1141093448,0.1678622067,0.0428221971,0.6789798141,-0.2954764068,-0.0836687386,0.0440442301,-0.2419888377,-0.3281693757,0.4103947282,-0.2985750139,0.0649315342,0.0586979799,0.0355648808,0.2524828017,-0.2728589773,0.5306621194,-0.9940294623,0.1929167509,-0.0925797969,-0.1773671657,0.1520647705,-1.2616691589,-0.9055931568,0.3533486426,0.5116488338,0.6606402993,-0.2773265839,-0.7221913338
2.4286806583,-0.4527779818,0.8087550998,0.1140870508,0.1096470859,0.9614785751,-0.2247679047,-0.1048801616,0.1801558584,0.0586225577,0.7347435355,-0.3197339475,-0.0790942460,0.0455297753,-0.2451666594,-0.3425593674,0.4259703755,-0.3096325397,0.0648327097,0.0597918443,0.0153564103,0.2581465244,-0.2562426031,0.5259976983,-0.9741191864,0.1871947050,-0.0981122702,-0.1777993292,0.1403443366,-1.2436116934,-0.9431982040,0.3518698215,0.5084633827,0.6379308105,-0.2642221749,-0.6712331176
2.4241850376,-0.4479403496,0.8068724871,0.1128144316,0.1110045888,0.9574304629,-0.2414079410,-0.0938477516,0.1933667958,0.0816407129,0.7736045122,-0.3332391083,-0.0729042962,0.0486258790,-0.2453150749,-0.3647310138,0.4340662062,-0.3173179924,0.0616827160,0.0554848239,0.0064211064,0.2511445582,-0.2421246171,0.5209470391,-0.9698137641,0.1847289801,-0.0976374894,-0.1769217700,0.1313160509,-1.2240188122,-0.9656324983,0.3526105583,0.5097526908,0.6254593730,-0.2552433908,-0.6448069215
2.4189550877,-0.4419532120,0.8057111502,0.1081733494,0.1114970832,0.9520289423,-0.2636433575,-0.0829191580,0.1946077496,0.1090067774,0.8552897573,-0.3583056927,-0.0622013174,0.0468853749,-0.2466892004,-0.3814288676,0.4463823140,-0.3280991912,0.0565558001,0.0463338234,-0.0082257967,0.2470921874,-0.2438741177,0.5118622184,-0.9583097100,0.1798134893,-0.1013276279,-0.1802021265,0.1032796428,-1.2030097246,-0.9949911833,0.3511628211,0.4996569753,0.5906112790,-0.2452419251,-0.5939162970
2.4135181904,-0.4366887212,0.8050854802,0.1062478232,0.1109316457,0.9480330041,-0.2786377455,-0.0664040893,0.1990886927,0.1264901906,0.8984586000,-0.3649930656,-0.0576067269,0.0472399667,-0.2443915159,-0.3957594037,0.4552735984,-0.3348903954,0.0522737503,0.0385244116,-0.0159615465,0.2425992191,-0.2470370531,0.5075233579,-0.9577360153,0.1791893244,-0.1007169485,-0.1794993579,0.0820585489,-1.1865565777,-1.0155347586,0.3471139967,0.4978235364,0.5730202198,-0.2364020646,-0.5687354207
2.4092571735,-0.4310505092,0.8032889366,0.1027869965,0.1088561948,0.9421735498,-0.2998235553,-0.0428442024,0.1921211779,0.1415985525,0.9357818365,-0.3632808626,-0.0580304265,0.0442392528,-0.2394782007,-0.4040753543,0.4702891111,-0.3402762115,0.0463648923,0.0242622849,-0.0252781417,0.2335914969,-0.2554807961,0.5014817119,-0.9591299295,0.1776144505,-0.1003471911,-0.1747224927,0.0565392599,-1.1632983685,-1.0423616171,0.3478080928,0.4998015463,0.5538621545,-0.2281201333,-0.5556163788
2.4037945271,-0.4238120615,0.8044542074,0.0990057392,0.1053702041,0.9369853403,-0.3180463106,-0.0094915256,0.1810534447,0.1525509059,0.9618161917,-0.3538424075,-0.0646592826,0.0385779142,-0.2318609357,-0.4090364575,0.4825019538,-0.3503275514,0.0396247581,0.0150900455,-0.0330535248,0.2232470363,-0.2642073929,0.4956453145,-0.9619536400,0.1752638966,-0.1117674485,-0.1690718830,0.0319270454,-1.1445823908,-1.0643004179,0.3506536782,0.5093375444,0.5495492220,-0.2198001742,-0.5295416117
2.3996770382,-0.4185726047,0.8056189418,0.0943139423,0.1001460482,0.9308894316,-0.3384087994,0.0183966942,0.1638763994,0.1486826390,0.9663876295,-0.3422584534,-0.0674552321,0.0281052236,-0.2239556909,-0.4108048081,0.5048416853,-0.3542111516,0.0326920338,0.0050699525,-0.0374974757,0.2107304335,-0.2800911963,0.4907717109,-0.9725360870,0.1762800515,-0.1223393157,-0.1642192900,0.0169529524,-1.1273134947,-1.0829740763,0.3533163667,0.5276049376,0.5478549004,-0.2123725265,-0.5104363561
2.3960807323,-0.4082509577,0.8052920103,0.0914557127,0.0951007156,0.9261945467,-0.3532072596,0.0413463823,0.1464364827,0.1430763900,0.9499542117,-0.3328806758,-0.0753825307,0.0205054041,-0.2173456848,-0.4177628756,0.5140194297,-0.3579901457,0.0248189736,-0.0012595787,-0.0380370952,0.2038720995,-0.2924117446,0.4827104807,-0.9793289900,0.1811379343,-0.1285471320,-0.1602494419,0.0012835438,-1.1124924421,-1.0974247456,0.3503812551,0.5419193506,0.5437405705,-0.2108189017,-0.4996656477
2.3937342167,-0.4009078741,0.8073441982,0.0838734136,0.0847270266,0.9214779147,-0.3696823422,0.0671741813,0.1135793626,0.1211843044,0.9027801156,-0.3231581748,-0.0753170475,0.0027188838,-0.2051589638,-0.4225824475,0.5295516253,-0.3643195331,0.0088806869,-0.0031342926,-0.0363391563,0.1943787038,-0.3103781641,0.4764206111,-0.9870700836,0.1853714585,-0.1208053678,-0.1659319550,-0.0116757983,-1.0989311934,-1.1067749262,0.3436953723,0.5713704824,0.5551334023,-0.2143861502,-0.4935615361
2.3926270008,-0.3912442625,0.8080478907,0.0799059574,0.0787246753,0.9174280807,-0.3817632515,0.0795129836,0.0966918468,0.1097851843,0.8591424227,-0.3323617280,-0.0763632357,-0.0102777360,-0.2016249746,-0.4231554270,0.5374300480,-0.3595874012,0.0085300822,-0.0047590006,-0.0368044563,0.1936719865,-0.3220890462,0.4684242606,-0.9933672547,0.1930070817,-0.1263505816,-0.1647271961,-0.0191532671,-1.0866502523,-1.1157305241,0.3351852894,0.5879089832,0.5532302856,-0.2169234455,-0.4927278161
2.3944883347,-0.3827246428,0.8105406165,0.0719480755,0.0693090574,0.9138317915,-0.3936129899,0.0876803696,0.0790715665,0.0985734314,0.7902975082,-0.3460191488,-0.0747516826,-0.0276431404,-0.2013424784,-0.4349534512,0.5460619926,-0.3548293114,0.0074883695,-0.0064970963,-0.0358453244,0.1914779544,-0.3356619775,0.4670137167,-1.0008766651,0.1960451901,-0.1190809458,-0.1679274887,-0.0249663834,-1.0777661800,-1.1258298159,0.3244528770,0.6049600840,0.5472456813,-0.2216077745,-0.5008741021
2.3964371681,-0.3730117977,0.8121137619,0.0636408193,0.0604228688,0.9101221149,-0.4049403153,0.0883697346,0.0686856955,0.0916112214,0.7281062007,-0.3625507355,-0.0668181032,-0.0536404736,-0.2037630081,-0.4238526821,0.5687040687,-0.3488577902,0.0073591876,-0.0099559920,-0.0361331999,0.1943925619,-0.3468910158,0.4630786777,-1.0079951286,0.1991529614,-0.1153165251,-0.1738780588,-0.0188534074,-1.0683292150,-1.1337640285,0.3086538315,0.6077920794,0.5329288840,-0.2294300497,-0.5248180032
2.3989439011,-0.3628177047,0.8142271042,0.0593056405,0.0518227320,0.9077989861,-0.4119444699,0.0813383237,0.0652964860,0.0832378715,0.6834363341,-0.3935768902,-0.0568433553,-0.0719003826,-0.1992863417,-0.4161955118,0.5726917982,-0.3484503925,0.0153053254,-0.0079605430,-0.0348104313,0.2020068169,-0.3548730612,0.4576795101,-1.0166752338,0.2022906542,-0.1227589399,-0.1744450033,-0.0208860692,-1.0601885319,-1.1352983713,0.2882484496,0.6088784337,0.5279422998,-0.2330570817,-0.5574376583
2.4037780762,-0.3512876928,0.8157462478,0.0563398872,0.0467801402,0.9057179284,-0.4175074487,0.0723772421,0.0581488200,0.0694400221,0.6558192372,-0.4088372290,-0.0506361686,-0.0856441483,-0.1936722100,-0.3962198496,0.5759605169,-0.3439555168,0.0233579054,-0.0073878677,-0.0375498608,0.2079307288,-0.3631624281,0.4563969076,-1.0246226788,0.2034482658,-0.1330316663,-0.1744876355,-0.0224357173,-1.0496257544,-1.1385368109,0.2724076509,0.6056781411,0.5374096632,-0.2377151400,-0.5716180801
2.4072172642,-0.3386715055,0.8163602948,0.0530594512,0.0404068864,0.9039137937,-0.4224829365,0.0579496510,0.0538471639,0.0508387052,0.6344094872,-0.4219667614,-0.0455747843,-0.0984353200,-0.1812864244,-0.3632486761,0.5698166490,-0.3358647823,0.0337696113,-0.0059059039,-0.0427136309,0.2146409452,-0.3695312440,0.4575598240,-1.0349510908,0.1976059824,-0.1515574753,-0.1717233807,-0.0261355340,-1.0406434536,-1.1400880814,0.2576938570,0.6103870273,0.5511971116,-0.2396079600,-0.5807566047
2.4125149250,-0.3277072906,0.8193973899,0.0499221948,0.0353397954,0.9022383773,-0.4268779496,0.0398220308,0.0522880517,0.0411513336,0.6213542819,-0.4290777743,-0.0427310057,-0.1053058133,-0.1717342436,-0.3352421224,0.5522080660,-0.3247709572,0.0454279594,-0.0052351747,-0.0488906316,0.2195369750,-0.3779014647,0.4622582197,-1.0452930927,0.1931695044,-0.1590410322,-0.1754071563,-0.0247612353,-1.0300774574,-1.1423498392,0.2431608737,0.6107000709,0.5537825823,-0.2418833524,-0.5972342491
2.4160697460,-0.3139819503,0.8192211390,0.0481571607,0.0313988263,0.9022122896,-0.4274435472,0.0209342111,0.0446417145,0.0214383323,0.6258955598,-0.4354604483,-0.0392998084,-0.1118320301,-0.1588861644,-0.3019625843,0.5350090861,-0.3102349937,0.0541334935,-0.0005538617,-0.0577129386,0.2243913263,-0.3845739663,0.4724979699,-1.0546365976,0.1893148124,-0.1654013246,-0.1788914949,-0.0199267864,-1.0204508305,-1.1451916695,0.2351604551,0.6124344468,0.5578213930,-0.2401410192,-0.6035824418
2.4209899902,-0.2991045415,0.8213490248,0.0464496939,0.0275076809,0.9022198739,-0.4278843915,-0.0007624522,0.0379251987,-0.0062212218,0.6374771595,-0.4424405396,-0.0410327390,-0.1113173142,-0.1419311911,-0.2620599568,0.5043951869,-0.2845427990,0.0679229498,0.0041293637,-0.0684552267,0.2298089117,-0.3913131356,0.4863353372,-1.0664427280,0.1787075698,-0.1760997027,-0.1849535704,-0.0139267063,-1.0114837885,-1.1473549604,0.2274626940,0.6243904829,0.5677346587,-0.2382759005,-0.6116765738
2.4262838364,-0.2843258381,0.8213116527,0.0467557795,0.0219592787,0.9046453818,-0.4230229549,-0.0423820205,0.0338605829,-0.0237040445,0.6938558817,-0.4546931982,-0.0446800031,-0.1122599244,-0.1104276180,-0.1888055503,0.4475623667,-0.2638918459,0.0758040398,0.0143866744,-0.0887978077,0.2394959927,-0.3941620290,0.5103568435,-1.0907899141,0.1622598618,-0.2196144909,-0.1864884347,-0.0171635579,-1.0187540054,-1.1531287432,0.2358508855,0.6435277462,0.5512344837,-0.2259245217,-0.6067093015
2.4337518215,-0.2673059106,0.8226426840,0.0459715093,0.0175411050,0.9083648962,-0.4152735789,-0.0689035580,0.0197039060,-0.0452925339,0.7289608121,-0.4664750993,-0.0424003489,-0.1187227592,-0.0954890624,-0.1517727673,0.4228010774,-0.2375827879,0.0839740112,0.0257709082,-0.1015576646,0.2474746704,-0.4013625085,0.5361530781,-1.1045782566,0.1548136473,-0.2266193181,-0.1942826807,-0.0021707644,-1.0257387161,-1.1560642719,0.2490791231,0.6541166306,0.5437060595,-0.2201410532,-0.6061924696
2.4429273605,-0.2531465590,0.8201032877,0.0465517181,0.0093640366,0.9194366105,-0.3903608224,-0.0997767076,-0.0085385991,-0.0686894506,0.7796385288,-0.4928897321,-0.0343497284,-0.1458920687,-0.0680900589,-0.0914501697,0.4002355933,-0.2067559808,0.0821014121,0.0493065231,-0.1290680170,0.2758261561,-0.4217278063,0.5754141212,-1.1358373165,0.1544682086,-0.2497826666,-0.2177578956,0.0324813053,-1.0668859482,-1.1485903263,0.2879810631,0.6814489961,0.5216607451,-0.2177504748,-0.6282951236
2.4501447678,-0.2366201133,0.8202424049,0.0467054422,0.0028611989,0.9272940508,-0.3713975748,-0.1207204610,-0.0276143886,-0.0885629877,0.8071721792,-0.5116412044,-0.0284429640,-0.1601592749,-0.0474697985,-0.0485442840,0.3785504699,-0.1730348766,0.0953921452,0.0662106425,-0.1402237415,0.2856370509,-0.4221358895,0.5945230722,-1.1464829445,0.1516413838,-0.2547270954,-0.2304439098,0.0519826449,-1.0881378651,-1.1398422718,0.3234575093,0.6876066327,0.5111438036,-0.2112673372,-0.6150289774
2.4586012363,-0.2216924429,0.8194395900,0.0468521419,-0.0056870147,0.9368262342,-0.3465965111,-0.1355911344,-0.0413566343,-0.1044959947,0.8173832893,-0.5299858451,-0.0213946383,-0.1758672297,-0.0289125107,-0.0185565315,0.3558071554,-0.1392336339,0.1112728193,0.0837402493,-0.1487281471,0.2953538001,-0.4186031818,0.6087378860,-1.1515885592,0.1500327885,-0.2594169378,-0.2429776192,0.0699095950,-1.1135892868,-1.1198221445,0.3607841432,0.6896715760,0.5029075146,-0.2053341866,-0.5988901258
2.4641196728,-0.2059382051,0.8177781105,0.0434658671,-0.0216427647,0.9498780245,-0.3088268895,-0.1454238445,-0.0356319882,-0.1081923097,0.8082175851,-0.5496169329,-0.0100547085,-0.1953987330,-0.0141033009,-0.0215692464,0.3199197054,-0.1188935861,0.1261512786,0.1040759087,-0.1571733207,0.3076067567,-0.4111286402,0.6149483323,-1.1525627375,0.1508732736,-0.2582567930,-0.2591378093,0.0770558640,-1.1486264467,-1.0875160694,0.4022808969,0.6766514182,0.4855685830,-0.2041848600,-0.5763539076
2.4723584652,-0.1921000928,0.8191341162,0.0413218671,-0.0425526136,0.9631528457,-0.2623325640,-0.1547054499,-0.0073945802,-0.1028859839,0.7808095813,-0.5660401583,0.0020198303,-0.2162390351,-0.0078807501,-0.0555965267,0.2880143523,-0.0996148884,0.1448320448,0.1249464229,-0.1619479656,0.3181661069,-0.4020787477,0.6161864996,-1.1473722458,0.1489545703,-0.2751125395,-0.2778230906,0.0877019092,-1.1967999935,-1.0331692696,0.4428561330,0.6789969206,0.4581950903,-0.2043995112,-0.5806763172
2.4792118073,-0.1776173413,0.8160986304,0.0406050572,-0.0633392262,0.9741979276,-0.2127857365,-0.1574715525,0.0353530981,-0.0815530941,0.7599756718,-0.5723237395,0.0075565581,-0.2290319055,-0.0042839209,-0.0905791447,0.2642681897,-0.0932234079,0.1604716331,0.1343206167,-0.1713192165,0.3373945355,-0.3977119625,0.6171988249,-1.1292713881,0.1484232545,-0.3034493625,-0.2915027142,0.1066135615,-1.2735514641,-0.9659150839,0.4955113530,0.6881909370,0.4386058748,-0.2016473711,-0.5905122757
2.4895875454,-0.1647781730,0.8178466558,0.0435970656,-0.0859367488,0.9817057404,-0.1642193969,-0.1467545778,0.0860799700,-0.0639340058,0.7077783942,-0.6005462408,0.0194584094,-0.2443780154,-0.0323603190,-0.1438697875,0.2767289877,-0.0680741519,0.1929890066,0.1318877041,-0.1784284860,0.3510017097,-0.3996987343,0.6043054461,-1.1120531559,0.1464895606,-0.3289730549,-0.2792106271,0.1406159103,-1.3496918678,-0.8915733099,0.5351128578,0.7084167004,0.4791514575,-0.1874041259,-0.5956432819
2.4967107773,-0.1544572860,0.8151317835,0.0481199928,-0.0993879156,0.9853117628,-0.1302583537,-0.1425090879,0.1258882433,-0.0413712710,0.6914545894,-0.6172960401,0.0209812280,-0.2513507307,-0.0630534142,-0.1701727360,0.3065026104,-0.0783618465,0.1950314343,0.1252793819,-0.1795561761,0.3535870612,-0.4024409950,0.5941942930,-1.0971722603,0.1494582444,-0.3287647069,-0.2776286602,0.1598640531,-1.3965318203,-0.8461518884,0.5728415847,0.6947384477,0.4642786384,-0.1800508648,-0.5882156491
2.5085468292,-0.1421705186,0.8129655719,0.0577126860,-0.1161316498,0.9871661778,-0.0931966912,-0.1308858842,0.1734057665,-0.0263817087,0.6408823133,-0.6187075377,0.0202679802,-0.2630712092,-0.1229644716,-0.1824263334,0.3732173145,-0.0755016282,0.1943968385,0.1043045223,-0.1740240753,0.3649270833,-0.4154059291,0.5710948706,-1.0708428621,0.1590169072,-0.3234231174,-0.2616107762,0.1897617280,-1.4523358345,-0.7970176339,0.5991006494,0.6661712527,0.4809778333,-0.1748312861,-0.5858892202
2.5175752640,-0.1379154772,0.8081754446,0.0727855701,-0.1311226765,0.9868584722,-0.0601619510,-0.1366276741,0.2159427702,-0.0153107205,0.6913208961,-0.6375449896,0.0260848925,-0.2871961892,-0.1907148957,-0.1522103399,0.4565136731,-0.1053979769,0.1657224596,0.0771613792,-0.1555545777,0.3844960928,-0.4359807968,0.5488793850,-1.0496361256,0.1724900156,-0.3117400706,-0.2598863840,0.2055118829,-1.4908189774,-0.7492608428,0.6160008311,0.6267591119,0.4601689577,-0.1735353768,-0.5718996525
2.5249953270,-0.1342513859,0.8039759994,0.0891317669,-0.1456093967,0.9848678314,-0.0298125210,-0.1257341802,0.2619124949,0.0065476908,0.7271237969,-0.6456789374,0.0209969617,-0.3166235983,-0.2607224584,-0.1357759684,0.5030750036,-0.1059247255,0.1507893801,0.0540227145,-0.1273341626,0.3996305764,-0.4507117569,0.5271911025,-1.0357917547,0.1932824552,-0.2863535583,-0.2526405752,0.2041410059,-1.4992595911,-0.7102684975,0.6281629205,0.5970196128,0.4202688038,-0.1600991637,-0.5493080616
2.5303936005,-0.1341292709,0.8016642332,0.1021303770,-0.1554761547,0.9825416318,-0.0029143037,-0.1045766175,0.2996198535,0.0492092445,0.7484388351,-0.6558347940,0.0245131534,-0.3343813121,-0.3053953350,-0.1342622489,0.4888216853,-0.0868842900,0.1518678814,0.0326359123,-0.1072416976,0.4190987349,-0.4619049728,0.5068038702,-1.0206646919,0.2170248181,-0.2838895321,-0.2409604639,0.2016245574,-1.5031788349,-0.6718521714,0.6444113851,0.5731500983,0.3861885667,-0.1395005435,-0.5378144383
2.5330786705,-0.1405006200,0.8003685474,0.1156388390,-0.1678611810,0.9784029273,0.0343219270,-0.0643451884,0.3408375680,0.1117227152,0.7574914694,-0.6608234644,0.0258715823,-0.3501390517,-0.3475559354,-0.1329007447,0.4310297072,-0.0234553982,0.1710833311,0.0069361832,-0.0828899369,0.4455185235,-0.4702304006,0.4750140607,-0.9872907400,0.2518524826,-0.2772718370,-0.2243482023,0.1835788637,-1.4856688976,-0.6170641780,0.6608145833,0.5437443852,0.3517885208,-0.1085526347,-0.4932235479
2.5310313702,-0.1464676261,0.8039241433,0.1267091801,-0.1800244628,0.9720993791,0.0809862552,-0.0114853680,0.3850822449,0.1900776178,0.7549543381,-0.6492089033,0.0232349988,-0.3750193119,-0.3705638647,-0.1433884203,0.3502028286,0.0350514650,0.1940967888,-0.0119546987,-0.0605049431,0.4644519389,-0.4609983861,0.4441561997,-0.9494766593,0.2865274847,-0.2872971892,-0.2115241438,0.1544901580,-1.4439414740,-0.5459797978,0.6911624074,0.5387003422,0.3176282644,-0.0791093856,-0.4424525797
2.5293030739,-0.1540192366,0.8064498305,0.1351657626,-0.1926605953,0.9625297554,0.1347166715,0.0443801247,0.4197534621,0.2708463371,0.7628266811,-0.6393947601,0.0256409254,-0.3989238739,-0.3920570314,-0.1779305190,0.2816235423,0.0775039718,0.2032511532,-0.0281721987,-0.0423966944,0.4820273221,-0.4411136508,0.4226899743,-0.9056769609,0.3162935376,-0.2899589241,-0.2069637179,0.1238955855,-1.3940237761,-0.4623687267,0.7379786372,0.5613986254,0.2753768861,-0.0427687243,-0.3666495681
2.5244662762,-0.1644421965,0.8140072823,0.1398653099,-0.2066418839,0.9494352995,0.1905503583,0.1110914424,0.4374823868,0.3491650224,0.7397706509,-0.6137306690,0.0258294512,-0.4235373139,-0.4304296374,-0.2659558654,0.2426911443,0.0406036451,0.1876955926,-0.0384296551,-0.0222846381,0.4900616407,-0.4072389305,0.4148111045,-0.8542357683,0.3436341286,-0.2736651897,-0.1948703378,0.0763121992,-1.3304049969,-0.3856701553,0.7937539220,0.5883529782,0.2052481920,0.0066651660,-0.2620366216
2.5196943283,-0.1718403101,0.8193952441,0.1420781159,-0.2178942402,0.9368377880,0.2338180233,0.1478976905,0.4531538785,0.4030151963,0.7344030142,-0.5985284448,0.0324007124,-0.4706104100,-0.4220298231,-0.2739381790,0.2167211026,0.0470640771,0.1833381355,-0.0693424940,-0.0106539642,0.4939188957,-0.3689893782,0.4186479151,-0.8127269149,0.3634391725,-0.2398725897,-0.1843090802,0.0414820723,-1.2629477978,-0.3186396360,0.8724736571,0.6248286963,0.0739375129,0.0618001074,-0.1495651305
2.5144596100,-0.1797476560,0.8259128928,0.1426348717,-0.2298254867,0.9247608384,0.2676806508,0.1633005738,0.4726678133,0.4144783616,0.7534328699,-0.5765139461,0.0309785865,-0.5110083222,-0.4127167165,-0.2465729415,0.2131768614,0.0362287536,0.1737289876,-0.1057733819,-0.0088532111,0.4980619550,-0.3266011178,0.4281031489,-0.7835680246,0.3781787455,-0.2234306782,-0.1644723415,0.0155651998,-1.1524904966,-0.3102021515,0.9303842187,0.5955697894,-0.0118076392,0.1027133688,-0.0176879708
2.5101320744,-0.1867719889,0.8304469585,0.1429751948,-0.2388252443,0.9140813856,0.2949166269,0.1766342968,0.4844041765,0.4076971412,0.7636163235,-0.5551611185,0.0124215391,-0.5521398187,-0.4089041352,-0.2254818976,0.2155930847,0.0261313431,0.1733342707,-0.1456020325,-0.0090122912,0.5015240908,-0.2855900526,0.4315297306,-0.7558419704,0.4050639570,-0.2439090759,-0.1450034976,-0.0142955072,-1.0124140978,-0.3467924297,0.9495439529,0.5473960638,-0.0208413806,0.1134809554,0.0818163455
2.5051801205,-0.1903600395,0.8342711926,0.1422939132,-0.2438992527,0.9063737865,0.3142485576,0.1860141009,0.4823815525,0.3905359805,0.7529869676,-0.5431023240,0.0058100605,-0.5854560137,-0.3987996280,-0.2068529874,0.2295684069,0.0244652424,0.1699159145,-0.1671446115,0.0004968274,0.5034753680,-0.2655508220,0.4299543500,-0.7438936830,0.4375352859,-0.2331551611,-0.1339212209,-0.0264599286,-0.9187942743,-0.3714121580,0.9615616202,0.5372416973,-0.0384734012,0.1203504056,0.1354682893
2.5006370544,-0.1936023533,0.8357359171,0.1418229512,-0.2504140474,0.8953595295,0.3398681632,0.2027259469,0.4787808657,0.3706046045,0.7446424365,-0.5297397971,-0.0069162496,-0.6177787781,-0.3906649649,-0.1863837987,0.2450261563,0.0028124691,0.1660418361,-0.1793037951,0.0219017416,0.5060582757,-0.2391662300,0.4155835211,-0.7334921360,0.5049583316,-0.2116991431,-0.1249340996,-0.0220891815,-0.8131089211,-0.3752365708,0.9687606096,0.5822059512,-0.0682495907,0.1228944957,0.1942339838
2.4946925640,-0.1985643506,0.8357174993,0.1394649002,-0.2542299037,0.8845269697,0.3654158420,0.2218680084,0.4709523618,0.3589487374,0.7393662930,-0.5272479653,-0.0133740436,-0.6507313251,-0.3788677454,-0.1718376428,0.2558714747,-0.0168415047,0.1625972390,-0.1840755194,0.0485690720,0.5083975196,-0.2160179764,0.3867945969,-0.7238304615,0.6067677140,-0.1833380461,-0.1211286634,-0.0137306871,-0.7297552824,-0.3568456769,0.9588719010,0.6779754758,-0.0776850507,0.1177981347,0.2057401091
2.4872827530,-0.2015842199,0.8358836174,0.1355930250,-0.2565747464,0.8720547438,0.3940868622,0.2467586994,0.4572332501,0.3548152447,0.7275446653,-0.5354499817,-0.0173968803,-0.6838082075,-0.3644647598,-0.1648847312,0.2610052228,-0.0329952128,0.1611819565,-0.1812239587,0.0795388222,0.5094494224,-0.1964629889,0.3502799273,-0.7168523669,0.7439429760,-0.1309235394,-0.1185006872,-0.0145212067,-0.6749146581,-0.3198026121,0.9439646602,0.8006917238,-0.0789339840,0.1010652333,0.1751798838
2.4808127880,-0.2030834854,0.8346838951,0.1300992371,-0.2585320774,0.8581164491,0.4241126186,0.2727290094,0.4454275966,0.3632473350,0.7060689926,-0.5425948501,-0.0194710083,-0.7161061764,-0.3501742482,-0.1697642207,0.2654103935,-0.0572280735,0.1573827416,-0.1773385704,0.1042423919,0.5098211169,-0.1645370573,0.3240622282,-0.6972128153,0.8791682124,-0.0899282694,-0.1013034135,-0.0213435628,-0.6315678358,-0.2872354388,0.9204277992,0.8971136212,-0.0822681785,0.0962432474,0.1401521564
2.4755218029,-0.2069570273,0.8311363459,0.1261111055,-0.2586197862,0.8453827528,0.4500442162,0.2954613268,0.4337826669,0.3729656041,0.6808370352,-0.5514768362,-0.0166650154,-0.7439486384,-0.3356558383,-0.1642775685,0.2630102038,-0.0766885653,0.1602136195,-0.1767350882,0.1198719740,0.5104444623,-0.1233525276,0.3042790592,-0.6677812934,0.9827876091,-0.0793419927,-0.0810797215,-0.0424403735,-0.5984433293,-0.2660133541,0.8870481253,0.9186546803,-0.0520836152,0.0879731849,0.0879614353
2.4718759060,-0.2083721012,0.8298130631,0.1233164137,-0.2574689666,0.8351497584,0.4701358043,0.3089758754,0.4183342755,0.3723849356,0.6630295515,-0.5626875162,-0.0134956129,-0.7576348782,-0.3267341256,-0.1728774458,0.2656441033,-0.0868578926,0.1636332870,-0.1745649725,0.1329988539,0.5099094510,-0.0832333863,0.3044505119,-0.6428512931,1.0086296797,-0.0868249908,-0.0759963617,-0.0558243133,-0.5869813561,-0.2573516071,0.8670786023,0.9168582559,-0.0283626635,0.0832917392,0.0729594380
2.4707341194,-0.2133668810,0.8264964819,0.1177892028,-0.2527207761,0.8238289451,0.4935218153,0.3106750250,0.4072118700,0.3889229000,0.6439670920,-0.5692132711,-0.0052987193,-0.7636060715,-0.3233628869,-0.2032260448,0.2650348544,-0.1014493704,0.1653134376,-0.1722103357,0.1421234310,0.5101930499,-0.0381653532,0.3244336247,-0.6007987261,0.9782752991,-0.1278040707,-0.0697855726,-0.0854124725,-0.5703359246,-0.2632779181,0.8424915075,0.8653641939,-0.0036742422,0.0790516287,0.0715369657
2.4716892242,-0.2173537761,0.8273147941,0.1130187089,-0.2468493634,0.8118791159,0.5168601982,0.2999717593,0.3997864723,0.3959387541,0.6303719282,-0.5617374778,-0.0103458790,-0.7516768575,-0.3229506016,-0.2476410270,0.2712203860,-0.1200372502,0.1722068340,-0.1567918360,0.1576406509,0.5090908408,0.0140799284,0.3953177631,-0.5385567546,0.7824625969,-0.2208669782,-0.0777950138,-0.1438394636,-0.5480610728,-0.2812623382,0.8305138350,0.7790609002,0.0246883966,0.0789330155,0.1137641296
2.4778671265,-0.2247715741,0.8273724318,0.1093364379,-0.2410051123,0.8018416317,0.5357350808,0.2853856385,0.3953581452,0.3955926895,0.6071558595,-0.5404286981,-0.0153023591,-0.7292457819,-0.3274720013,-0.2819644511,0.2830344141,-0.1292665005,0.1763065308,-0.1306585521,0.1627869010,0.5075646639,0.0733017474,0.4885950983,-0.4332824051,0.5203475952,-0.3832328618,-0.0931798965,-0.1347249597,-0.5173592567,-0.2969453633,0.8159252405,0.6972889304,0.0417747982,0.0845056623,0.1343777180
2.4864797592,-0.2320779711,0.8288820982,0.1054165955,-0.2304939023,0.7884336083,0.5604751088,0.2660319805,0.3770070374,0.3769897521,0.5634083152,-0.5083335638,-0.0138273425,-0.6720860600,-0.3346916437,-0.3342319429,0.3297089934,-0.1605018526,0.1720657051,-0.0882151276,0.1643923074,0.5048599243,0.2018705904,0.6240857244,-0.2145171762,0.0406148061,-0.7003350258,-0.1548496336,-0.0692800209,-0.4641549885,-0.3163966238,0.8000419140,0.5383223295,0.0961806774,0.1018758118,0.2357123494
2.4940006733,-0.2387451977,0.8286098838,0.1014730301,-0.2211267131,0.7792652593,0.5775394849,0.2516457736,0.3670321107,0.3739367127,0.5244436860,-0.4884068370,-0.0227138661,-0.6067911983,-0.3465198576,-0.3743968010,0.3946963251,-0.1532883197,0.1778962761,-0.0616269037,0.1756731123,0.5014266372,0.2372098416,0.6851688027,-0.0381473191,-0.2231576890,-0.8178163767,-0.2055487782,0.0155702997,-0.4259704947,-0.3354251683,0.7963297963,0.4399311543,0.1163072661,0.1022948623,0.2771062851
2.5008382797,-0.2459644228,0.8301653266,0.1005268683,-0.2125741372,0.7716053651,0.5910429303,0.2336862832,0.3539012372,0.3584694266,0.4875138998,-0.4492561519,-0.0324784741,-0.5573741794,-0.3560254276,-0.3906109929,0.4440135062,-0.1637040228,0.1704300642,-0.0447841920,0.1697335690,0.4977126420,0.2367113084,0.7203701735,0.0596283749,-0.3602718115,-0.8092539310,-0.2370964140,0.0628597662,-0.4055693150,-0.3418403268,0.8031653166,0.3926619887,0.1209947169,0.0996050462,0.2850213945
2.5064187050,-0.2530398071,0.8312123418,0.1007372266,-0.2029213112,0.7650042589,0.6028627013,0.2191282958,0.3348776102,0.3397351205,0.4537958801,-0.4156764746,-0.0386754088,-0.4985090792,-0.3600618839,-0.4014666080,0.4990750849,-0.1798943877,0.1561247706,-0.0346442126,0.1521227509,0.4930176735,0.2132887691,0.7221218944,0.0914625227,-0.4465345442,-0.8086770773,-0.2454171330,0.0872284770,-0.3941928148,-0.3376662731,0.8181560636,0.3751327991,0.1125911325,0.1016090885,0.2853558064
2.5089519024,-0.2564119101,0.8320527673,0.0956851121,-0.1839302829,0.7577928512,0.6186792424,0.2002971172,0.2980954945,0.3264092207,0.4181147516,-0.3941366673,-0.0303154793,-0.3952002525,-0.3243680298,-0.3765032589,0.6100746989,-0.1779500246,0.1274738163,-0.0325353481,0.1122857258,0.4677829146,0.1617527753,0.7016183734,0.0437923782,-0.5644497871,-0.8984373212,-0.2529327571,0.0671679899,-0.3866724074,-0.3243360221,0.8585401773,0.3786413372,0.1140355617,0.1146861464,0.3295175731
2.5114259720,-0.2620384991,0.8310322762,0.0967811492,-0.1690751160,0.7510168531,0.6308888179,0.1899730265,0.2627965808,0.3137190938,0.3902412653,-0.3815635443,-0.0148808118,-0.2924473286,-0.2937223613,-0.3706721961,0.6842317581,-0.2076735049,0.1017732024,-0.0449467674,0.0671270192,0.4467982650,0.0873014107,0.6725674868,-0.0901367962,-0.5816610456,-1.0104370117,-0.2112954855,0.0125663476,-0.3961135745,-0.3170465827,0.8974339962,0.3843402267,0.1031761318,0.1088494360,0.3063804209
2.5121414661,-0.2687105834,0.8300140500,0.1005706876,-0.1559228025,0.7426918850,0.6434146256,0.1712176949,0.2385733873,0.3010527194,0.3817359209,-0.3527057171,-0.0179500189,-0.1877523512,-0.2589743733,-0.3730455041,0.7270545959,-0.2290552258,0.0878309011,-0.0399167761,0.0482655205,0.4292061627,-0.0473399349,0.6404344440,-0.2522497177,-0.5339161754,-0.9492802620,-0.1635949463,-0.0211664997,-0.4155798256,-0.3225692809,0.9371930957,0.4114079475,0.0814691186,0.0971706361,0.2707314193
2.5106647015,-0.2760934532,0.8296301961,0.1005055349,-0.1472310970,0.7280164114,0.6619771494,0.1446437985,0.2269403040,0.3267925680,0.3981643021,-0.3247618079,-0.0123207048,-0.0971979126,-0.2330282331,-0.3691888452,0.7477786541,-0.2463310361,0.0827038512,-0.0197507702,0.0435610376,0.4066510201,-0.1740294248,0.5940767527,-0.3648288250,-0.4940399826,-0.8578439951,-0.1682214737,0.0004789173,-0.4328733385,-0.3291719258,0.9670170546,0.4107494950,0.0891353115,0.0752678365,0.2739004493
2.5078234673,-0.2834674716,0.8275723457,0.1013348332,-0.1386345633,0.7157728716,0.6768906158,0.1212102920,0.2272668034,0.3739968538,0.4233966768,-0.2997794747,-0.0070410590,-0.0233941544,-0.2209418714,-0.3919196129,0.7439998984,-0.2402555794,0.0853920951,-0.0015215001,0.0451027751,0.3888188601,-0.2858629525,0.5603022575,-0.4540446699,-0.4392911494,-0.7717581391,-0.1542580575,0.0005954462,-0.4428075552,-0.3439596593,0.9821750522,0.4099071324,0.1097587422,0.0685791895,0.2756026089
2.5034430027,-0.2900941074,0.8254127502,0.1000252278,-0.1287309510,0.6980860137,0.6972081565,0.0848658085,0.2408036590,0.4376999438,0.4757082462,-0.2772213519,0.0111180376,0.0564027466,-0.2137824744,-0.4313706160,0.7385733724,-0.2561245561,0.0737788305,0.0176259298,0.0501802415,0.3611652851,-0.3952535987,0.5483437181,-0.5124711394,-0.3649401367,-0.5852400064,-0.1380346715,-0.0147320637,-0.4617758393,-0.3540248871,1.0045660734,0.3998768330,0.1167943999,0.0544918105,0.2711738348
2.4972455502,-0.2942984998,0.8187090755,0.0969427617,-0.1216583273,0.6787655471,0.7176898246,0.0461340994,0.2564608157,0.4859230816,0.5580982566,-0.2996861339,0.0294147804,0.1084549204,-0.2135476023,-0.4354980290,0.7509224415,-0.2699379027,0.0727444217,0.0310522877,0.0633247793,0.3433097601,-0.4793727696,0.5555154681,-0.5776867270,-0.2700862885,-0.4106173515,-0.1346428692,-0.0332277715,-0.4817593098,-0.3496470749,1.0328394175,0.4048326015,0.0986164063,0.0426501296,0.2728000581
2.4930396080,-0.2992835343,0.8145196438,0.0927815072,-0.1151618668,0.6605455330,0.7360767183,-0.0150322653,0.2782222927,0.5062283278,0.6578185558,-0.3178880513,0.0492421985,0.1440951675,-0.2101696879,-0.4313356578,0.7499163151,-0.2919003665,0.0679275915,0.0375942886,0.0658775344,0.3315926194,-0.5451598167,0.5261943340,-0.6372441649,-0.1334261894,-0.3505344093,-0.1121204942,-0.0813383907,-0.4924809933,-0.3288639188,1.0347136259,0.4270228744,0.1223376170,0.0440938324,0.2715822458
2.4886181355,-0.3025615513,0.8060256243,0.0891708378,-0.1079939775,0.6425516144,0.7533347764,-0.0799125209,0.2972677350,0.4965889752,0.7580559850,-0.3302496970,0.0630389079,0.1550829262,-0.2157358825,-0.4393007159,0.7706741095,-0.3198470771,0.0560955778,0.0428408757,0.0602299720,0.3291374445,-0.5955364704,0.4694103003,-0.7043612003,0.0489051975,-0.3288860023,-0.0754725039,-0.1374901086,-0.5021648407,-0.3055000007,1.0385011435,0.4510352612,0.1609121561,0.0520433895,0.2869254053
2.4875969887,-0.3065130413,0.7964066267,0.0847858100,-0.1042856853,0.6251971010,0.7688071586,-0.1517105848,0.3270573616,0.4796059430,0.8565359712,-0.3578539789,0.0851036459,0.1500355154,-0.2218613029,-0.4472617209,0.8010690808,-0.3810367882,0.0359823890,0.0462034419,0.0573814996,0.3412476182,-0.6265142560,0.4105266035,-0.7719107270,0.2368310094,-0.3183111846,-0.0421368070,-0.1445646733,-0.5172950029,-0.2823173702,1.0417456627,0.4945134521,0.1997378021,0.0718426332,0.2889133990
2.4853715897,-0.3123320639,0.7871057987,0.0830795090,-0.1018847147,0.6127290691,0.7792819695,-0.1967653781,0.3579550087,0.4738967419,0.9081130624,-0.3863077760,0.1040394530,0.1401522607,-0.2380539626,-0.4620468020,0.8422406912,-0.4541794360,0.0146310702,0.0471967682,0.0520743653,0.3564765155,-0.6421007514,0.3582954407,-0.8166061640,0.3476159573,-0.3194141388,-0.0178534444,-0.1479837000,-0.5212827325,-0.2637327313,1.0437737703,0.5169765949,0.2561001182,0.0908391848,0.2884978950
2.4847681522,-0.3216758966,0.7779894471,0.0783862095,-0.0999502088,0.5997689337,0.7900270781,-0.2688128650,0.3894966543,0.4357352257,0.9551898241,-0.4109273553,0.1106768548,0.1028550193,-0.2612865567,-0.4808279276,0.9052380323,-0.5308917761,-0.0100819552,0.0410960801,0.0478075147,0.3864274621,-0.6630135179,0.2871830165,-0.8854610920,0.5008692741,-0.2831691504,0.0124263661,-0.1330669373,-0.5376534462,-0.2461332977,1.0499001741,0.5538038611,0.3002304435,0.1125885025,0.2786137462
2.4827787876,-0.3358128965,0.7699444294,0.0771029501,-0.0997349823,0.5884754538,0.7986267643,-0.3176908195,0.4071538150,0.4010915458,0.9467331767,-0.4081209302,0.1042577550,0.0678671375,-0.2909654677,-0.4991285801,0.9564022422,-0.5908239484,-0.0276568308,0.0382030495,0.0409681909,0.4265311062,-0.6772106290,0.2110443562,-0.9521311522,0.5937265158,-0.2586334050,0.0307265129,-0.1293517053,-0.5563530922,-0.2387145311,1.0603250265,0.5771080256,0.2978744209,0.1261369437,0.2851590514
2.4806256294,-0.3504327536,0.7664433122,0.0779274198,-0.0984167702,0.5779253968,0.8063768922,-0.3518655300,0.4133419096,0.3737605214,0.8832999468,-0.3893508613,0.0852410346,0.0341074876,-0.3163622618,-0.5096928477,0.9899538159,-0.6390894055,-0.0412545390,0.0400685221,0.0315380469,0.4760748446,-0.6868025661,0.1404945999,-1.0097543001,0.6033732295,-0.2860142589,0.0189862307,-0.1473008990,-0.5511416793,-0.2355852723,1.0620733500,0.5861516595,0.4087640345,0.1286644042,0.2762047648
2.4763376713,-0.3636496067,0.7648577690,0.0764012837,-0.0960618752,0.5697187023,0.8126226432,-0.3642120957,0.4236758053,0.3811594546,0.7598140240,-0.3344473541,0.0743448362,0.0021622570,-0.3244172931,-0.5107780099,0.9925919771,-0.6814823747,-0.0519288965,0.0507651977,0.0299903303,0.5028173327,-0.6783589721,0.0895111039,-1.0314081907,0.5334132314,-0.3392133713,-0.0031044325,-0.1252008229,-0.5402925611,-0.2585653365,1.0520052910,0.5818176270,0.4225765169,0.1119022295,0.2474607676
2.4729924202,-0.3744488358,0.7680838704,0.0731245515,-0.0910416112,0.5692927934,0.8137996931,-0.3736225069,0.4223937988,0.3996922970,0.6221530437,-0.2713200748,0.0637535751,-0.0276764613,-0.3182199001,-0.5045430064,0.9668999910,-0.6828988194,-0.0562392175,0.0551647581,0.0368652456,0.5063443184,-0.6653095484,0.0461990535,-1.0357998610,0.4310775697,-0.4023282528,-0.0231022537,-0.1185024083,-0.5138652325,-0.2816570103,1.0328646898,0.5669709444,0.4023152590,0.0837454721,0.2454490960
2.4708757401,-0.3823468089,0.7738598585,0.0731726956,-0.0877537648,0.5676907272,0.8152743536,-0.3938284814,0.4166086614,0.3962552845,0.5584344864,-0.2280053645,0.0531863160,-0.0490075313,-0.3156016767,-0.4995954037,0.9492246509,-0.6766946912,-0.0620694757,0.0634757951,0.0417179987,0.5087991357,-0.6678630710,0.0278609376,-1.0369969606,0.3316860199,-0.4681264162,-0.0302122198,-0.1106274873,-0.4830348492,-0.3069228530,1.0241295099,0.5324955583,0.4165408611,0.0737628490,0.2418280989
2.4688205719,-0.3905401528,0.7808608413,0.0738075895,-0.0839872284,0.5687000142,0.8149103503,-0.4280691743,0.4196036756,0.4000186026,0.5509130955,-0.2061838061,0.0454492345,-0.0602359027,-0.3131388128,-0.5029755235,0.9158495665,-0.6537699103,-0.0658748373,0.0678436682,0.0427081063,0.5106538534,-0.6836760640,0.0261881314,-1.0350725651,0.2339516580,-0.5204970241,-0.0359353684,-0.1071112975,-0.4509842992,-0.3363845646,1.0202382803,0.4830104113,0.4515858591,0.0701696724,0.2469671816
2.4689640999,-0.3963759542,0.7896543145,0.0744404591,-0.0750902764,0.5713278818,0.8138823747,-0.5265396237,0.4670507014,0.4300199747,0.6238465905,-0.2058839202,0.0419338979,-0.0653461814,-0.3042047620,-0.5176879764,0.8451363444,-0.6146371365,-0.0490609743,0.0740616396,0.0404972136,0.5118936300,-0.7168318629,0.0282164291,-1.0217862129,0.1209820807,-0.6267563105,-0.0385829024,-0.1222373992,-0.4209693372,-0.3570006788,1.0274153948,0.4245797396,0.5905750394,0.0879954398,0.2771182358
2.4721453190,-0.3974654675,0.8021233678,0.0831919414,-0.0690310248,0.5714626500,0.8134766488,-0.6180694103,0.5304870605,0.4336801171,0.8752490282,-0.2558079958,0.0542443506,-0.0433731787,-0.3170064688,-0.5361405015,0.7954096794,-0.5842908025,-0.0438531563,0.0757229626,0.0302579831,0.5131546855,-0.7435460687,0.0482040793,-1.0226498842,0.0437431373,-0.6780877709,-0.0329018161,-0.1256190985,-0.3825386465,-0.3795036077,1.0351446867,0.3508035541,0.7193906307,0.1131349578,0.2913724184
2.4750940800,-0.3983390033,0.8121933937,0.0881520799,-0.0637421527,0.5742779320,0.8114006443,-0.6695768833,0.5851728320,0.4414595962,1.1136027575,-0.3207107186,0.0902252048,-0.0224377457,-0.3142842948,-0.5404189229,0.7316711545,-0.5488658547,-0.0274468474,0.0762977451,0.0253016874,0.5126934648,-0.7694825530,0.0740718469,-1.0250173807,0.0218383223,-0.6810309887,-0.0314115286,-0.1232008040,-0.3632812798,-0.3930067420,1.0382839441,0.3108756542,0.7504582405,0.1244657561,0.2934430242
2.4809381962,-0.3971303105,0.8221147060,0.0939001578,-0.0496512682,0.5719723033,0.8133665817,-0.7771742940,0.5739749074,0.3341277540,1.5705502033,-0.3780417144,0.0800949261,0.0046487204,-0.3066218197,-0.5529149771,0.6307788491,-0.4724576175,-0.0052223825,0.0809903964,0.0064378851,0.5035846233,-0.8065440655,0.1183521152,-1.0318062305,0.0340926014,-0.7245534658,0.0041043344,-0.2164908201,-0.3723025024,-0.4236473441,1.0637646914,0.1775867045,0.7943884134,0.1807518899,0.3753061295
2.4858274460,-0.3997257650,0.8311988711,0.0970497609,-0.0443616933,0.5758325637,0.8105740204,-0.7671446204,0.5685539246,0.3024203479,1.7339863777,-0.3619934320,0.0713648573,0.0139077734,-0.2920567393,-0.5416180491,0.5708692670,-0.4345904291,-0.0040479740,0.0729831755,0.0009462503,0.5005501509,-0.8231654167,0.1512351185,-1.0201314688,0.0608843639,-0.7034370899,-0.0042959317,-0.2285776138,-0.3676921725,-0.4219748676,1.0689429045,0.1583611667,0.7976992130,0.1916156709,0.3792924583
2.4928286076,-0.4021950960,0.8382227421,0.1008134025,-0.0359610948,0.5838367270,0.8047845263,-0.7292109728,0.5360345840,0.2408868074,1.8989132643,-0.3262186646,0.0449716374,0.0039563766,-0.2711380422,-0.5056931376,0.5171917677,-0.3849770129,-0.0060607344,0.0635341331,0.0002840950,0.4957022071,-0.8265064955,0.1823467463,-0.9931928515,0.1113977581,-0.6722078919,-0.0068945894,-0.2171788216,-0.3631692827,-0.4060872495,1.0506336689,0.1817990094,0.8166210055,0.1913248897,0.3706155121
2.4982287884,-0.4030880332,0.8430510163,0.1002889978,-0.0269193267,0.5946695397,0.7972362293,-0.6577820778,0.5077932477,0.2188143730,1.9482390881,-0.2991046309,0.0277110431,-0.0148934936,-0.2605841458,-0.4906028509,0.4966722131,-0.3527542055,-0.0127680730,0.0523681492,-0.0001280846,0.4809681773,-0.8141774535,0.2063322365,-0.9469821453,0.1511637568,-0.6379007101,-0.0253502131,-0.1701076329,-0.3482522070,-0.3762895167,1.0189224482,0.2194840461,0.8677371144,0.1724389493,0.3396397531
2.5032248497,-0.4023834169,0.8418241143,0.0992876242,-0.0204265700,0.6089021718,0.7867419323,-0.5575883389,0.5444694161,0.2539086640,1.8583157063,-0.3163239658,0.0499331206,-0.0184184760,-0.2590317726,-0.4998283982,0.4967195392,-0.3451228440,-0.0098364614,0.0415280163,-0.0021112086,0.4504581094,-0.8063491583,0.2193650603,-0.9132128358,0.1639787406,-0.6358850598,-0.0325294212,-0.1553048342,-0.3356767297,-0.3525147438,1.0041052103,0.2546365261,0.8948517442,0.1752687097,0.3369441032
2.5104560852,-0.3987962902,0.8397208452,0.0996105504,-0.0148099416,0.6272990592,0.7722397906,-0.4509791434,0.6240993738,0.3458245993,1.6681196690,-0.3701065779,0.1005005091,-0.0126023218,-0.2676302195,-0.5334297419,0.4938050210,-0.3419857323,-0.0015191535,0.0244012419,-0.0045260503,0.4252720475,-0.8095822334,0.2386647612,-0.8820290565,0.1332217008,-0.6399591565,-0.0501555316,-0.1447746456,-0.3242591918,-0.3376584947,0.9839027524,0.2986266315,0.9255948067,0.1715670079,0.3213196695
2.5141236782,-0.3976837397,0.8343579173,0.0991916234,-0.0118689279,0.6484242840,0.7546960304,-0.3314148188,0.6973645091,0.4676185846,1.4427866936,-0.3686015010,0.1411263943,0.0024858690,-0.2834088504,-0.5882132053,0.4972862303,-0.3604822755,-0.0052283229,0.0076261843,-0.0069911075,0.4044418335,-0.8169608116,0.2623045146,-0.8505162597,0.0751014724,-0.6462091208,-0.0601817928,-0.1513561159,-0.3101833463,-0.3316139579,0.9634304643,0.3208216131,0.9494594932,0.1742341965,0.3119198978
2.5166184902,-0.3953447342,0.8285279274,0.1013147842,-0.0085684770,0.6652693226,0.7396476351,-0.2723993361,0.7221623063,0.5565621257,1.2545653582,-0.3841004968,0.1445217133,0.0040278947,-0.2990640402,-0.6149439812,0.5182525516,-0.3589516282,0.0070864870,-0.0076310891,-0.0085165333,0.3883902133,-0.8130163550,0.2796089053,-0.8183798194,0.0113110356,-0.6689190269,-0.0641200393,-0.1345740110,-0.2996064126,-0.3329568207,0.9362829328,0.3237068057,1.0042757988,0.1799972206,0.3106025457
2.5182666779,-0.3959774375,0.8212949634,0.1100879684,-0.0140836975,0.6871633531,0.7179754974,-0.1803833544,0.7508600950,0.6605569720,1.1341071129,-0.3959710300,0.1049372703,0.0260230787,-0.3055464327,-0.5982982516,0.5358172655,-0.3911810219,-0.0036864295,-0.0147456778,-0.0094515579,0.3992129862,-0.8035774231,0.3619379103,-0.7673563361,-0.1187904850,-0.5723759532,-0.0983465165,-0.0778765604,-0.2999809384,-0.4015204310,0.9299003482,0.3066300154,0.9143399000,0.1663625240,0.2753322124
2.5201141834,-0.3950873017,0.8148519993,0.1101379614,-0.0114507023,0.7084157440,0.6970549796,-0.1716527790,0.7651143670,0.7139960527,1.0144671202,-0.3966118395,0.0916708708,0.0306307264,-0.3037387133,-0.6077444553,0.5245457292,-0.4120413661,0.0063948063,-0.0325532593,0.0037203487,0.3879446089,-0.7777044177,0.4318409264,-0.6988105774,-0.2157420069,-0.6030639410,-0.1254981756,-0.0006394950,-0.3029820621,-0.4184635878,0.8837773800,0.3086473346,0.9089449048,0.1590989232,0.2321888804
2.5233564377,-0.3930978179,0.8083263040,0.1122970904,-0.0145126398,0.7308802174,0.6730474386,-0.2167216390,0.8060995936,0.7288631201,0.9648631215,-0.3957375288,0.0935476571,0.0323925763,-0.2967353761,-0.5828685760,0.5511648655,-0.4475195706,0.0014224178,-0.0497037284,0.0251350179,0.3747575581,-0.7582144737,0.5309573412,-0.6262230277,-0.2997051179,-0.5556502938,-0.1427862048,0.1390957832,-0.3208076060,-0.4455366731,0.8174236417,0.2831604481,0.9403649569,0.1606666893,0.2027428746
2.5254342556,-0.3888466656,0.8016455770,0.1177610999,-0.0208529442,0.7500497232,0.6504789703,-0.2374471724,0.8455445766,0.7454046011,0.9294385910,-0.3890837133,0.0887743458,0.0417326279,-0.2973986864,-0.5458449125,0.6002829075,-0.4901654422,-0.0063671595,-0.0543881953,0.0458662696,0.3673636019,-0.7615052462,0.7000879049,-0.5953838229,-0.3255392015,-0.4897498786,-0.1347508132,0.1557682455,-0.3650321066,-0.5175220370,0.7902717590,0.1951418370,0.9619501233,0.1495061070,0.2040681988
2.5276298523,-0.3839550912,0.7961290479,0.1208090965,-0.0190963136,0.7656145907,0.6315653502,-0.2810213566,0.8855871558,0.7382763624,0.9407150745,-0.4098675251,0.1198258251,0.0557067096,-0.2929548621,-0.5378304124,0.6246330142,-0.4755741954,0.0010638874,-0.0662905797,0.0668605715,0.3482284248,-0.7632665634,0.9445785880,-0.5738458037,-0.1569182575,-0.3805564642,-0.1348922253,0.2179994285,-0.4138332307,-0.6382073164,0.7144745588,0.0247289203,0.9449497461,0.0815101936,0.1875651330
2.5255620480,-0.3778769672,0.7916923761,0.1177752223,-0.0228912417,0.7803814883,0.6136853597,-0.3029279113,0.9099810123,0.7703099251,0.9178887010,-0.3939410150,0.1311186403,0.0662511289,-0.2800218761,-0.5338692069,0.6257876158,-0.4930425882,0.0053451746,-0.0501504615,0.0860338062,0.3398957849,-0.7206518054,1.1517828703,-0.5148836970,0.0288346242,-0.2951884568,-0.1346468329,0.2752570808,-0.4730451107,-0.6986551881,0.6346276999,-0.1000222266,0.9346342683,0.0400929637,0.1492563933
2.5221228600,-0.3742571175,0.7878581882,0.1103806847,-0.0212155800,0.7924368231,0.5995080358,-0.3539077640,0.9489738941,0.7516142130,0.9500125051,-0.3667837977,0.1456193775,0.0553319417,-0.2672497928,-0.5162924528,0.6177628636,-0.4901422858,0.0070445291,-0.0383656323,0.0804115385,0.3052245378,-0.6501867771,1.3202505112,-0.4133998752,0.3981375694,-0.1354707032,-0.0935527310,0.3660962880,-0.5524960160,-0.7530617118,0.5077719092,-0.2330364734,0.9391083717,-0.0422066115,0.0923256949
2.5097079277,-0.3702039421,0.7871227860,0.0998900221,-0.0231864319,0.8012878187,0.5894253172,-0.3570618033,0.9335492849,0.7782771587,0.9617825747,-0.3671085238,0.1661446691,0.0832170099,-0.2630701959,-0.5540837049,0.5671215653,-0.4893893600,0.0244816132,-0.0250144470,0.0816403106,0.2743939161,-0.5820520520,1.3863202333,-0.3417197466,0.8137463927,-0.1710145175,-0.0285605565,0.2339208126,-0.6479189396,-0.8096300364,0.4157918394,-0.3349097967,0.9111339450,-0.0983803496,0.0305796452
2.4933326244,-0.3643564582,0.7860209346,0.0888063304,-0.0213539394,0.8188285164,0.5667250706,-0.3807364702,0.9060083628,0.7868419290,0.9338786006,-0.3430402279,0.1417141855,0.0998257995,-0.2788396180,-0.5779557228,0.5233132243,-0.4544099867,0.0570927821,-0.0252042282,0.0861137435,0.2199709117,-0.5812730789,1.4120529890,-0.2797720134,0.9770768881,-0.1832601428,-0.0329353362,0.3428454995,-0.7351304889,-0.8446601629,0.3583126068,-0.4327147901,0.9958088994,-0.1639648825,-0.0921931937
2.4744222164,-0.3609430790,0.7864594460,0.0845342946,-0.0238681099,0.8386045070,0.5376120788,-0.3946793079,0.8799428344,0.8004096150,0.9049473405,-0.2970138490,0.0916373283,0.1264478564,-0.2982089221,-0.5750823021,0.5281301141,-0.4556215107,0.0817706287,-0.0078964364,0.0877990127,0.1728313267,-0.5940108299,1.3965890408,-0.2485567182,0.8953000903,-0.3525649309,-0.0865218043,0.3830445111,-0.8474978805,-0.8456476331,0.3439415097,-0.4803282619,1.0535554886,-0.2404754907,-0.2460200191
2.4544317722,-0.3552921116,0.7836315632,0.0851747643,-0.0241299037,0.8527872225,0.5147008456,-0.4062019289,0.8677703142,0.8141863942,0.9078649879,-0.2783413827,0.0945119634,0.1660681218,-0.3366557956,-0.6020420790,0.5311596394,-0.4733928442,0.0904584080,0.0148360804,0.0839924663,0.1482926011,-0.6093758345,1.3583781719,-0.2253776342,0.7895528078,-0.4207330644,-0.1272063851,0.4480749965,-0.9380673170,-0.8258961439,0.3352498412,-0.4904952347,1.0316047668,-0.2826253474,-0.3123555779
2.4312927723,-0.3542756140,0.7796257138,0.0928028276,-0.0210974490,0.8675272835,0.4881996981,-0.4651603699,0.8842406869,0.7780963778,0.9739907980,-0.2205051929,0.0524161197,0.1983917952,-0.3970872760,-0.5847273469,0.5651432872,-0.5103319287,0.1033143923,0.0645693839,0.0705001503,0.1325270236,-0.6634435654,1.2233550549,-0.1552670449,0.4378539026,-0.4536305070,-0.2141344100,0.6499567032,-1.0361047983,-0.6728174686,0.3183038831,-0.4895584881,1.1468676329,-0.3404826224,-0.4039630890
2.4070839882,-0.3537222445,0.7711253762,0.1092572286,-0.0145548982,0.8842156523,0.4538873133,-0.4961341023,0.8488439322,0.7399404645,1.0485359430,-0.2126941830,0.0370698124,0.2401438653,-0.4523867071,-0.5091909766,0.6139150858,-0.5641294122,0.1104409099,0.1029516459,0.0403032750,0.1374378502,-0.7151954174,1.0884023905,-0.1080711484,0.0942465290,-0.5301001668,-0.2837212980,0.6781138778,-1.1110063791,-0.5604647994,0.3246837854,-0.4294687510,1.2280656099,-0.3797792494,-0.3227292597
2.3807282448,-0.3544840515,0.7614310384,0.1178309102,-0.0103887152,0.9001557264,0.4191987828,-0.5226772428,0.8279064894,0.6652393937,1.0529402494,-0.2279944420,0.0020467227,0.2818401158,-0.5464023352,-0.5198462605,0.6844559312,-0.5924181938,0.1290720850,0.1434608996,0.0313846804,0.1284782887,-0.7488606572,0.9877114892,-0.0235352218,-0.1693815142,-0.4039314389,-0.3714886010,0.7112741470,-1.1195055246,-0.5024801493,0.2576833069,-0.4157503843,1.2883720398,-0.4863491654,-0.2907364368
2.3535573483,-0.3560315371,0.7512113452,0.1285704081,-0.0010760251,0.9124594361,0.3884408189,-0.5988746881,0.7402507663,0.5025160313,1.1023200750,-0.3237089515,-0.0050203707,0.3483414054,-0.6366856694,-0.5130104423,0.7488997579,-0.6091542840,0.1431325823,0.2135260999,0.0282966532,0.1169706583,-0.7424645424,0.9844484329,0.0400081314,-0.2670150697,-0.3065152764,-0.4274663627,0.7691988945,-1.0904846191,-0.5352334380,0.2148183137,-0.4377522767,1.2874387503,-0.5381965041,-0.2675838470
2.3304765224,-0.3555885255,0.7432395220,0.1313135635,-0.0001382736,0.9239455538,0.3592789203,-0.6494045854,0.6918789148,0.4022647440,1.1789628267,-0.4185716212,-0.0064739627,0.3951468766,-0.6919908524,-0.5007436275,0.8095131516,-0.5937077403,0.1599785388,0.2521260381,0.0449456759,0.1064128056,-0.7435714602,0.9894722104,0.0821355730,-0.3221202195,-0.2514644563,-0.4408434331,0.7927797437,-1.0373508930,-0.5819075108,0.1553301960,-0.4515969455,1.2741477489,-0.5647020340,-0.2590028644
2.3114035130,-0.3502041698,0.7411726117,0.1261398197,-0.0116013158,0.9389222272,0.3199675086,-0.6754627824,0.6945390105,0.3557212651,1.2322639227,-0.5320620537,0.0326766819,0.3964920342,-0.7590897679,-0.5758249164,0.8657638431,-0.4967205822,0.2045616508,0.2674645483,0.0688757226,0.1229498833,-0.6774656773,1.0143463612,0.1688992083,-0.2550565302,-0.2687107921,-0.4473975301,0.8112551570,-0.9137629271,-0.7076158524,-0.0367362052,-0.4565013349,1.1498638391,-0.6215811968,-0.3261813521
2.2883710861,-0.3441097438,0.7468198538,0.1249756669,-0.0170143620,0.9500379601,0.2855161440,-0.6639825702,0.6470762491,0.3394905925,1.2787164450,-0.5872031450,0.0540339127,0.3946675956,-0.7810934186,-0.5491242409,0.9451433420,-0.4218183160,0.2061470896,0.2813874781,0.0832593665,0.1346869171,-0.6449781656,1.0338616371,0.2066918612,-0.2002332956,-0.2776399851,-0.4339732230,0.8149880767,-0.7820621729,-0.7786173820,-0.1334120333,-0.4716128409,1.1061449051,-0.6011057496,-0.3567917645
2.2645711899,-0.3406456709,0.7535145879,0.1285479043,-0.0304303089,0.9620916052,0.2385983568,-0.6305246353,0.5961290598,0.3305661976,1.3164104223,-0.6741994023,0.0913952366,0.3528960049,-0.8088777065,-0.5208348036,1.0953857899,-0.3490397632,0.2006809562,0.2583480477,0.1100225970,0.1660238951,-0.6302316785,1.0077252388,0.2149802297,-0.1066349000,-0.3795531392,-0.4083273411,0.7811392546,-0.6075361371,-0.8292902708,-0.2291086018,-0.4578454792,1.1424721479,-0.5432723165,-0.3320917487
2.2404065132,-0.3360867798,0.7625425458,0.1364575631,-0.0410026165,0.9698798106,0.1975633362,-0.5781776905,0.5425470471,0.3235217631,1.3256354332,-0.7406319380,0.1223158464,0.3046629429,-0.8156761527,-0.4723155200,1.2638038397,-0.2777986825,0.1887816042,0.2358058840,0.1320126951,0.2116893977,-0.6210666895,0.9536012411,0.1715771705,0.0334419310,-0.4970444739,-0.3702209890,0.7334355116,-0.4441006184,-0.8477575779,-0.2678830326,-0.4110981226,1.2231402397,-0.4632806480,-0.2426480949
2.2239720821,-0.3322028518,0.7722241879,0.1392182669,-0.0471139984,0.9749254911,0.1670892938,-0.5347501040,0.5040654540,0.3191524446,1.3146618605,-0.7481927872,0.1230489686,0.2070542574,-0.8112689853,-0.4328826368,1.4021645784,-0.2582417130,0.1718071103,0.2060243487,0.1404715478,0.2474036217,-0.5961142778,0.9330698252,0.1180359498,0.1694474071,-0.5696943998,-0.3101921380,0.6598149538,-0.2717443705,-0.8844334483,-0.2907301784,-0.3661122024,1.2494121790,-0.3630511761,-0.1380144358
2.2113661766,-0.3310869634,0.7867448926,0.1401246015,-0.0586138617,0.9762475308,0.1545000643,-0.4841296077,0.4970085919,0.3288651109,1.2584263086,-0.7084861398,0.1178082228,0.1602351069,-0.8064069748,-0.4803548157,1.5040937662,-0.2656913996,0.1567438096,0.1638836712,0.1551869363,0.3022097945,-0.5258669257,0.8956474066,0.0512822568,0.3786737919,-0.5354099274,-0.1306916028,0.5148273706,0.0377924927,-0.9859133959,-0.2644182742,-0.3348851204,1.0429172516,-0.1109833419,-0.0137871271
2.2146480083,-0.3217642307,0.7991995215,0.1455655860,-0.0664230593,0.9755253310,0.1508276033,-0.4418823123,0.5001319647,0.3376527429,1.1949226856,-0.6508228183,0.0943657905,0.0876023024,-0.7820783854,-0.4935211837,1.4522899389,-0.2971270382,0.1358170211,0.1008769572,0.1712967157,0.3318842053,-0.4746990800,0.8514776826,-0.0586070716,0.5931925774,-0.4348381162,0.0068565905,0.3189783692,0.1947783381,-1.0344729424,-0.2175799757,-0.3394507766,0.8801455498,0.0290270019,0.1517226398
2.2182106972,-0.3111678660,0.8066733479,0.1493847650,-0.0716674096,0.9744626761,0.1515601110,-0.4022527039,0.5270475149,0.3702281117,1.1231684685,-0.5993615985,0.0769386068,0.0470617674,-0.7270118594,-0.5141043663,1.3338716030,-0.2976234555,0.1299319118,0.0753257871,0.1782062799,0.3441090584,-0.4264773726,0.7816758752,-0.1361024678,0.6729328036,-0.3785551488,0.0430250056,0.2466884851,0.2315391898,-1.0330922604,-0.1698052436,-0.3121574819,0.7644290328,0.0664681420,0.1832391918
2.2283334732,-0.2964350283,0.8154214621,0.1531569380,-0.0774491290,0.9733779546,0.1519208420,-0.3611250818,0.5527615547,0.4115090072,1.0158751011,-0.5144819617,0.0537401699,0.0064507336,-0.6437714100,-0.5057982206,1.1281374693,-0.2758162916,0.1330976784,0.0256998241,0.1921133846,0.3543431759,-0.3799274564,0.6770745516,-0.2744151354,0.8461897969,-0.2793634534,0.0984865278,0.0302814785,0.2020389140,-1.0441023111,-0.0520711131,-0.2353122979,0.5367828012,0.1019543111,0.3133662343
2.2314939499,-0.2821124196,0.8169388771,0.1548112772,-0.0815318893,0.9723728250,0.1545221947,-0.3177317381,0.5511995554,0.4283476472,0.8829517961,-0.4319274724,0.0161476657,-0.0022262654,-0.5291914940,-0.4643314779,0.8804264665,-0.1772554666,0.1582493186,-0.0211185515,0.1990958899,0.3528931439,-0.3024872243,0.5449929237,-0.4166394472,1.0191235542,-0.2245099545,0.0935284644,-0.0737344101,0.0871185660,-0.9989296198,0.1505277902,-0.0751620457,0.4415301085,0.1035078168,0.3855969608
2.2369093895,-0.2656882107,0.8099004626,0.1566171751,-0.0851167268,0.9706531492,0.1614269718,-0.2381218970,0.5598105192,0.4963710606,0.7242418528,-0.3571545482,0.0023477229,0.0012998639,-0.4059816897,-0.3990803957,0.6672968268,-0.1032607928,0.1664157063,-0.1016559079,0.1794897765,0.3630102873,-0.1982333213,0.4566326439,-0.5196421742,1.0991073847,-0.1271833032,0.0537053458,-0.1622350812,-0.1166906506,-0.8996510506,0.4126766026,0.1212565079,0.2552719116,0.0662933290,0.4019798636
2.2368640900,-0.2543847859,0.8020218015,0.1600978033,-0.0885121724,0.9690428707,0.1658016994,-0.1832292825,0.5772551298,0.5316612720,0.6405484676,-0.3344492316,-0.0005796707,-0.0078996597,-0.3136787713,-0.3313703537,0.5466008186,-0.1243128255,0.1720435470,-0.1637803018,0.1673727185,0.3793457747,-0.1404299736,0.4051366150,-0.6462719440,1.1080982685,-0.0500622056,0.0130513357,-0.2205294371,-0.2463503182,-0.7833692431,0.6007736921,0.3046090901,0.1563272625,0.0426492915,0.4112713933
2.2343595028,-0.2432378083,0.7923228145,0.1632582505,-0.0884397455,0.9670724631,0.1740574794,-0.1609754562,0.5948349833,0.5328997374,0.6444126964,-0.3648696244,-0.0002518308,-0.0236859061,-0.2624714375,-0.2927117944,0.5450897813,-0.2083469033,0.1699348390,-0.1914204508,0.1526360214,0.3899294436,-0.1222690940,0.3507703841,-0.7312519550,1.1264146566,-0.0068842177,0.0012665867,-0.2241562605,-0.3095488548,-0.6992351413,0.7203715444,0.4022383392,0.0916565955,0.0315802097,0.3896149993
2.2309534550,-0.2333296239,0.7816884518,0.1659696740,-0.0856777526,0.9658842929,0.1793904201,-0.1539633572,0.6087231636,0.5276656747,0.6915368438,-0.4075913429,0.0133917909,-0.0338726304,-0.2446961850,-0.2639014721,0.5743834376,-0.2846453786,0.1563864946,-0.2112534195,0.1419482976,0.3912785947,-0.1113103256,0.3142019808,-0.7591766119,1.1405305862,-0.0084216502,0.0003486423,-0.2135099322,-0.3460282981,-0.6421586275,0.7767679095,0.4631817341,0.0476459302,0.0244780760,0.3764665425
2.2239491940,-0.2240790427,0.7733513713,0.1680413159,-0.0810160549,0.9653997263,0.1822138399,-0.1525364518,0.6171630025,0.5177952647,0.7539889216,-0.4563895464,0.0294297468,-0.0472397469,-0.2454497367,-0.2482751906,0.6347737312,-0.3693496883,0.1370059550,-0.2194860727,0.1347571462,0.3923307061,-0.1088468507,0.2791133821,-0.7662814260,1.1581758261,-0.0269735977,0.0060149124,-0.1930225939,-0.3789359331,-0.5899834633,0.8148384094,0.5150629878,0.0136213023,0.0200578868,0.3537339270
2.2194025517,-0.2136855125,0.7632412910,0.1697579075,-0.0747252277,0.9662536065,0.1787522338,-0.1519829780,0.6234825253,0.4985467196,0.8179033399,-0.4963519871,0.0326403640,-0.0647567883,-0.2603774667,-0.2501682937,0.7237215042,-0.4885249734,0.1089874655,-0.2125318050,0.1262073219,0.3984405696,-0.1253194660,0.2368233949,-0.7549234033,1.1912604570,0.0051121581,0.0218337048,-0.1617273092,-0.4244568050,-0.5453355312,0.8575518131,0.5365621448,-0.1081846207,0.0096337972,0.3224959373
2.2165505886,-0.2066865414,0.7599838376,0.1715040070,-0.0652582352,0.9670916862,0.1762424719,-0.1611804962,0.6118814945,0.4630040228,0.8831746578,-0.5325765014,0.0291029345,-0.0885052606,-0.2768372297,-0.2364248186,0.7688129544,-0.5242125988,0.0897493809,-0.2077785879,0.1225064173,0.4013610780,-0.1388690174,0.2306682467,-0.7450839877,1.2040759325,0.0108411023,0.0274451245,-0.1572987884,-0.4509004951,-0.5195540786,0.8866506815,0.5269842744,-0.1298904270,0.0038179134,0.3104324937
2.2194693089,-0.1986587197,0.7607843280,0.1701043506,-0.0559243398,0.9696769484,0.1663237622,-0.1669435948,0.5980578065,0.4321022332,0.9145043492,-0.5286658406,0.0139989648,-0.1022750586,-0.2828375995,-0.2417192906,0.7839831114,-0.5398913026,0.0779115036,-0.2029352933,0.1242034584,0.4027518034,-0.1597963721,0.2380807102,-0.7325527072,1.1910092831,-0.0079203025,0.0284147318,-0.1820759475,-0.4768209457,-0.4863766730,0.8912334442,0.5264237523,-0.0747317895,0.0144919958,0.2971513569
2.2260479927,-0.1939895600,0.7685094476,0.1652868977,-0.0440429223,0.9733216111,0.1529231957,-0.1597929299,0.5714208484,0.4131552875,0.9023488164,-0.4997231662,-0.0089192661,-0.1025108099,-0.2931917310,-0.2549229860,0.7517828345,-0.5137823820,0.0829362199,-0.1879238039,0.1230069920,0.4000576437,-0.1878719032,0.2893750370,-0.7189331651,1.1097143888,-0.0283469129,0.0133235054,-0.2144389898,-0.5105175376,-0.4668998420,0.8866599798,0.4948424399,0.0255767349,0.0211958904,0.3087817430
2.2356991768,-0.1914426684,0.7767419219,0.1566945926,-0.0318921770,0.9771441916,0.1400675639,-0.1689861119,0.5487059355,0.4057340622,0.9328312278,-0.4778802991,-0.0228739381,-0.1109799072,-0.3085440695,-0.2771285474,0.7177402377,-0.4679541588,0.0805040002,-0.1629979163,0.1081792936,0.3910471797,-0.2124938220,0.3414255977,-0.6875102520,0.9956581593,-0.1180617213,0.0215017647,-0.2535902560,-0.5332613587,-0.4678129852,0.8710768819,0.4286687970,0.1165175810,0.0394584499,0.3222413361
2.2462878227,-0.1894024909,0.7862952352,0.1416731452,-0.0130693584,0.9830950325,0.1152478585,-0.1830119193,0.5186998248,0.3880505264,0.9512389302,-0.4475755394,-0.0436892137,-0.1418486834,-0.3462315500,-0.3083986640,0.6776605248,-0.3943476379,0.0868980214,-0.1302374154,0.0880738869,0.3624623716,-0.2353037000,0.4406776428,-0.6097829342,0.7370851636,-0.2719317973,0.0107143279,-0.3025477231,-0.5481407046,-0.4929651022,0.8066320419,0.2497541159,0.3169611990,0.0464727767,0.3410681784
2.2590978146,-0.1901450008,0.7928970456,0.1261832735,0.0029567255,0.9880581664,0.0883747652,-0.1989146024,0.4900519252,0.3487827480,0.9721515179,-0.4192270935,-0.0730499402,-0.1632077545,-0.3845779598,-0.3422156274,0.6290434599,-0.3315684795,0.1000219584,-0.1106105000,0.0670091733,0.3123253584,-0.2531501055,0.5338308811,-0.5209127069,0.4598413110,-0.4456461668,-0.0373151824,-0.2705716193,-0.5540055037,-0.5192538500,0.7113329172,0.0439850949,0.4862679839,0.0188559461,0.3516941965
2.2722346783,-0.1923257858,0.7994654775,0.1156677501,0.0143185348,0.9916732669,0.0547730127,-0.2011826038,0.4774240851,0.3126714826,0.9865832925,-0.3742022514,-0.1073943973,-0.1834857464,-0.4160958230,-0.3681165278,0.5842725039,-0.2636905313,0.1123199686,-0.1033353880,0.0408952013,0.2661709189,-0.2984781265,0.6011309028,-0.4276479185,0.2049296349,-0.6182788610,-0.0997766629,-0.2595732510,-0.5613655448,-0.5302477479,0.5941485167,-0.1686205417,0.6234097481,-0.0335709117,0.3471024930
2.2853236198,-0.1951404512,0.8024827242,0.1080049072,0.0215522893,0.9936086112,0.0247460422,-0.1805582047,0.4854484499,0.2961772978,0.9726153612,-0.3200182021,-0.1269253641,-0.1892642379,-0.4374663830,-0.4044755995,0.5304195285,-0.1723290235,0.1328277439,-0.0929426178,0.0107287262,0.2286937833,-0.3561827242,0.5993619561,-0.3150688708,-0.0117950244,-0.7448219061,-0.1681859046,-0.2222512811,-0.5532332659,-0.5099647045,0.4815080464,-0.3286408484,0.7279843092,-0.0767887235,0.3258902729
2.2938501835,-0.1984535009,0.8051342368,0.1024375316,0.0252350974,0.9944091259,0.0044980426,-0.1412745863,0.4938049018,0.3030429780,0.9386090636,-0.2964191139,-0.1325903982,-0.1779970676,-0.4600001574,-0.4646281898,0.4841671288,-0.1113476902,0.1377380490,-0.0833503306,-0.0087841153,0.2087225020,-0.3999161422,0.5792980790,-0.2374420017,-0.1275583208,-0.7917116284,-0.2128228694,-0.2051648796,-0.5486237407,-0.4832652509,0.3943615556,-0.4058965743,0.7758400440,-0.1080875322,0.3055633903
2.3027713299,-0.2058513761,0.8055855036,0.0996381199,0.0287180731,0.9944504554,-0.0177710206,-0.0923154205,0.5071725845,0.3097749650,0.8939721584,-0.2446108311,-0.1468062699,-0.1628721356,-0.4845139980,-0.5361798406,0.4470351338,-0.0537254475,0.1426195651,-0.0686416626,-0.0325658433,0.1864947230,-0.4472117424,0.4954163730,-0.1336055845,-0.2399730682,-0.9099992514,-0.2959208786,-0.1502443999,-0.5330388546,-0.4220537245,0.2878711224,-0.4959383607,0.8754086494,-0.1828439385,0.2475390583
2.3080348969,-0.2111696452,0.8050885797,0.0977473679,0.0319505809,0.9942480048,-0.0299251984,-0.0435576625,0.5109827518,0.3212479651,0.8384441137,-0.1968557388,-0.1635010093,-0.1506177783,-0.5024764538,-0.5981078148,0.4284693897,-0.0244191084,0.1428180784,-0.0464330018,-0.0517274924,0.1649993360,-0.4918742478,0.4028123617,-0.0441108011,-0.3328475356,-0.9947804213,-0.3513925970,-0.1162326410,-0.5295691490,-0.3589839339,0.1897358149,-0.5434953570,0.9278394580,-0.2506721318,0.1525459886
2.3126785755,-0.2176816016,0.8040912747,0.0986649862,0.0331316672,0.9935992571,-0.0439093309,0.0087999338,0.4985834360,0.3133939803,0.7944175005,-0.1736244857,-0.1813974082,-0.1359971613,-0.5213338733,-0.6526538730,0.4199442863,0.0021205712,0.1422428042,-0.0253364984,-0.0619692765,0.1517376602,-0.5356339812,0.3137958050,0.0241267458,-0.3752499223,-1.0514551401,-0.4118994772,-0.0353504345,-0.5343681574,-0.2956199050,0.1062019020,-0.5625856519,0.9804050922,-0.3377318978,0.0001173132
2.3201954365,-0.2264175862,0.7994157672,0.0990212009,0.0338187916,0.9932019419,-0.0509999379,0.0445969775,0.4823316932,0.3151524067,0.7565910220,-0.1639185250,-0.1863141358,-0.1367015392,-0.5301033854,-0.6779565215,0.4175241590,0.0253478736,0.1419540942,-0.0033911245,-0.0712166429,0.1483776867,-0.5658872724,0.2438708097,0.0760263279,-0.4053533971,-1.0670578480,-0.4561689198,0.0508232564,-0.5444527268,-0.2523266375,0.0453576632,-0.5574538112,0.9753744602,-0.3871027827,-0.1330800951
2.3273630142,-0.2359578609,0.7942836285,0.1000988702,0.0328460781,0.9928068474,-0.0568851044,0.0704512820,0.4698592722,0.3232098222,0.7257218361,-0.1745774448,-0.1756373346,-0.1489914656,-0.5471661687,-0.7095835805,0.4379045367,0.0308351871,0.1282120347,0.0149056045,-0.0750249624,0.1538237035,-0.5887663364,0.2006178349,0.1072062254,-0.4170988202,-1.0628979206,-0.4797312617,0.1268995553,-0.5575278997,-0.2233494073,0.0027847947,-0.5414842963,0.9557489157,-0.4160704613,-0.2341411114
2.3381409645,-0.2456736565,0.7865882516,0.1044511403,0.0288239190,0.9921093991,-0.0630720320,0.0734194368,0.4626198411,0.3299075961,0.7167527676,-0.2091569006,-0.1609724760,-0.1639764160,-0.5607429743,-0.7432909012,0.4582999051,0.0070975283,0.1103189066,0.0267583616,-0.0697864667,0.1646015197,-0.5984761119,0.1719461977,0.1161178425,-0.4111887813,-1.0749757290,-0.4991398454,0.1824381948,-0.5606405735,-0.1994334310,-0.0197424442,-0.5145568848,0.9491001964,-0.4354782701,-0.2946615219
2.3498890400,-0.2546822131,0.7773571610,0.1087714790,0.0248788852,0.9916422217,-0.0647727614,0.0517342538,0.4669009745,0.3258521557,0.7388244271,-0.2677125037,-0.1468035281,-0.1966902912,-0.5652372837,-0.7353675365,0.4868150949,-0.0113202343,0.1077526584,0.0353681855,-0.0662532449,0.1904566884,-0.6055543423,0.1591086537,0.1155119017,-0.4068222642,-1.0818696022,-0.5088325739,0.2164194882,-0.5761939883,-0.1947999895,-0.0353626832,-0.4785289168,0.9399737120,-0.4453442395,-0.3376732171
2.3642952442,-0.2667782903,0.7666172385,0.1154368429,0.0166816560,0.9910344934,-0.0651666364,0.0220933408,0.4773703516,0.3155679405,0.7734259367,-0.3420294225,-0.1307005733,-0.2241015732,-0.5599032640,-0.7291615605,0.5040557981,-0.0423768088,0.1081033051,0.0399696156,-0.0566182919,0.2217085212,-0.5946994424,0.1544965208,0.1029955521,-0.3839974701,-1.1086156368,-0.5142152309,0.2468272299,-0.5803616643,-0.1981932521,-0.0368241593,-0.4324979186,0.9517473578,-0.4474943578,-0.3632172346
2.3807468414,-0.2766788006,0.7552239895,0.1240329977,0.0093330546,0.9902662124,-0.0624622932,-0.0452838391,0.4928019941,0.2956444919,0.8505992293,-0.4049353898,-0.1189357266,-0.2576411366,-0.5612573624,-0.7170065045,0.5392820835,-0.0893450603,0.0998698324,0.0421738178,-0.0447531193,0.2637393475,-0.5910011530,0.1663112193,0.0805777311,-0.3453524709,-1.1542605162,-0.5067727566,0.2619285285,-0.5922877789,-0.2129071206,-0.0320629627,-0.3874987960,0.9957500100,-0.4485837817,-0.3766701818
2.3995714188,-0.2893499434,0.7451235652,0.1328579671,0.0005455190,0.9897179877,-0.0529789380,-0.1192430928,0.5112103224,0.2746370733,0.9381817579,-0.4672775269,-0.1054687649,-0.2942344248,-0.5542474985,-0.6864675283,0.5794185996,-0.1247942522,0.0967412740,0.0409623012,-0.0310149472,0.3083283007,-0.5840941072,0.1960003078,0.0492443666,-0.2945960462,-1.1793389320,-0.4878043532,0.2770755589,-0.6010583639,-0.2405173630,-0.0144425668,-0.3504881859,1.0605398417,-0.4345737398,-0.3613626659
2.4191181660,-0.3019092679,0.7359480858,0.1446732548,-0.0082593363,0.9885532037,-0.0419999538,-0.1744861603,0.5163853765,0.2513432205,1.0054619312,-0.5199241042,-0.0944943428,-0.3338902593,-0.5477522016,-0.6426299214,0.6196105480,-0.1460948139,0.0960878208,0.0349920988,-0.0210213941,0.3506330252,-0.5807937980,0.2279782146,0.0207384825,-0.2352555096,-1.2011896372,-0.4780982435,0.2722796798,-0.5997734666,-0.2779054642,0.0028353052,-0.3162586391,1.1128944159,-0.4171898961,-0.3127018213
2.4397151470,-0.3176435530,0.7310094237,0.1574560226,-0.0179153901,0.9870564757,-0.0246201861,-0.2118570954,0.5203979611,0.2367284596,1.0435858965,-0.5479428768,-0.0780698955,-0.3662593067,-0.5373101830,-0.5972003937,0.6499366164,-0.1267674714,0.1095155030,0.0226708576,-0.0115420818,0.3825417161,-0.5781184435,0.2684644163,0.0056826933,-0.1967027783,-1.1958913803,-0.4668790996,0.2342240959,-0.5922140479,-0.3314118981,0.0048153596,-0.2910405397,1.1166386604,-0.3887893856,-0.2358798832
2.4569838047,-0.3268650770,0.7284970284,0.1659859005,-0.0243611694,0.9857614831,-0.0113803681,-0.2405582964,0.5256368518,0.2313513756,1.0639431477,-0.5565930605,-0.0663327202,-0.3761862218,-0.5300988555,-0.5664313436,0.6727528572,-0.1228735894,0.1174816638,0.0134368269,-0.0041291858,0.4007822573,-0.5936921239,0.2948956490,0.0022371961,-0.1712363511,-1.1954436302,-0.4649119377,0.2233754843,-0.5849773288,-0.3672763407,0.0019619176,-0.2704945803,1.1227284670,-0.3751189411,-0.2014825791
2.4765989780,-0.3371534944,0.7254183292,0.1745966111,-0.0329956605,0.9840707971,0.0056547342,-0.2757115662,0.5256524086,0.2169709206,1.0821372271,-0.5661892891,-0.0505309179,-0.3696378171,-0.5138532519,-0.5361484885,0.6762145758,-0.0957910940,0.1241615340,-0.0029281017,0.0059334082,0.4128347635,-0.6078965664,0.3258839548,0.0043981811,-0.1584079713,-1.1854044199,-0.4763291776,0.2120220363,-0.5699473023,-0.4088446796,-0.0205253083,-0.2567595541,1.0950447321,-0.3741869032,-0.1621753573
2.4959475994,-0.3465297818,0.7271376848,0.1792641606,-0.0417143038,0.9826698444,0.0220057856,-0.2971730828,0.5262915492,0.2083175480,1.0707809925,-0.5456821322,-0.0443827398,-0.3541959226,-0.4916861355,-0.5076382756,0.6864542961,-0.0696567371,0.1302751452,-0.0171866063,0.0198597331,0.4174548984,-0.6277029514,0.3487096727,0.0181888063,-0.1415539086,-1.1669458151,-0.4943595827,0.2427658886,-0.5477578640,-0.4288063049,-0.0464310981,-0.2413206398,1.0867843628,-0.3864549398,-0.1686351746
2.5159382820,-0.3529034555,0.7291212678,0.1810554424,-0.0490870888,0.9813572813,0.0418003688,-0.3166672587,0.5310380459,0.2115048915,1.0435222387,-0.5087223053,-0.0425743610,-0.3366875947,-0.4623312950,-0.4712866843,0.7019672990,-0.0457726307,0.1349098980,-0.0296618920,0.0321078971,0.4153001904,-0.6447985768,0.3606008291,0.0467028320,-0.1356071532,-1.1603351831,-0.5219404101,0.2862504125,-0.5145191550,-0.4190324545,-0.0789449736,-0.2414712459,1.1154700518,-0.4140959978,-0.2037630826
2.5355186462,-0.3587689400,0.7328519821,0.1816429612,-0.0560093214,0.9796297971,0.0647630382,-0.3398353457,0.5357164145,0.2035474032,1.0082594156,-0.4552392066,-0.0529516339,-0.3225530088,-0.4250106812,-0.4302315712,0.7202737331,-0.0114100212,0.1414581686,-0.0454177819,0.0417274348,0.4130026996,-0.6534318328,0.3755494356,0.0759499669,-0.1266366541,-1.1397660971,-0.5435460210,0.3445511460,-0.4680582881,-0.4061266184,-0.1052563116,-0.2477295101,1.1447875500,-0.4354037344,-0.2325205952
2.5539078712,-0.3623121977,0.7354773283,0.1805309779,-0.0591987997,0.9778774852,0.0875196669,-0.3338821232,0.5372337699,0.2294339985,0.9380792379,-0.4056393802,-0.0569218174,-0.2998701930,-0.3974754512,-0.4011800587,0.7285661697,0.0050981441,0.1516606063,-0.0575104803,0.0468084253,0.4122494459,-0.6528801918,0.3828215599,0.0970742702,-0.1077160835,-1.1283355951,-0.5558035970,0.4078601003,-0.4302713275,-0.3857759237,-0.1175910160,-0.2372266650,1.1600931883,-0.4522454143,-0.2770989537
2.5669279099,-0.3645554781,0.7401736379,0.1795493635,-0.0612014374,0.9761382191,0.1056909992,-0.3170852363,0.5377341509,0.2602560520,0.8664422631,-0.3595243692,-0.0537058190,-0.2799586058,-0.3800917268,-0.3889343143,0.7437095046,0.0020759290,0.1518172622,-0.0660121068,0.0501280427,0.4113014936,-0.6538140774,0.3880038857,0.1076902673,-0.0884057358,-1.1252582073,-0.5601862073,0.4449089468,-0.4106323719,-0.3669842482,-0.1194369495,-0.2264763862,1.1592240334,-0.4620730877,-0.3081723750
2.5783596039,-0.3643384576,0.7457732558,0.1785415228,-0.0615078572,0.9739137108,0.1258244491,-0.2873331904,0.5397729278,0.3020704687,0.7995893955,-0.3161723912,-0.0532333590,-0.2603095770,-0.3541185260,-0.3655897379,0.7677915692,-0.0212640446,0.1531587094,-0.0751865134,0.0535571873,0.4113569856,-0.6509600282,0.3917947114,0.1129489169,-0.0516214445,-1.1229367256,-0.5578477979,0.4844166338,-0.3998229504,-0.3466370404,-0.1135206744,-0.1941536516,1.1520370245,-0.4657986164,-0.3560816050
2.5830028057,-0.3629143834,0.7506836057,0.1762402773,-0.0609877434,0.9719184471,0.1435074633,-0.2535882890,0.5387502313,0.3448253870,0.7424756289,-0.2879944146,-0.0489250794,-0.2378783375,-0.3252696693,-0.3529779017,0.8053296804,-0.0645660758,0.1495464146,-0.0831721500,0.0565453693,0.4087816179,-0.6471062899,0.3901360631,0.1061047912,0.0082107205,-1.1183723211,-0.5441576242,0.5180729628,-0.3894274235,-0.3239538670,-0.0926034674,-0.1509484351,1.1476650238,-0.4581682980,-0.3973186314
2.5845887661,-0.3582072854,0.7535362244,0.1734477911,-0.0601053957,0.9705470985,0.1560177386,-0.2263947129,0.5359956026,0.3732613623,0.6956647635,-0.2768241167,-0.0414216630,-0.2145386636,-0.3027820885,-0.3494874239,0.8427099586,-0.1092609316,0.1425457150,-0.0968104973,0.0583526529,0.4057846367,-0.6478340030,0.3914010227,0.0860810801,0.0878126547,-1.1083992720,-0.5127804279,0.5453061461,-0.3862299919,-0.3113373518,-0.0664467365,-0.0984429196,1.1269732714,-0.4367097020,-0.4223719835
2.5844981670,-0.3531608284,0.7563269138,0.1704495707,-0.0596767444,0.9696857980,0.1646058419,-0.2127436846,0.5334895253,0.3907301128,0.6791275144,-0.2871712148,-0.0266952701,-0.1862765849,-0.2729243934,-0.3335939646,0.8689370155,-0.1477170289,0.1332833320,-0.1141038612,0.0631852746,0.4042102993,-0.6443816423,0.3945865035,0.0535764173,0.1864062101,-1.0857137442,-0.4664961696,0.5525729060,-0.3872952759,-0.3010923266,-0.0373607948,-0.0435534902,1.1042586565,-0.4074221253,-0.4318462908
2.5824129581,-0.3451569974,0.7543967962,0.1665127321,-0.0579988078,0.9691021699,0.1724837170,-0.2066872567,0.5324053168,0.4025767744,0.6666281819,-0.3050702810,-0.0080893636,-0.1458593607,-0.2418267131,-0.3220265508,0.8760713339,-0.1945431381,0.1201508418,-0.1235714555,0.0693065524,0.4020273089,-0.6355173588,0.3965148628,0.0095946491,0.3152475953,-1.0561212301,-0.4033653140,0.5548211932,-0.3950093091,-0.2932209373,0.0041190144,0.0278740805,1.0699024200,-0.3669666946,-0.4311765730
2.5827426910,-0.3372626603,0.7521279454,0.1636586794,-0.0559478182,0.9682960562,0.1802454600,-0.2143543661,0.5375042558,0.4047726989,0.6623786092,-0.3118163347,-0.0020854366,-0.1148719937,-0.2143359780,-0.2991170287,0.8761118650,-0.2367527634,0.1126475036,-0.1282143742,0.0723725334,0.3969363272,-0.6283781528,0.4011361599,-0.0275554936,0.4430209398,-1.0155354738,-0.3510709107,0.5519024134,-0.4047626555,-0.2861860394,0.0462264866,0.0903589651,1.0404727459,-0.3334997892,-0.4196200073
2.5816249847,-0.3290274441,0.7484892607,0.1606039414,-0.0531970377,0.9670847114,0.1900621217,-0.2130530477,0.5505249500,0.4301224351,0.6615314484,-0.3284634352,0.0073076333,-0.0740272775,-0.1802521646,-0.2793370783,0.8545153141,-0.3052911162,0.0891603753,-0.1343876868,0.0761647969,0.4014723897,-0.6175724268,0.4175178707,-0.0847091377,0.6542894244,-0.9231092334,-0.2528131306,0.5014482141,-0.4160274565,-0.2898850143,0.1086123511,0.2082005888,0.9886975288,-0.2668488622,-0.3930886388
2.5794091225,-0.3185138106,0.7446675897,0.1576780084,-0.0478327983,0.9658232946,0.2000875626,-0.2183067352,0.5616294742,0.4467267394,0.6700673103,-0.3414220512,0.0171627998,-0.0575391501,-0.1623805463,-0.2673503160,0.8492554426,-0.3809920251,0.0608023070,-0.1383048594,0.0729915649,0.4098085761,-0.5889538527,0.4209467769,-0.1412081271,0.8788041472,-0.7991485000,-0.1537418514,0.4474532008,-0.4293449819,-0.2950331569,0.1790861785,0.3663013577,0.9201824665,-0.1835975796,-0.3334065080
2.5761451721,-0.3102506697,0.7398616076,0.1563600865,-0.0425985745,0.9645567337,0.2082479106,-0.2257436663,0.5601606369,0.4336999953,0.7002896667,-0.3673728704,0.0285535734,-0.0602810904,-0.1599352658,-0.2454175055,0.8838857412,-0.4747342467,0.0257227439,-0.1409902424,0.0655627102,0.4219893813,-0.5404977202,0.4084474742,-0.2126859874,1.1162527800,-0.6293998957,-0.0702966675,0.3881281614,-0.4490936399,-0.3067436218,0.2678280771,0.5779899359,0.7837888002,-0.1008429304,-0.2398495674
2.5745882988,-0.3032668531,0.7353603840,0.1571502796,-0.0375599256,0.9642231229,0.2101590135,-0.2445204854,0.5504007339,0.4119569361,0.7633047104,-0.4239264727,0.0398310423,-0.0778943226,-0.1625843942,-0.2235440612,0.9338338971,-0.5583797097,-0.0029454574,-0.1487414986,0.0547616631,0.4365148246,-0.4836418331,0.3810631931,-0.2593491971,1.3155317307,-0.4903723598,-0.0124623803,0.3311213553,-0.4664524198,-0.3236297667,0.3416514099,0.7908022404,0.5929733515,-0.0332614742,-0.1409356743
2.5753216743,-0.2986980081,0.7306842804,0.1656737486,-0.0326842183,0.9645523486,0.2027873707,-0.2555717230,0.5360657573,0.3937890232,0.8489898443,-0.4871780872,0.0519150235,-0.0889172405,-0.1692657620,-0.2203604728,0.9657461047,-0.6095435619,-0.0300312489,-0.1606579572,0.0444164239,0.4711722136,-0.4443158805,0.3335172832,-0.2767192125,1.4644235373,-0.4017817676,0.0227689724,0.2954299450,-0.4752748609,-0.3197144866,0.3975302279,0.9680191875,0.4350402057,0.0003076301,-0.1197253391
2.5773649216,-0.2939567864,0.7278014421,0.1742314083,-0.0287798342,0.9646817352,0.1954591702,-0.2644050717,0.5280468464,0.3868940175,0.9199687839,-0.5232617855,0.0689727142,-0.0929957181,-0.1718006283,-0.2131050825,0.9963951111,-0.6523407102,-0.0457675867,-0.1698293239,0.0371696912,0.5001448393,-0.3946377039,0.2932356298,-0.2803880870,1.5298041105,-0.3682483435,0.0337319262,0.2647310793,-0.4604488611,-0.3124212921,0.4083366096,1.0608091354,0.4068605006,0.0061785560,-0.1137253642
2.5818037987,-0.2900565267,0.7265335321,0.1806344582,-0.0238194136,0.9650643697,0.1882938936,-0.2850129902,0.5149765015,0.3735727370,0.9993129969,-0.5446389318,0.0823042989,-0.0953961313,-0.1759719253,-0.2107690722,1.0110515356,-0.6797649264,-0.0605932027,-0.1748387516,0.0316641480,0.5048319697,-0.3240081072,0.2524475753,-0.2830581069,1.5656580925,-0.3565171957,0.0350006260,0.2347015440,-0.4179895222,-0.3022585511,0.4049001932,1.1233857870,0.4204877019,0.0004780281,-0.1168056875
2.5882647038,-0.2851032317,0.7334988117,0.1854220292,-0.0144763586,0.9669450916,0.1744313502,-0.3170797825,0.4910354912,0.3815469444,1.0769802332,-0.5239065289,0.0725098103,-0.0895050913,-0.1809750199,-0.2163359225,0.9872502089,-0.6787303090,-0.0786921233,-0.1725639701,0.0234759916,0.5092691183,-0.2479290217,0.2069486082,-0.2833230793,1.5867545605,-0.3747245669,0.0295840707,0.1678209007,-0.3541340828,-0.2796451449,0.4020687640,1.1601623297,0.4677306712,-0.0102398833,-0.1403068155
2.5944976807,-0.2799699605,0.7444880605,0.1859494030,-0.0052819127,0.9684111034,0.1660567846,-0.3856277168,0.4728707671,0.3718486428,1.1547501087,-0.5041805506,0.0784106702,-0.0714320838,-0.1874326169,-0.2275486141,0.9446852207,-0.6507652998,-0.0739358515,-0.1683171391,0.0165865086,0.5106912851,-0.1681543142,0.1854483038,-0.2725402117,1.5552806854,-0.3917449117,0.0339790396,0.0920190439,-0.3006737530,-0.2832735479,0.3455919921,1.1592658758,0.5813018680,-0.0126124145,-0.1528799385
2.5958948135,-0.2753008604,0.7599264979,0.1821787624,0.0068130860,0.9698862864,0.1615087362,-0.4705507755,0.4415712357,0.3534422815,1.2018264532,-0.4486556947,0.0802011043,-0.0392262414,-0.1958729029,-0.2474167496,0.8585698009,-0.5793117881,-0.0605074614,-0.1501584500,0.0053125974,0.5099177361,-0.0693047047,0.1813110858,-0.2672900558,1.4906991720,-0.3930942416,0.0429398045,0.0019078718,-0.2410024703,-0.3124678731,0.2834787071,1.1387376785,0.6506692171,-0.0019577565,-0.1248185262
2.5994627476,-0.2697253823,0.7787864208,0.1770647930,0.0193815866,0.9714510533,0.1567011938,-0.5483503938,0.4098921716,0.3333590329,1.1956769228,-0.3748284280,0.0939682946,0.0055013043,-0.1947238296,-0.2634312510,0.7354037762,-0.4414502084,-0.0277203880,-0.1193727478,-0.0057271109,0.5081037879,0.0735211447,0.2107380182,-0.2824630439,1.3466192484,-0.3898032308,0.0587168708,-0.1127679721,-0.1614331603,-0.3729273081,0.2249863148,1.0697400570,0.6641501784,0.0213685576,-0.0748996958
2.6002926826,-0.2673760355,0.7956953645,0.1744671345,0.0287728892,0.9719330838,0.1551754502,-0.5988202691,0.3869863749,0.3253177702,1.1297391653,-0.2706290483,0.0769644454,0.0478749275,-0.1879703104,-0.2571788430,0.6172295809,-0.2807978094,0.0094091436,-0.0943326578,-0.0157691631,0.5073782206,0.2063013315,0.2699525654,-0.3178652525,1.1744284630,-0.3739632964,0.0589232743,-0.1856666803,-0.0763660222,-0.4373150468,0.2116568387,0.9955207705,0.5874512792,0.0511829033,-0.0242259037
2.6038093567,-0.2672078609,0.8117427230,0.1681327494,0.0382482478,0.9730876521,0.1528688048,-0.6603092551,0.3537620008,0.2977724969,0.9814222455,-0.1266812682,0.0570714474,0.0894065425,-0.1784618199,-0.2378835529,0.4606066942,-0.0216636080,0.0593806393,-0.0610136092,-0.0243971664,0.5041855574,0.3971159458,0.4080536067,-0.3564953208,0.8526474237,-0.3877891600,0.0546742938,-0.2599880397,0.0386380889,-0.5532847643,0.1983786374,0.8879411817,0.4272702336,0.0926911607,0.0522875637
2.6064124107,-0.2670364082,0.8270849586,0.1682167536,0.0443296144,0.9724318590,0.1552877608,-0.6872941256,0.3171958029,0.2574135959,0.6832251549,0.0676410422,0.0119682187,0.1238187551,-0.1826613694,-0.2384070456,0.3475487530,0.1478379667,0.1043365672,-0.0423386395,-0.0270727891,0.5025272965,0.5793618560,0.5901911259,-0.3690401018,0.5083177090,-0.4335662425,0.0334431417,-0.2685033381,0.1756032705,-0.6877715588,0.1633045673,0.7489319444,0.2803549767,0.1146548837,0.1523881853
2.6118655205,-0.2679261565,0.8351203203,0.1656285697,0.0485302962,0.9718405741,0.1604303144,-0.7176868916,0.2983115613,0.2155280709,0.4316243529,0.2201816589,-0.0424622931,0.1333203465,-0.1917958707,-0.2411624789,0.2940401733,0.2197399437,0.1360346079,-0.0266872775,-0.0263412613,0.5016684532,0.7386775017,0.7574777603,-0.3269393742,0.2670821249,-0.4869447052,0.0140606714,-0.3074859083,0.3160622716,-0.8274789453,0.0922571197,0.6172115803,0.2259331793,0.1107888594,0.2667409480
2.6182293892,-0.2706708312,0.8340871334,0.1696389207,0.0489455808,0.9713328703,0.1591836102,-0.7461748123,0.3118267357,0.2447494566,0.3123379350,0.2213554084,-0.0555782393,0.1415367723,-0.1892312467,-0.2322211266,0.2896488309,0.2115960717,0.1657755822,-0.0280797351,-0.0219849255,0.5052447319,0.8409385681,0.8790747523,-0.2773916125,0.1405288726,-0.5080326796,-0.0216788221,-0.3301886618,0.4238777459,-0.9341942668,0.0353587568,0.5555095673,0.2230682671,0.0883408040,0.3360564411
2.6223285198,-0.2710798681,0.8266369700,0.1743856372,0.0468583443,0.9707615381,0.1581644119,-0.7697231770,0.3227846324,0.2829559743,0.2495806664,0.2126936167,-0.0492436700,0.1481519341,-0.1778092682,-0.2155532837,0.3008281589,0.1483313292,0.1582693160,-0.0284371581,-0.0130878231,0.5106012225,0.8669613600,0.9556820393,-0.2466679811,0.1036036089,-0.5085807443,-0.0392264090,-0.3490042686,0.4377716780,-0.9891901016,0.0053672399,0.5438328981,0.2181663960,0.0726042166,0.3351708651
2.6255283356,-0.2723985314,0.8180707097,0.1805396488,0.0431409059,0.9702585728,0.1553788897,-0.7838221788,0.3279814124,0.3208652139,0.2123534828,0.1921906322,-0.0301250592,0.1563943923,-0.1665234864,-0.2174710333,0.3197267056,0.0514217727,0.1345490366,-0.0291968901,-0.0039843968,0.5179429054,0.8566101193,0.9998342991,-0.2305904776,0.1112867296,-0.4790081978,-0.0446980298,-0.3455115557,0.4262124598,-1.0210218430,0.0035371876,0.5320150852,0.2144938409,0.0649582967,0.3283295631
2.6298754215,-0.2717590630,0.8103113770,0.1905691815,0.0401897477,0.9690731383,0.1515434716,-0.8090237379,0.3299969733,0.3606709242,0.1930774003,0.1563302726,-0.0079179071,0.1646443605,-0.1501038522,-0.1969138086,0.3661159873,-0.0681731552,0.1031672284,-0.0262497682,0.0046997666,0.5199999809,0.7734453678,1.0202969313,-0.2576775551,0.1875812113,-0.4146922231,-0.0410650894,-0.2949926853,0.3449629545,-1.0247299671,0.0475659594,0.5337901711,0.2244741023,0.0583896525,0.2750743330
2.6347997189,-0.2694281340,0.8020256758,0.2028492420,0.0352922795,0.9672277707,0.1485835782,-0.8319916129,0.3395440578,0.4040357471,0.2410117537,0.0811997950,0.0069358777,0.1749165207,-0.1253941506,-0.1852554232,0.4229183793,-0.1840507835,0.0644182786,-0.0331661254,0.0155245494,0.5199999809,0.6094894409,0.9607743025,-0.3056071401,0.3787528872,-0.3226701617,-0.0300504770,-0.2050542086,0.2001211196,-0.9757652283,0.1227674112,0.5879016519,0.2491652817,0.0367818512,0.1602441669
2.6406497955,-0.2674080133,0.7931191921,0.2162595416,0.0308542218,0.9647216905,0.1469417827,-0.8588879704,0.3688554168,0.4281999469,0.4093900919,0.0149041517,0.0166740678,0.1766433865,-0.1172557622,-0.2039957941,0.4969365001,-0.3040703535,0.0261211637,-0.0578024164,0.0244082473,0.5199999809,0.3602608740,0.8117452264,-0.3565346301,0.7395938039,-0.2339435369,-0.0032138592,-0.1140539497,0.0235440210,-0.8798625469,0.2127499729,0.6455121040,0.2396545410,-0.0066390838,0.0161474496
2.6539731026,-0.2675967216,0.7856590748,0.2310776024,0.0262624237,0.9613581542,0.1473225243,-0.8602703214,0.3865898550,0.4274248183,0.5299715400,-0.0002206933,0.0091766622,0.1777147502,-0.1025334746,-0.1988775432,0.5359162688,-0.3996835351,-0.0088092284,-0.0749207363,0.0433925055,0.5199999809,0.1390371770,0.6097376347,-0.3215662837,1.0654319525,-0.2691596746,0.0087743439,0.0943050236,-0.1175585464,-0.7292286754,0.2428088933,0.7506955862,0.3079952002,-0.0561110228,-0.1680242270
2.6673634052,-0.2709036171,0.7818005681,0.2365306483,0.0264340045,0.9595571820,0.1503479640,-0.8670777678,0.4130831361,0.4346531332,0.7002714276,-0.0111168129,0.0183530226,0.1478943080,-0.1082581803,-0.2165391445,0.5522986650,-0.4141788185,-0.0193497036,-0.0793166831,0.0435049944,0.5199999809,-0.0373025537,0.4854428768,-0.2736620605,1.2520209551,-0.3384608626,0.0073335981,0.2674018443,-0.2149833292,-0.6185202599,0.2807073295,0.8522698283,0.3104809821,-0.0574628115,-0.2540093958
2.6810846329,-0.2740221322,0.7806605697,0.2382883742,0.0262784363,0.9596951664,0.1466740677,-0.8791028261,0.4266397655,0.4358366132,0.8712158799,-0.0442040823,0.0321031287,0.1373856962,-0.1088699400,-0.2259075195,0.5367122889,-0.4042830467,-0.0159813520,-0.0810846910,0.0453188121,0.5199999809,-0.1617352068,0.4073857963,-0.2526562512,1.3004138470,-0.4108776748,-0.0025506425,0.3419305384,-0.2807427943,-0.5368973613,0.3016512394,0.9117596149,0.3486853540,-0.0517009757,-0.2875622511
2.6939110756,-0.2768554688,0.7793052793,0.2369392973,0.0262423140,0.9606721450,0.1424083568,-0.8940828443,0.4408920407,0.4287483692,1.0752675533,-0.0827530995,0.0515691712,0.1276150644,-0.1047827676,-0.2283546031,0.5110798478,-0.3864918947,-0.0107801650,-0.0817077085,0.0475034006,0.5199999809,-0.2682794631,0.3441086709,-0.2539904416,1.3071838617,-0.4641162455,-0.0157147553,0.3871703744,-0.3295325935,-0.4668202996,0.3261933625,0.9592013359,0.3807595074,-0.0434946716,-0.2989731729
2.7037885189,-0.2801862657,0.7799988985,0.2328744556,0.0262043833,0.9632501110,0.1312708720,-0.8899968266,0.3876519501,0.3857849240,1.3417479992,-0.1076272577,0.0389057882,0.1211019084,-0.1020840704,-0.2439041734,0.4671745896,-0.3619897068,-0.0057842364,-0.0665702447,0.0541853048,0.5199999213,-0.4038332999,0.2360316664,-0.2723291814,1.2639553547,-0.5436338186,-0.0703887567,0.3925096989,-0.3682789505,-0.3683170676,0.3896898925,1.0247018337,0.3711121082,-0.0290406737,-0.2613990307
2.7061567307,-0.2788486481,0.7833839655,0.2224082944,0.0251912698,0.9663572897,0.1267025618,-0.8511914611,0.3571234643,0.3783392906,1.4626721144,-0.1702243388,0.0548430346,0.1208072156,-0.0868764222,-0.2341704220,0.4164222479,-0.3303835690,0.0050603226,-0.0563191511,0.0634825304,0.5199999809,-0.4783025980,0.1828204840,-0.3347618282,1.2098947763,-0.5518910289,-0.0868298337,0.3490549624,-0.4051187038,-0.3073582053,0.4583170116,1.0528628826,0.3377994895,-0.0113055659,-0.2190417945
2.7028257847,-0.2810930014,0.7870651484,0.2126474217,0.0237199960,0.9691781930,0.1221149704,-0.7950699925,0.3006988466,0.3656804562,1.4960631132,-0.1947607398,0.0497207679,0.1321319789,-0.0771799907,-0.2363201827,0.3678393066,-0.3038146794,0.0114934696,-0.0315956324,0.0779226497,0.5199999809,-0.5329890847,0.1401609182,-0.3755744994,1.1420421600,-0.5476870537,-0.1129278913,0.3218781948,-0.4349131286,-0.2558946013,0.5242816210,1.0467261076,0.2900521457,-0.0052794390,-0.1499741971
2.6962804794,-0.2805350423,0.7902970910,0.2034832547,0.0225242415,0.9704736518,0.1275465197,-0.7371641994,0.2705861032,0.3741473258,1.4634311199,-0.2037788928,0.0512016937,0.1330406368,-0.0650705248,-0.2109150589,0.3413417041,-0.2847214341,0.0148470374,-0.0139845982,0.0900381729,0.5199999809,-0.5643811226,0.1170375124,-0.4181583226,1.0650916100,-0.5308588743,-0.1222472042,0.2912421227,-0.4654994607,-0.2132964432,0.5776494145,1.0176899433,0.2687588930,-0.0024202794,-0.1121932790
2.6884341240,-0.2803485990,0.7937953472,0.1975050273,0.0203668941,0.9715071931,0.1294246020,-0.6884209514,0.2457179427,0.3751040399,1.3818322420,-0.2035035044,0.0414774083,0.1432899684,-0.0560467616,-0.2039396912,0.3186790943,-0.2657295763,0.0262288190,-0.0013399541,0.0982886106,0.5199999809,-0.5778061152,0.1120166928,-0.4469936490,0.9818917513,-0.5318506956,-0.1219240576,0.2638846636,-0.4882236421,-0.1894501150,0.6150858402,0.9971230626,0.2627577186,0.0038083778,-0.0890271142
2.6764247417,-0.2792344987,0.7960095406,0.1891614648,0.0163233560,0.9729876529,0.1313259901,-0.6036424041,0.2164206952,0.3776111007,1.1911664009,-0.1729157418,0.0338766687,0.1545781493,-0.0362358168,-0.1746309847,0.3013646007,-0.2512135804,0.0328495987,0.0094350548,0.1090557426,0.5117355585,-0.5636897683,0.1271649748,-0.4809583426,0.8550665975,-0.5614584684,-0.1263525784,0.1843337864,-0.5037758350,-0.1638080031,0.6432549953,0.9567642212,0.2871033251,0.0032678056,-0.0575045273
2.6634945869,-0.2781322002,0.7967009544,0.1799744055,0.0107107348,0.9743513384,0.1346624035,-0.5069277287,0.1957016140,0.3871919811,0.9445875883,-0.1444887668,0.0124325650,0.1710049510,-0.0160927344,-0.1472838670,0.2787927687,-0.2530787587,0.0375099704,0.0166176837,0.1143124104,0.4998149872,-0.5352214575,0.1554217637,-0.4895187616,0.6857699752,-0.6184802055,-0.1368625313,0.1501229852,-0.5187993646,-0.1449971199,0.6570206285,0.9222063422,0.3078556955,0.0041456120,-0.0390094146
2.6492142677,-0.2777169943,0.7967592478,0.1728804273,0.0053129406,0.9750731064,0.1389840554,-0.4043582082,0.1695691347,0.3867649734,0.6622865796,-0.1224013865,-0.0143832779,0.1795654148,-0.0051831021,-0.1293125004,0.2758718729,-0.2462991476,0.0498487875,0.0181906316,0.1173657849,0.4836196899,-0.5045846105,0.1861622036,-0.4812670648,0.4884592891,-0.6971174479,-0.1512099952,0.1115070209,-0.5325905681,-0.1439801902,0.6478097439,0.8781436086,0.3837624490,-0.0064183720,-0.0298371632
2.6324489117,-0.2753635049,0.7953818440,0.1699200594,-0.0005126559,0.9744826092,0.1466647705,-0.3217908144,0.1601068825,0.3910070360,0.4577537179,-0.1089890078,-0.0325433649,0.2010495365,0.0054779109,-0.1110301986,0.2767342627,-0.2699791789,0.0505305119,0.0150885591,0.1241346598,0.4704843462,-0.4812413454,0.2385601401,-0.4895697534,0.3066661358,-0.7476311922,-0.1561110318,0.0945386067,-0.5389324427,-0.1671044230,0.6385347843,0.8298155665,0.4422601759,-0.0049955272,-0.0132535165
2.6162734032,-0.2739224434,0.7948021889,0.1670564851,-0.0095963524,0.9735391680,0.1556326738,-0.2490285784,0.1746673882,0.4109888077,0.3059127629,-0.1035059020,-0.0466402881,0.2271367908,0.0216567777,-0.0822985172,0.2807154953,-0.3075668514,0.0476980172,0.0079578310,0.1313845366,0.4467643797,-0.4541779160,0.3106164336,-0.4851120412,0.1255252212,-0.7621163130,-0.1482661813,0.0704772025,-0.5349508524,-0.2073148191,0.6245710254,0.7757449150,0.4849850833,-0.0060114441,-0.0288968235
2.5979404449,-0.2721060216,0.7923527956,0.1651887565,-0.0139432566,0.9723615469,0.1644119292,-0.2132124901,0.1827807277,0.4225533009,0.2283354849,-0.0846880674,-0.0552725904,0.2431998700,0.0251843538,-0.0596107580,0.3017477393,-0.3390973806,0.0455415770,0.0064056255,0.1353036016,0.4173687994,-0.4245549142,0.3696194589,-0.4721887410,0.0277025793,-0.7702122927,-0.1481059939,0.0471857674,-0.5146573186,-0.2347471565,0.6126416326,0.7310456038,0.5143909454,-0.0059561767,-0.0145718167
2.5808420181,-0.2724742889,0.7886031866,0.1625199283,-0.0197266746,0.9705645234,0.1766426823,-0.1854665577,0.2234063745,0.4928771257,0.2051396817,-0.0778501779,-0.0492225401,0.2510620654,0.0203768052,-0.0404289030,0.3534935415,-0.3920799792,0.0381485969,-0.0030161492,0.1367681175,0.3989345431,-0.4149354994,0.4745725691,-0.4317728579,-0.0630945638,-0.7915256023,-0.1479396373,0.0558381602,-0.5140238404,-0.2974868417,0.5868197083,0.6639060378,0.4929427803,-0.0034961347,-0.0741417408
2.5657067299,-0.2737049758,0.7837199569,0.1602224222,-0.0234482674,0.9693470959,0.1847840950,-0.1896861196,0.2541683316,0.5101902485,0.2235600054,-0.0778586715,-0.0496129468,0.2561297715,0.0097184405,-0.0239348244,0.4079366326,-0.4314856231,0.0400976315,-0.0167664886,0.1420349777,0.3796267807,-0.3986564279,0.5705109239,-0.3929325938,-0.0298053324,-0.7992072105,-0.1511117071,0.0632192343,-0.4943098426,-0.3405751884,0.5587255955,0.6253994703,0.5255474448,-0.0081389835,-0.0668852702
2.5503544807,-0.2759995461,0.7791588902,0.1638043625,-0.0270463332,0.9669090232,0.1937100087,-0.2265086919,0.3128013611,0.5543790460,0.3222343326,-0.1102297157,-0.0327843428,0.2593734860,0.0027372527,0.0028049748,0.4823928773,-0.4841569662,0.0373823792,-0.0570788532,0.1442610621,0.3813946247,-0.4146955013,0.7349380255,-0.3276122510,0.2235497981,-0.7359495759,-0.1530960351,0.1403377056,-0.4847835600,-0.4461873770,0.4742071629,0.5510768890,0.4906297624,-0.0590913817,-0.1607511044
2.5351936817,-0.2804215550,0.7695949078,0.1659440351,-0.0287443540,0.9652341923,0.1998982074,-0.2591827512,0.3625884056,0.5414612293,0.4755936563,-0.1969211996,-0.0306945294,0.2454659343,-0.0200519133,0.0158682950,0.5830815434,-0.5322377682,0.0431776159,-0.1326141804,0.1340418309,0.3929309547,-0.4994012415,0.8979193568,-0.3261564672,0.8312016129,-0.3848682046,-0.0556502230,0.1327127218,-0.4618578255,-0.5673201084,0.4223748446,0.3767409027,0.3564415872,-0.0760131702,-0.2245911658
2.5201206207,-0.2851632535,0.7650457025,0.1643249798,-0.0299333084,0.9640935414,0.2064580865,-0.3072823584,0.4059376419,0.5100009441,0.6240783930,-0.3004426956,-0.0170954913,0.2260231525,-0.0569285415,0.0283031426,0.6656113267,-0.5371695161,0.0656398088,-0.1891349256,0.1246070191,0.3896868229,-0.5026136041,1.0239669085,-0.2797226012,1.2495738268,-0.1181326807,0.0141365463,0.1468889564,-0.4067354798,-0.6669728160,0.3141568303,0.1827582717,0.2851198018,-0.1088078246,-0.2254030555
2.5076413155,-0.2915406823,0.7585029602,0.1640266662,-0.0318171352,0.9647274224,0.2034303888,-0.3339318037,0.4609022737,0.4954101145,0.7685069442,-0.3982906342,0.0052005770,0.2036123127,-0.1142972112,-0.0058276174,0.7282066941,-0.5369784236,0.0742943659,-0.2265112400,0.1134500802,0.3915623724,-0.4852310121,1.1005401611,-0.2232511044,1.4375175238,-0.0488055199,0.0545021892,0.1615324318,-0.3341684341,-0.7110127211,0.2113147527,0.0633549094,0.2749352455,-0.1127673239,-0.2323987782
2.4989237785,-0.2979381084,0.7537828684,0.1620644758,-0.0329475622,0.9665608884,0.1959837055,-0.3620345294,0.5227482915,0.4794849455,0.9041019678,-0.4787092507,0.0257332716,0.1813048273,-0.1748382449,-0.0511075854,0.7545673847,-0.5277838111,0.0756334439,-0.2576896250,0.0942705572,0.3976218402,-0.4565474093,1.1547183990,-0.1572030485,1.5458846092,-0.0241970811,0.0893588662,0.1713614017,-0.2498696148,-0.7368035316,0.0978147835,-0.0624989644,0.2844282985,-0.1098718494,-0.2332657576
2.4903733730,-0.3027600944,0.7542246580,0.1494964490,-0.0366542856,0.9685968625,0.1952623698,-0.3844223619,0.6004573703,0.4775834680,1.0176216364,-0.4922204018,0.0456596240,0.1531908512,-0.2193075716,-0.1042645276,0.7503471375,-0.4786471426,0.0942688286,-0.2819183469,0.0784211978,0.3993577063,-0.4226374924,1.2222261429,-0.0756797493,1.6077007055,-0.0620719828,0.1163138747,0.1124393865,-0.1667650342,-0.7697589397,-0.0396750234,-0.2210084200,0.2643099725,-0.1037794575,-0.2200319022
2.4871463776,-0.3043943346,0.7576820850,0.1435958030,-0.0344296441,0.9729351024,0.1777417551,-0.4069536328,0.5941501856,0.4410029650,1.0498727560,-0.4811405241,0.0350727588,0.1648827344,-0.2335369885,-0.1423195153,0.6825109124,-0.3981974125,0.1057979688,-0.2932845056,0.0530858859,0.3853492439,-0.4089546204,1.2284941673,-0.0542591438,1.5383086205,-0.1039450914,0.0985637158,0.0941833556,-0.1043062359,-0.7849987745,-0.1172446087,-0.3094346225,0.2032001466,-0.0818772689,-0.2245802432
2.4887382984,-0.3090809882,0.7599846721,0.1404782414,-0.0301202020,0.9802472797,0.1359187542,-0.4517505765,0.5423080921,0.3852761090,1.0645208359,-0.4748162031,0.0331539065,0.1771082431,-0.2147187889,-0.1741640717,0.6164473295,-0.3236287832,0.1056317762,-0.3142361343,0.0222565979,0.3579861522,-0.4718952775,1.1987259388,-0.1184320673,1.3498723507,-0.1153247058,0.0623563491,0.1126646847,-0.0789714456,-0.8156200647,-0.1205783859,-0.3034603000,0.1420459002,-0.0431368016,-0.2125290930
2.4915328026,-0.3143523633,0.7604135275,0.1361118072,-0.0203010304,0.9867337683,0.0861273162,-0.4993733466,0.4438541532,0.3530143797,1.0547015667,-0.4524063468,0.0506894924,0.1910114735,-0.1774205267,-0.1290410757,0.6004074812,-0.2248033881,0.1145198792,-0.2612339854,-0.0109973717,0.3386612833,-0.6596490741,1.1062591076,-0.2769356370,0.9995276928,-0.1643043309,0.0100906957,0.1301448494,-0.0685288385,-0.8794249296,-0.0822172016,-0.1742011160,0.0641994327,-0.0123997722,-0.1321204901
2.4955158234,-0.3244307339,0.7591450214,0.1334966542,-0.0101295354,0.9896115455,0.0523929846,-0.5134469867,0.3202991784,0.3164764047,0.9957438111,-0.3980078399,0.0380712897,0.1983334720,-0.1454194337,-0.0943599641,0.6285182238,-0.1475883424,0.1362111270,-0.1813866943,-0.0381781831,0.3202172816,-0.8230290413,0.9805510640,-0.4046078324,0.7411164045,-0.2380969375,-0.0368739106,0.1352195293,-0.0780434683,-0.9327505827,-0.0363693908,-0.0126872603,-0.0093016615,-0.0005403415,-0.1211324334
2.4979047775,-0.3372745514,0.7552341223,0.1344872006,0.0002894547,0.9908421917,0.0120357865,-0.5051952600,0.1212939173,0.2091440856,0.8883011937,-0.3506649733,0.0370439105,0.1807081848,-0.1120339260,-0.0638214052,0.7848148942,-0.1575251967,0.1344523430,-0.0166560877,-0.0680202469,0.3162266612,-1.0179258585,0.7177821398,-0.5683314204,0.4082812369,-0.2660791278,-0.0775631741,0.1632743180,-0.2481083870,-1.0564947128,0.2079813331,0.3577267230,-0.1775514036,0.0552741252,0.0183515716
2.4891209602,-0.3456120193,0.7511360645,0.1321467465,0.0103012128,0.9910021468,-0.0185975135,-0.4738302827,-0.0013595074,0.1312407404,0.8633604646,-0.3591409624,0.0503732152,0.0865575001,-0.1487135440,-0.0811754987,1.0055809021,-0.1650984883,0.1218440384,0.0961391628,-0.0745798349,0.3291172981,-1.1557080746,0.5151466727,-0.6720397472,0.3007588685,-0.1615154892,-0.1070684344,0.1525437981,-0.4189212322,-1.0825452805,0.4538834691,0.6167331934,-0.2769032121,0.0374661461,0.0978796557
2.4851300716,-0.3504571915,0.7459658980,0.1365060055,0.0141688389,0.9900361850,-0.0315231158,-0.4516549110,-0.0547035970,0.1002087668,0.8554062247,-0.3812951744,0.0863826200,-0.0270972084,-0.2008590996,-0.0984686837,1.2911323309,-0.1956902146,0.0824094117,0.1320415735,-0.0663664117,0.3624515533,-1.2142536640,0.4204204082,-0.7129102945,0.2335237414,-0.0969069600,-0.1321353018,0.1467483491,-0.5776280761,-1.0189822912,0.6070634723,0.8114634752,-0.3373695612,0.0267770924,0.1167281568
2.4825448990,-0.3569073975,0.7425355315,0.1458137300,0.0101651724,0.9886854067,-0.0337074466,-0.4184968472,-0.0595593788,0.1000843048,0.8536084890,-0.4047236741,0.1281545758,-0.1497462839,-0.2317669988,-0.1029177606,1.5389796495,-0.2207118273,0.0500157215,0.1197017208,-0.0372952335,0.4105700850,-1.2239391804,0.3908120692,-0.7325136662,0.2281823307,-0.0514991656,-0.1374631375,0.1152493954,-0.6933916807,-0.9208589196,0.6837533116,0.9419811964,-0.3545692563,0.0305165648,0.0980093032
2.4831125736,-0.3610142171,0.7431937456,0.1583190083,0.0033964726,0.9865540671,-0.0404305376,-0.3823425472,-0.0755403191,0.0611373931,0.8489969969,-0.4176891446,0.1448786706,-0.2611936033,-0.2652673125,-0.1176445186,1.7053133249,-0.2497522086,0.0287016612,0.0989290848,0.0120203067,0.4725707173,-1.2258296013,0.3623315096,-0.7697230577,0.2683084905,-0.0755955204,-0.1010840163,0.0424945354,-0.7618676424,-0.8164170980,0.7030833364,1.0571206808,-0.2701790333,0.0787979811,0.0901277363
2.4792969227,-0.3626857698,0.7487428784,0.1614240267,-0.0007318514,0.9856700945,-0.0489511269,-0.3451487422,-0.0776392668,0.0427303687,0.8265716434,-0.4354519248,0.1474813372,-0.3582206964,-0.2915408015,-0.1283083409,1.7384200096,-0.2852290869,0.0057521486,0.0690021813,0.0401579328,0.4954819977,-1.2031199932,0.3392359614,-0.7923480272,0.3128097653,-0.0901304856,-0.0818164796,0.0080254143,-0.7734354734,-0.7432351112,0.6979487538,1.0986419916,-0.2288973778,0.0873426944,0.0774921551
2.4725449085,-0.3609272242,0.7614758015,0.1576293425,-0.0054959008,0.9856954321,-0.0593910820,-0.2874702215,-0.0762795657,0.0165663101,0.7423982620,-0.4029506743,0.1157389283,-0.4079449475,-0.3080151677,-0.1936378479,1.6285368204,-0.3380738795,-0.0071108611,0.0389976762,0.0726379156,0.5013082027,-1.1301560402,0.2714484930,-0.8071699142,0.4215984344,-0.1090728939,-0.0503649004,-0.0545799956,-0.7323001623,-0.6222136021,0.6878960133,1.1339455843,-0.1859436482,0.0998952612,0.0798089132
2.4656949043,-0.3626228273,0.7748558521,0.1445995557,-0.0110287609,0.9865981254,-0.0747895309,-0.2333157361,-0.0817793459,-0.0057833749,0.6075193882,-0.3216955662,0.0823015645,-0.4480381012,-0.2961758077,-0.2243222296,1.4142535925,-0.3193888366,-0.0112842880,0.0055421563,0.1000629365,0.5041621327,-1.0439198017,0.1825371385,-0.8235110044,0.5716229677,-0.1249497011,-0.0366240963,-0.0860193074,-0.6821799278,-0.4874282479,0.6795849800,1.1514509916,-0.0870235041,0.0781247243,0.0720280409
2.4586076736,-0.3638763428,0.7870532274,0.1326583004,-0.0125353558,0.9872730791,-0.0868130608,-0.1849557459,-0.0878803506,-0.0101994062,0.4956873655,-0.2536882758,0.0564119779,-0.4411933124,-0.2661449611,-0.2350846231,1.1867532730,-0.2775841355,0.0059690215,-0.0122754378,0.1148199886,0.5068418384,-0.9516972899,0.0808167532,-0.8531862497,0.7462616563,-0.1173646972,-0.0313343666,-0.0981708840,-0.6301726103,-0.3661926985,0.6874694824,1.1639543772,0.0220759977,0.0461018384,0.0509851761
2.4447815418,-0.3661466837,0.7961297035,0.1249427871,-0.0121189580,0.9865698229,-0.1045103596,-0.1379705518,-0.0961351469,-0.0199520104,0.4208934903,-0.2157773972,0.0398651846,-0.4102548361,-0.2441971898,-0.2502200305,0.9642896652,-0.2306265086,0.0329379924,-0.0196147151,0.1248557940,0.5115430355,-0.8710623980,-0.0002408377,-0.9037044048,0.8819887042,-0.0731372535,-0.0340858661,-0.0796722919,-0.5890338421,-0.2861935794,0.7188169956,1.1589362621,0.0591625236,0.0266613606,0.0258295815
2.4334874153,-0.3681378663,0.8021316528,0.1197860482,-0.0114142803,0.9857582001,-0.1174810099,-0.0942832530,-0.0978220180,-0.0155157577,0.3746427894,-0.2191136926,0.0394661576,-0.3937831819,-0.2208878100,-0.2470148653,0.7575886846,-0.1811778396,0.0562077239,-0.0249741282,0.1301977932,0.5139137506,-0.8007052541,-0.0571041852,-0.9610380530,0.9910097718,-0.0217941198,-0.0271411669,-0.0690130666,-0.5524171591,-0.2058556229,0.7646744251,1.1647932529,0.0851747170,0.0320725031,0.0219874512
2.4176421165,-0.3701501787,0.8056614995,0.1165255767,-0.0117714295,0.9850866897,-0.1260453774,-0.0467876233,-0.0972684994,-0.0145738712,0.3379247189,-0.2499212027,0.0420096517,-0.3735059202,-0.1992003620,-0.2571352422,0.5567284822,-0.1291841567,0.0911883935,-0.0293656513,0.1300037205,0.5125054121,-0.7486568093,-0.0735123977,-0.9939522743,1.0353169441,-0.0059524551,-0.0233189370,-0.0636749864,-0.5225145817,-0.1588385850,0.7851081491,1.1672556400,0.1093521863,0.0362121947,0.0243802648
2.4036176205,-0.3732421696,0.8080535531,0.1127997483,-0.0135591719,0.9843920425,-0.1344048822,0.0063689426,-0.0904239714,-0.0192621816,0.2893767953,-0.2689262927,0.0442898758,-0.3407357931,-0.1753826588,-0.2800246477,0.4014635682,-0.0808795914,0.1174511611,-0.0301645026,0.1301228255,0.5077700019,-0.6863409281,-0.0751289874,-1.0249887705,1.0589534044,0.0145019870,-0.0138236182,-0.0759074911,-0.4935869575,-0.1199911088,0.8116799593,1.1752539873,0.1608706117,0.0561989583,0.0693556815
2.3893704414,-0.3759177625,0.8087319732,0.1098617237,-0.0134982196,0.9833189217,-0.1443332876,0.0450950675,-0.0927539915,-0.0381720401,0.2632381916,-0.2983593643,0.0485377945,-0.3063635230,-0.1633389741,-0.2908561230,0.2963718176,-0.0344599932,0.1378517598,-0.0284566153,0.1278746426,0.4992974102,-0.6510068774,-0.0453558601,-1.0249867439,1.0302472115,0.0297185220,-0.0261239726,-0.0785926729,-0.4768349230,-0.1235911250,0.7874252796,1.1649943590,0.2503374815,0.0443500057,0.0643964484
2.3768298626,-0.3803023696,0.8082216978,0.1068096552,-0.0127527232,0.9829342535,-0.1492290821,0.0751840323,-0.0941636935,-0.0470998995,0.2532550693,-0.3420342803,0.0610605106,-0.2896028757,-0.1616836637,-0.3039347827,0.2535974681,-0.0085161645,0.1434193999,-0.0269759875,0.1245469525,0.4887771904,-0.6328271627,0.0017407553,-1.0251455307,0.9654599428,0.0621836558,-0.0413815863,-0.0785789117,-0.4749672413,-0.1431755722,0.7365689874,1.1576827765,0.3405368626,0.0276206024,0.0372297242
2.3629193306,-0.3815805316,0.8069666028,0.1067893268,-0.0124992904,0.9823609466,-0.1529927383,0.1115773171,-0.0906259120,-0.0504061244,0.2421123087,-0.3795475662,0.0695990771,-0.2711306512,-0.1636515260,-0.3198887408,0.2308529466,0.0045281276,0.1402938962,-0.0247397106,0.1250393838,0.4803387523,-0.6100993752,0.0581748895,-1.0041358471,0.8723695874,0.0399404764,-0.0466163792,-0.0731376335,-0.4848251641,-0.1865072548,0.6483014226,1.1482825279,0.4387459159,0.0116045540,-0.0165552255
2.3496806622,-0.3853331208,0.8043258786,0.1069237504,-0.0125948422,0.9816986813,-0.1570871754,0.1420583129,-0.0850280747,-0.0542754605,0.2305762023,-0.3896830976,0.0711158589,-0.2528407872,-0.1653092653,-0.3368846476,0.2202188373,0.0206820630,0.1364136934,-0.0258536916,0.1271909922,0.4631696343,-0.5720582604,0.1127280295,-0.9895556569,0.7808575034,0.0285111591,-0.0492262878,-0.0812551081,-0.4924002886,-0.2259148806,0.5482115149,1.1384119987,0.5650987625,-0.0068057454,-0.0756310523
2.3369448185,-0.3901197016,0.8042364717,0.1080163543,-0.0112137326,0.9808273684,-0.1618159227,0.1853334457,-0.0833438039,-0.0664107502,0.2163966894,-0.4047634602,0.0725236833,-0.2316367477,-0.1709715724,-0.3473197520,0.2094605565,0.0303120613,0.1364661306,-0.0329027548,0.1248692200,0.4346117377,-0.5169731379,0.1935445517,-0.9639548659,0.6379633546,-0.0064065680,-0.0681741014,-0.0717304274,-0.5148129463,-0.2956360579,0.3978132606,1.1215243340,0.6932013631,-0.0518645160,-0.2004018873
2.3208336830,-0.3948908746,0.8004045486,0.1071857063,-0.0108258407,0.9805889706,-0.1638270315,0.2282050699,-0.0769533515,-0.0537410900,0.2070306689,-0.4231505990,0.0784669444,-0.2169654965,-0.1682039797,-0.3341391087,0.2089713216,0.0302636325,0.1344914585,-0.0365120322,0.1231127158,0.4047687352,-0.4572340250,0.2990392745,-0.9532028437,0.4589499235,-0.0451213419,-0.0771229640,-0.0659021437,-0.5669541955,-0.3840808868,0.2497514337,1.0691890717,0.8048842549,-0.0990945995,-0.3362247944
2.3059923649,-0.3999238610,0.7999569178,0.1050810136,-0.0103104971,0.9807431032,-0.1643004555,0.2650911212,-0.0670051798,-0.0269474089,0.2025241405,-0.4399301708,0.0804999843,-0.2014770508,-0.1643186063,-0.3128601909,0.2083395869,0.0255939495,0.1338353604,-0.0408179127,0.1144113764,0.3713583648,-0.4076143801,0.4038368762,-0.9513134956,0.3104283512,-0.0840602368,-0.0765668750,-0.0708721206,-0.6182941198,-0.4817083776,0.1471557468,0.9530587792,0.8591322303,-0.1451560408,-0.4262316823
2.2899880409,-0.4040112197,0.7970873117,0.1043843204,-0.0076595277,0.9808007112,-0.1645454654,0.3014904261,-0.0576477833,0.0002056717,0.1879976690,-0.4537235200,0.0751050487,-0.1864831299,-0.1578185260,-0.2890290320,0.2123446316,0.0067946869,0.1300470531,-0.0455001183,0.1004221290,0.3348914385,-0.3586483300,0.4804085195,-0.9506062269,0.2265021205,-0.1053940356,-0.0729339719,-0.0828331038,-0.6564195156,-0.5660653710,0.0825578570,0.8205184340,0.8889625072,-0.1992395818,-0.4974640012
2.2778589725,-0.4063082039,0.7973006368,0.1030523926,-0.0053057545,0.9812556500,-0.1627556532,0.3422781527,-0.0465277545,0.0305990446,0.1729954928,-0.4556092620,0.0610852242,-0.1751316041,-0.1553274989,-0.2770211995,0.2208919823,-0.0100001507,0.1346828789,-0.0602708980,0.0836328417,0.3212376237,-0.3200638890,0.5614754558,-0.9349641204,0.1488213241,-0.0991870239,-0.0938037783,-0.0939530432,-0.6680176854,-0.6627309322,0.0351378173,0.5638644099,0.8841285706,-0.2746918201,-0.5604366660
2.2663478851,-0.4095707536,0.7972239852,0.1038426949,-0.0033859172,0.9818575683,-0.1586220217,0.3671917021,-0.0391038135,0.0562996417,0.1684800684,-0.4467142224,0.0553449392,-0.1697335839,-0.1517359018,-0.2636611164,0.2316342294,-0.0273983590,0.1304347068,-0.0729699284,0.0594110973,0.2975859046,-0.2828359306,0.6281236410,-0.9254280925,0.0981671512,-0.0976141095,-0.1133022755,-0.1129497364,-0.6901230216,-0.7601508498,0.0067685475,0.3176393509,0.8300609589,-0.3165958822,-0.5682076812
2.2558617592,-0.4107249379,0.7971479297,0.1031183023,-0.0021186946,0.9827056112,-0.1537914453,0.3827354610,-0.0330203995,0.0693683997,0.1602846831,-0.4437984526,0.0504481830,-0.1645739973,-0.1456996799,-0.2599059343,0.2416059226,-0.0413376465,0.1309385002,-0.0850815922,0.0377088785,0.2640523314,-0.2557687759,0.6759605408,-0.9230558872,0.0684388801,-0.0751715675,-0.1325615644,-0.1257859766,-0.7042008042,-0.8380087614,0.0030991009,0.1250878274,0.7491405010,-0.3438476920,-0.5839492083
2.2475357056,-0.4118719995,0.7976113558,0.1006769777,0.0008286612,0.9835506827,-0.1499717109,0.3962151408,-0.0297645926,0.0763940290,0.1562977731,-0.4384635389,0.0444072001,-0.1653125435,-0.1446263790,-0.2627326846,0.2558808923,-0.0617008507,0.1298364848,-0.1010554656,0.0024124668,0.2316165864,-0.2230969965,0.7326774001,-0.9020038247,0.0324211493,-0.0655767024,-0.1525561959,-0.1457141936,-0.7481662035,-0.9798770547,0.0052913865,-0.1219995394,0.5031832457,-0.3244720697,-0.6265078187
2.2397992611,-0.4109977186,0.7967004776,0.0983838688,0.0018966569,0.9843870063,-0.1459425875,0.3993164897,-0.0249382742,0.0739140958,0.1626131982,-0.4340312183,0.0388524458,-0.1690781564,-0.1415832043,-0.2719180584,0.2695374191,-0.0893678889,0.1252219975,-0.1285767108,-0.0262278244,0.2027341127,-0.2003327906,0.7818949819,-0.8819578290,-0.0037197899,-0.0651167035,-0.1769205630,-0.1674652100,-0.8158174753,-1.1139686108,0.0039178031,-0.3597767651,0.2052192539,-0.2658371031,-0.6830208302
2.2353117466,-0.4112641811,0.7970850468,0.0959941135,0.0014313269,0.9851850130,-0.1421040872,0.3977867067,-0.0179142077,0.0691613853,0.1681310982,-0.4359358251,0.0349496305,-0.1743246466,-0.1322375238,-0.2751644254,0.2752736509,-0.1118977442,0.1244210601,-0.1521458924,-0.0547430478,0.1643868238,-0.1793161482,0.8150925636,-0.8732243776,-0.0274974797,-0.0620718561,-0.1958764791,-0.1790833622,-0.8921023607,-1.2286119461,-0.0043761954,-0.5243667364,-0.0483233891,-0.2192571014,-0.7530434132
2.2288649082,-0.4117698073,0.7954125404,0.0944067975,0.0001327221,0.9859877726,-0.1375334547,0.3998900950,-0.0080199400,0.0676642209,0.1753699929,-0.4420964718,0.0290429071,-0.1819478571,-0.1198456287,-0.2674920261,0.2813877761,-0.1288265139,0.1256829649,-0.1736856699,-0.0779439658,0.1344769895,-0.1639465243,0.8344563842,-0.8667787313,-0.0439693369,-0.0660045967,-0.2079157680,-0.1765288562,-0.9786735177,-1.3144968748,-0.0191620588,-0.6411352158,-0.2789343596,-0.1545630246,-0.8509494662
2.2253899574,-0.4107855856,0.7931274176,0.0943892152,-0.0015494764,0.9867590074,-0.1318898649,0.4032776058,0.0037528838,0.0685620084,0.1808704138,-0.4478960037,0.0227182526,-0.1895722002,-0.1070713624,-0.2578015625,0.2890444398,-0.1468487829,0.1269249171,-0.1912680566,-0.0975325704,0.1119668111,-0.1596516222,0.8409912586,-0.8632358313,-0.0491451249,-0.0746080130,-0.2126526386,-0.1644989401,-1.0619075298,-1.3653138876,-0.0281488076,-0.6996647120,-0.4328147471,-0.0958833620,-0.9413703680
2.2173621655,-0.4104686081,0.7914492488,0.0943607451,-0.0031098353,0.9874973153,-0.1262356173,0.4122303724,0.0185750276,0.0768599138,0.1823834777,-0.4513717890,0.0148556177,-0.1938636452,-0.0935543478,-0.2450241297,0.2976212800,-0.1597015262,0.1281468719,-0.2029134631,-0.1095475778,0.0884955227,-0.1533998847,0.8339854479,-0.8596066236,-0.0478757769,-0.0807699710,-0.2112198174,-0.1451510638,-1.1217057705,-1.3942084312,-0.0340516455,-0.7219815850,-0.5185479522,-0.0505683422,-1.0206904411
2.2100102901,-0.4077173173,0.7895780206,0.0943261528,-0.0044060726,0.9882930457,-0.1198332973,0.4227457047,0.0344536230,0.0831030980,0.1869633794,-0.4510538876,0.0035966325,-0.1977936774,-0.0802709386,-0.2331325263,0.3147204220,-0.1755667627,0.1260064691,-0.2108159959,-0.1214925870,0.0713129342,-0.1551768631,0.8227981925,-0.8531385660,-0.0415515788,-0.0951050445,-0.2040221691,-0.1268652380,-1.1697418690,-1.4058490992,-0.0334151201,-0.7047754526,-0.5644928813,-0.0035298602,-1.0935826302
2.2003247738,-0.4078347385,0.7879506946,0.0933983198,-0.0053758455,0.9891172280,-0.1135559928,0.4322248697,0.0515060537,0.0854412392,0.1970615536,-0.4424695671,-0.0077865557,-0.2009980828,-0.0663223267,-0.2230165601,0.3403353691,-0.1916434616,0.1178907678,-0.2120853812,-0.1348088384,0.0582712814,-0.1639640927,0.8115926981,-0.8485912085,-0.0298535712,-0.1116261482,-0.1948546320,-0.1054140925,-1.2090798616,-1.4025052786,-0.0251102056,-0.6436102986,-0.5660759211,0.0404435843,-1.1721493006
2.1888337135,-0.4047953188,0.7857756615,0.0932017060,-0.0065731012,0.9898172799,-0.1073870977,0.4402419627,0.0677850246,0.0800110549,0.2118352503,-0.4306403399,-0.0218950100,-0.2061936110,-0.0517492592,-0.2143940926,0.3753905296,-0.2077282220,0.1070668250,-0.2103684992,-0.1520136446,0.0535746366,-0.1845701933,0.8062296510,-0.8464351892,-0.0152235813,-0.1403064877,-0.1835779399,-0.0929270536,-1.2495735884,-1.3883266449,-0.0051795840,-0.5076654553,-0.4874031246,0.0602708869,-1.2365295887
2.1788613796,-0.4029445946,0.7834560275,0.0927179206,-0.0062969977,0.9907253105,-0.0991317006,0.4455584586,0.0835726634,0.0831654072,0.2227098197,-0.4106639326,-0.0324621759,-0.2121922821,-0.0415320508,-0.2093503177,0.4168974757,-0.2193204910,0.0931885615,-0.1995534003,-0.1882704943,0.0530739836,-0.2193036675,0.8163496852,-0.8498591781,-0.0008451983,-0.1647731960,-0.1660059839,-0.0928630829,-1.2915848494,-1.3797260523,0.0509450473,-0.2366331220,-0.2761990726,0.0234642196,-1.2129691839
2.1677587032,-0.4011069834,0.7815213203,0.0927237919,-0.0048906476,0.9916445955,-0.0895509697,0.4450281858,0.0948315337,0.0831209943,0.2426899076,-0.3747548163,-0.0444963127,-0.2090724707,-0.0362130180,-0.2079766393,0.4465751052,-0.2195488960,0.0765824392,-0.1846403927,-0.2306108475,0.0532391183,-0.2494177967,0.8395880461,-0.8609775901,0.0071028885,-0.1572970003,-0.1630553156,-0.0785906613,-1.3423106670,-1.3890297413,0.1328280419,0.0988541096,-0.0037071083,-0.0578720756,-1.0664625168
2.1569178104,-0.3992349803,0.7810541987,0.0928447071,-0.0035823303,0.9924210030,-0.0804212667,0.4445668459,0.1041257903,0.0792808160,0.2732873559,-0.3477810025,-0.0535836704,-0.1997862011,-0.0301824398,-0.2128595263,0.4584214389,-0.2225551456,0.0596016273,-0.1695194989,-0.2646057904,0.0570022762,-0.2730290890,0.8595350385,-0.8673164845,0.0138980597,-0.1450414211,-0.1627676040,-0.0764079392,-1.3829683065,-1.4072995186,0.2309098840,0.3223907948,0.0871010721,-0.0738700926,-0.9169038534
2.1473672390,-0.3968179822,0.7803265452,0.0944680276,-0.0005961679,0.9933058049,-0.0664756672,0.4376697540,0.1127499267,0.0868580937,0.3105653226,-0.3120362163,-0.0656342804,-0.1809152812,-0.0264018737,-0.2117274553,0.4591118693,-0.2209081501,0.0449711196,-0.1506301463,-0.2994128764,0.0665633306,-0.2968829572,0.8827290535,-0.8732865453,0.0159607083,-0.1191137731,-0.1671215296,-0.0878013298,-1.4225300550,-1.4123654366,0.3592470586,0.5012300014,0.1655856669,-0.0874624476,-0.6746249199
2.1369650364,-0.3961746693,0.7806614041,0.0947647151,0.0011540978,0.9939571424,-0.0553851601,0.4199419320,0.1234711856,0.0954573974,0.3647640049,-0.2911991477,-0.0702795908,-0.1594423801,-0.0226639640,-0.2153741419,0.4495080113,-0.2133118957,0.0311140046,-0.1328686327,-0.3171012700,0.0817316100,-0.3226224482,0.8949239850,-0.8655114770,0.0137447556,-0.1005209759,-0.1600478292,-0.1355453134,-1.4382079840,-1.4168102741,0.5317255855,0.5295735002,0.0789010525,-0.0694606602,-0.4709352553
2.1283857822,-0.3949917853,0.7832397819,0.0950276025,0.0005959945,0.9944220702,-0.0457618382,0.3916366398,0.1362923533,0.1029016152,0.4315360785,-0.2783287764,-0.0710435063,-0.1348181814,-0.0160090700,-0.2178667188,0.4339184463,-0.2076788545,0.0215214957,-0.1223120391,-0.2752661109,0.1042891964,-0.3330816031,0.8469735384,-0.8235334158,0.0127294092,-0.0848415121,-0.1474134028,-0.2124139816,-1.5199770927,-1.4022808075,0.8101407886,0.4346412420,0.0421243571,-0.0764756724,-0.2272061855
2.1191904545,-0.3958338797,0.7882340550,0.0960321601,0.0010350601,0.9946276809,-0.0386332656,0.3528623879,0.1435763836,0.1049153209,0.5035868287,-0.2742363513,-0.0650211349,-0.1148667559,-0.0123701952,-0.2241055220,0.4185395241,-0.2094369382,0.0104079936,-0.1145646349,-0.2516687810,0.1134163737,-0.3326277137,0.8117451668,-0.8054969311,0.0156746563,-0.0797680244,-0.1346913427,-0.2714408934,-1.4890171289,-1.3759881258,0.9427098632,0.3195623755,0.0336782970,-0.0756588578,-0.0198526550
2.1128025055,-0.3934196830,0.7944102883,0.0973782695,-0.0002086483,0.9947354268,-0.0319195839,0.3088169396,0.1548018754,0.1072503626,0.5687185526,-0.2847177386,-0.0609269664,-0.0833172128,-0.0075828247,-0.2303169817,0.3825923204,-0.1989311874,0.0167658646,-0.0985861570,-0.2194952667,0.1340526491,-0.3460192382,0.7656455040,-0.7929531932,0.0253335275,-0.0589679033,-0.1115821898,-0.3654077947,-1.3803837299,-1.3349432945,1.0735182762,0.0860893875,0.0909100696,-0.0580451898,0.3091636896
2.1049222946,-0.3960694671,0.8004483581,0.0989281133,0.0013269647,0.9947806898,-0.0249568980,0.2549293041,0.1570713222,0.1113982424,0.6262894273,-0.2971335948,-0.0527279936,-0.0554652400,-0.0091522625,-0.2285908759,0.3524439633,-0.1920885593,0.0185134821,-0.0819187611,-0.2037917674,0.1465682983,-0.3456402719,0.7298490405,-0.7928414345,0.0320156254,-0.0620398186,-0.1036535054,-0.4071553051,-1.3131644726,-1.3046525717,1.1288163662,0.0089645665,0.0708957016,-0.0432646200,0.4168170691
2.0989689827,-0.3966141641,0.8090228438,0.0978823685,0.0024936451,0.9950667108,-0.0159707462,0.1835801899,0.1605705023,0.1225285605,0.6735398173,-0.3161843717,-0.0427116677,-0.0221999753,-0.0128909284,-0.2188989669,0.3061009347,-0.1769680679,0.0247945264,-0.0619355291,-0.1860534549,0.1690718979,-0.3462476730,0.6903331280,-0.7867490053,0.0397177823,-0.0517013185,-0.0867746770,-0.4591591358,-1.2135521173,-1.2577781677,1.1808129549,-0.0749079213,-0.0313793868,-0.0100673828,0.5632869005
2.0907285213,-0.3989478052,0.8161166906,0.0962194188,0.0040129567,0.9953313892,-0.0064144604,0.0987244621,0.1500306875,0.1246140376,0.7038103342,-0.3341654539,-0.0267354269,0.0083939433,-0.0174599215,-0.2082435638,0.2616538107,-0.1578627229,0.0267383736,-0.0412724018,-0.1652931124,0.1925646514,-0.3412830532,0.6501584649,-0.7786707282,0.0451671854,-0.0599026158,-0.0581516102,-0.5127747655,-1.0938830376,-1.2069820166,1.2185831070,-0.1297317445,-0.0960165635,0.0159100946,0.6676330566
2.0837495327,-0.4015777707,0.8206491470,0.0943195022,0.0037597763,0.9955234761,0.0047648862,0.0094118109,0.1368673742,0.1258185953,0.7259231210,-0.3644264638,-0.0076778103,0.0349277779,-0.0199071150,-0.1966687590,0.2385235876,-0.1537777185,0.0230564941,-0.0293963868,-0.1414012015,0.2206965834,-0.3247425258,0.6112157106,-0.7605385780,0.0508919060,-0.0707420111,-0.0391163044,-0.5474942327,-0.9567688107,-1.1504675150,1.2211921215,-0.1398563981,-0.1331591904,0.0383583307,0.7371478081
2.0792391300,-0.4030328095,0.8267169595,0.0940075939,0.0026528958,0.9954431387,0.0157636325,-0.0785364136,0.1216538996,0.1223516911,0.7456804514,-0.3962569237,0.0094674705,0.0553374775,-0.0197249427,-0.1852326095,0.2376353741,-0.1678635776,0.0148127275,-0.0246883500,-0.1254492700,0.2513433397,-0.3030268252,0.5871240497,-0.7386215925,0.0540276393,-0.0958908424,-0.0267376937,-0.5639959574,-0.8196121454,-1.0951205492,1.1984398365,-0.1270949543,-0.1382568479,0.0562426411,0.7708944678
2.0752696991,-0.4043627083,0.8259499073,0.0950233207,0.0000401430,0.9950680303,0.0284636957,-0.1425853074,0.1101531014,0.1227154285,0.7496193647,-0.4060959220,0.0162432194,0.0716827288,-0.0168790016,-0.1714981496,0.2547028065,-0.1989606917,0.0109019391,-0.0222369730,-0.1204303354,0.2810640335,-0.2787284255,0.5785109401,-0.7110739350,0.0574292429,-0.1388714164,-0.0120233996,-0.5661434531,-0.6749557257,-1.0421037674,1.1297900677,-0.1133552119,-0.1468659937,0.0653299019,0.7667191029
2.0705308914,-0.4057662785,0.8254514337,0.0958028125,-0.0014895211,0.9945496785,0.0411161700,-0.1892095655,0.1031886265,0.1301592886,0.7411238551,-0.4138389230,0.0199102890,0.0835850537,-0.0186948646,-0.1688391715,0.2856965065,-0.2305923402,0.0076472182,-0.0270421915,-0.1211427972,0.2922309637,-0.2477869093,0.5761907697,-0.6782923341,0.0544019789,-0.1797286719,-0.0045826468,-0.5484736562,-0.5646823049,-1.0173196793,1.0685865879,-0.1197056100,-0.1254978925,0.0671702549,0.7560415864
2.0691018105,-0.4055848718,0.8262526989,0.0967785785,-0.0048468024,0.9936143098,0.0578015443,-0.2341592908,0.1125935018,0.1524696797,0.7425359488,-0.4220823944,0.0289998874,0.0914968327,-0.0127404714,-0.1524364203,0.3317915201,-0.2615842223,0.0003365194,-0.0428905152,-0.1172879413,0.3002397418,-0.2240821868,0.5682137012,-0.6207883954,0.0431082360,-0.2124844193,0.0032568816,-0.5043255687,-0.4503630996,-0.9941860437,0.9932737947,-0.1265978962,-0.1012374982,0.0723586604,0.7197272778
2.0650031567,-0.4068658054,0.8247494102,0.0973923155,-0.0077730177,0.9924552078,0.0740741360,-0.2512629330,0.1246115863,0.1825389415,0.7163344026,-0.4185100496,0.0372471698,0.0952475816,-0.0152539313,-0.1570626795,0.3795284033,-0.2879610360,-0.0055271527,-0.0649004653,-0.1133066118,0.2970811129,-0.2187916338,0.5674942732,-0.5508245230,0.0158914197,-0.2361022979,0.0022417926,-0.4378426373,-0.3430659175,-0.9898302555,0.9113983512,-0.1466314048,-0.0849989951,0.0682166442,0.6922026873
2.0616180897,-0.4068660736,0.8243238926,0.0962717582,-0.0105132169,0.9911268093,0.0910432240,-0.2381279171,0.1304054707,0.2069948465,0.6450963020,-0.3963084817,0.0384368263,0.0985556170,-0.0167294163,-0.1624377072,0.4027934670,-0.3006480038,-0.0066689057,-0.0854343101,-0.1058083847,0.2876751125,-0.2355451286,0.5684791207,-0.4922485948,-0.0438839681,-0.3059552908,-0.0050612339,-0.3572135568,-0.2435458153,-0.9918262362,0.8407734036,-0.1728877872,-0.0493452512,0.0651391372,0.6588767171
2.0589385033,-0.4066244066,0.8244582415,0.0934165028,-0.0119200626,0.9895866329,0.1088557074,-0.2229343504,0.1419124305,0.2380659878,0.5843030810,-0.3763096035,0.0361925140,0.0973945186,-0.0111834938,-0.1518992335,0.4106134176,-0.2971044183,-0.0018487506,-0.0980438739,-0.0984712914,0.2671191394,-0.2743236721,0.5699318647,-0.4140898883,-0.1236102059,-0.3920459449,-0.0218359735,-0.2577713728,-0.1456585824,-1.0071856976,0.7811632752,-0.2118407041,0.0168145560,0.0588068590,0.6343076825
2.0584797859,-0.4047703147,0.8245781064,0.0915965060,-0.0133503656,0.9874964295,0.1276034854,-0.2109285593,0.1508982778,0.2634618282,0.5259069204,-0.3499330580,0.0258452427,0.1076476052,-0.0019793513,-0.1438291818,0.3909515738,-0.2912432551,0.0067410949,-0.1069067866,-0.0885710344,0.2456983179,-0.3332862258,0.5648192763,-0.3472476602,-0.2058614939,-0.4827130437,-0.0613187328,-0.0998555198,-0.0692628622,-1.0300981998,0.7427096963,-0.2559905052,0.0835371986,0.0496002585,0.6035375595
2.0581099987,-0.4060994089,0.8237627149,0.0923546639,-0.0152596479,0.9852792747,0.1430472303,-0.1999214888,0.1595431864,0.2913359106,0.4828750789,-0.3231821656,0.0170734935,0.1265363693,0.0060932417,-0.1486068368,0.3616649508,-0.2874761224,0.0129701486,-0.1176345572,-0.0746347681,0.2314370424,-0.4068124592,0.5674191713,-0.3198830783,-0.2657943070,-0.4978592992,-0.0809586272,-0.0183213651,-0.0228037313,-1.0559630394,0.7174433470,-0.2835997045,0.1148610711,0.0444411039,0.5766558051
2.0614376068,-0.4057742953,0.8233243823,0.0945126120,-0.0170879067,0.9825475252,0.1592976159,-0.1906134784,0.1735647917,0.3210132718,0.4469680190,-0.3008168042,0.0023457564,0.1424948126,0.0110056316,-0.1590158790,0.3301050365,-0.2950513363,0.0182155538,-0.1242994219,-0.0636463836,0.2175887823,-0.5107609630,0.5590284467,-0.2818526924,-0.3454043567,-0.5028432608,-0.1244613454,0.1043339521,0.0098208049,-1.0763564110,0.7070637941,-0.3140836954,0.1470090598,0.0373240560,0.5618379712
2.0650565624,-0.4041783810,0.8209683895,0.0946446931,-0.0176737788,0.9796528563,0.1760974183,-0.2067647278,0.1885364652,0.3411990702,0.4403022528,-0.2846233249,-0.0087305596,0.1435038745,0.0184345711,-0.1735635102,0.3053846359,-0.3025442958,0.0193065740,-0.1366604865,-0.0520219058,0.2037073076,-0.6340599060,0.5586761236,-0.2431258857,-0.4078428447,-0.3865196705,-0.1257501096,0.1433018893,0.0375769250,-1.0874236822,0.7004184723,-0.3275926411,0.1481000036,0.0438755490,0.5716882348
2.0688846111,-0.4041999280,0.8207284808,0.0949084854,-0.0187985268,0.9765636542,0.1922561420,-0.2076961100,0.2083242685,0.3718284667,0.4304774404,-0.2749764919,-0.0126527967,0.1476209611,0.0297519788,-0.1824771613,0.2802299559,-0.3082102239,0.0240944196,-0.1465084851,-0.0337908529,0.2016300410,-0.7409665585,0.5647446513,-0.2377502471,-0.4232777655,-0.3381083906,-0.1229396313,0.1972492188,0.0411005393,-1.0951025486,0.6961227059,-0.3399462700,0.1458379328,0.0388800502,0.5393054485
2.0696747303,-0.4036520123,0.8189696074,0.0940883222,-0.0214529202,0.9720590585,0.2139821174,-0.2020763904,0.2336209118,0.4116331935,0.4154643118,-0.2745873630,-0.0105786826,0.1450593621,0.0439822115,-0.1823373437,0.2617741525,-0.3137230575,0.0237929374,-0.1590400636,-0.0101505890,0.2074795365,-0.8191823959,0.5837984085,-0.2562199831,-0.4277907610,-0.3196626604,-0.1234581247,0.2582981884,0.0261608083,-1.0942747593,0.6914540529,-0.3470313251,0.1685272902,0.0457771234,0.5210042596
2.0712513924,-0.4023738503,0.8182743192,0.0914182424,-0.0234809141,0.9668686222,0.2371843565,-0.1971221119,0.2625998259,0.4594298899,0.4125029147,-0.2791757882,0.0010937130,0.1357916296,0.0560404360,-0.1852381527,0.2483530492,-0.3097641170,0.0255340673,-0.1700448692,0.0147240851,0.2076387703,-0.8370513320,0.6195712090,-0.3004313707,-0.4027787149,-0.3290822208,-0.1109589785,0.2527983487,0.0061396463,-1.0889128447,0.6862640381,-0.3473635614,0.1875853091,0.0599383675,0.5152164102
2.0700373650,-0.4029274881,0.8189638257,0.0893809063,-0.0245997592,0.9622184170,0.2560109829,-0.1919393390,0.2845675051,0.4896353185,0.4202429950,-0.2841870785,0.0068584047,0.1238220111,0.0633051544,-0.1874519140,0.2388511151,-0.3039310277,0.0267905965,-0.1746958941,0.0251614172,0.2129806727,-0.8458036184,0.6412130594,-0.3277660310,-0.3782153726,-0.3485105038,-0.1070583016,0.2429303974,-0.0192224961,-1.0724890232,0.6848965287,-0.3488993049,0.1997313499,0.0754653215,0.5181571245
2.0663123131,-0.4030689895,0.8189417124,0.0844696177,-0.0266080261,0.9561304592,0.2792336684,-0.1809715927,0.3119698763,0.5279238224,0.4343147278,-0.2964300811,0.0210680217,0.1084443629,0.0736052990,-0.1832933128,0.2310034633,-0.2946458459,0.0294259954,-0.1784770191,0.0440139547,0.2301406413,-0.8309733868,0.6698752046,-0.3912955821,-0.3231058419,-0.3876329064,-0.0882269368,0.1606083512,-0.0775765702,-1.0506317616,0.6890258789,-0.3434762955,0.2086871117,0.0959282368,0.5234527588
2.0615999699,-0.4018397033,0.8184283376,0.0822104146,-0.0268594270,0.9511289657,0.2964350004,-0.1707997471,0.3284443319,0.5467974544,0.4574435949,-0.3142879903,0.0277034752,0.0963772088,0.0778367072,-0.1771752685,0.2260081172,-0.2877663672,0.0310440864,-0.1816735715,0.0466324128,0.2368850708,-0.7946615815,0.6725130081,-0.4318948686,-0.2999480665,-0.4211028814,-0.0799906477,0.1200185940,-0.1145149246,-1.0250432491,0.6974557042,-0.3474373817,0.2198641002,0.1076095626,0.5277397037
2.0548410416,-0.4017690122,0.8199021220,0.0778230788,-0.0282212547,0.9435552796,0.3207032328,-0.1555850804,0.3579828143,0.5962746739,0.4957623184,-0.3470095098,0.0596070737,0.0791074783,0.0914048478,-0.1468271762,0.2254192680,-0.2733900547,0.0275967810,-0.1840709150,0.0619589016,0.2494149357,-0.7360991836,0.6870365143,-0.5310342908,-0.2618349493,-0.4236254096,-0.0380856171,-0.0405168310,-0.1996908039,-1.0001417398,0.7199591398,-0.3444969654,0.1874064207,0.1274082661,0.5626368523
2.0453190804,-0.4006774127,0.8190383315,0.0753404141,-0.0294092006,0.9376412824,0.3380647074,-0.1463545710,0.3712747693,0.5998848677,0.5431173444,-0.3833377957,0.0760830566,0.0619161725,0.0989935026,-0.1180834919,0.2302662283,-0.2652738988,0.0263406709,-0.1934619248,0.0579831749,0.2610881627,-0.6817172170,0.6709905267,-0.6030964255,-0.2301482558,-0.4436303079,-0.0087452531,-0.1445551664,-0.2698444128,-0.9579069614,0.7524175048,-0.3328992724,0.1809618473,0.1384563446,0.5719320774
2.0378007889,-0.4006471932,0.8187017441,0.0741538555,-0.0291751884,0.9333133108,0.3501089516,-0.1397032589,0.3794596493,0.6011671424,0.5816542506,-0.4136078358,0.0846668333,0.0495705716,0.1011851355,-0.1039981544,0.2319761366,-0.2635942400,0.0271132085,-0.2021854967,0.0488819554,0.2664762139,-0.6321053505,0.6524626017,-0.6403388381,-0.2016807348,-0.4685148299,0.0034610555,-0.1957881153,-0.3232774436,-0.9163424969,0.7817367911,-0.3245034516,0.1882386357,0.1434563994,0.5713354349
2.0271520615,-0.4004065990,0.8194372654,0.0736881494,-0.0294926204,0.9271714678,0.3661329147,-0.1275166720,0.3824580908,0.6006340981,0.6155990958,-0.4430190325,0.0946408734,0.0383249037,0.1085504964,-0.0675676093,0.2357431054,-0.2552676797,0.0300737899,-0.2107108682,0.0417962782,0.2782176435,-0.5662262440,0.6212270260,-0.6933428645,-0.1601830870,-0.5105360150,0.0229680184,-0.2373540252,-0.3816251159,-0.8783056140,0.8120962977,-0.3102037311,0.2014263570,0.1473084241,0.5574364662
2.0162062645,-0.3974858522,0.8170719147,0.0730767913,-0.0283060164,0.9224934485,0.3779740593,-0.1157383174,0.3806821108,0.6036532521,0.6543786526,-0.4765305817,0.1070673838,0.0256584063,0.1169228107,-0.0228945147,0.2401594967,-0.2452408522,0.0312795006,-0.2153005749,0.0330379568,0.2818545699,-0.5095148087,0.5938663483,-0.7364127636,-0.1109786406,-0.4762220979,0.0425417908,-0.3260835409,-0.4379236400,-0.8479723930,0.8440451026,-0.2902860045,0.1691251695,0.1373860836,0.5741347671
2.0084736347,-0.3979216814,0.8176681399,0.0738843741,-0.0281104608,0.9195355612,0.3849743537,-0.1008044556,0.3788061142,0.6082018614,0.6737142801,-0.4917412400,0.1112568006,0.0218918119,0.1165198684,-0.0061894390,0.2383442223,-0.2413285971,0.0328672193,-0.2184601724,0.0258216113,0.2813587487,-0.4636886120,0.5694708824,-0.7530281544,-0.0889488384,-0.4887328744,0.0456899144,-0.3452453017,-0.4623909295,-0.8237771392,0.8612318635,-0.2813686430,0.1678375006,0.1338530928,0.5700675845
1.9973698854,-0.3948892653,0.8162782788,0.0743131494,-0.0287172461,0.9160503807,0.3930707005,-0.0850415900,0.3749588728,0.6135753989,0.6955628991,-0.5073249936,0.1161302775,0.0113895852,0.1215366870,0.0351148918,0.2450672388,-0.2333141118,0.0357356891,-0.2222910076,0.0196547415,0.2877334356,-0.4206847847,0.5427828431,-0.7671245337,-0.0557000563,-0.4575023949,0.0470233113,-0.3768540621,-0.5036036968,-0.7989119291,0.8860662580,-0.2657972872,0.1663700044,0.1288656592,0.5758798122
1.9863599539,-0.3923590779,0.8153005242,0.0744621093,-0.0289060906,0.9147659659,0.3960089139,-0.0582198612,0.3730275035,0.6351079345,0.6953374147,-0.5139980912,0.1191592962,0.0109121492,0.1190029532,0.0434087552,0.2400600612,-0.2264850289,0.0376164950,-0.2198416144,0.0158441346,0.2815985680,-0.3904819787,0.5300091505,-0.7619814277,-0.0495883450,-0.4407429695,0.0431102514,-0.3916648924,-0.5192807317,-0.7865017653,0.9006286860,-0.2649900615,0.1625466645,0.1233469397,0.5732339621
1.9768151045,-0.3892827332,0.8154329658,0.0747835410,-0.0292956791,0.9147499172,0.3959567831,-0.0357330441,0.3669866025,0.6502848864,0.6837467551,-0.5169928670,0.1208163425,0.0114631457,0.1147804409,0.0445244722,0.2336465418,-0.2193223536,0.0387182012,-0.2200251520,0.0145119671,0.2761235237,-0.3654053211,0.5235635042,-0.7561865449,-0.0499873161,-0.4364806712,0.0377846099,-0.3947519958,-0.5324184895,-0.7806402445,0.9124493599,-0.2604815364,0.1547065377,0.1184779778,0.5680870414
1.9654705524,-0.3853358328,0.8156344891,0.0746890973,-0.0295707116,0.9155641745,0.3940677025,-0.0125080338,0.3588722050,0.6668809652,0.6629951596,-0.5170770884,0.1212481633,0.0128146196,0.1082283929,0.0382885337,0.2263061553,-0.2108026445,0.0402904302,-0.2193547189,0.0146127427,0.2691023350,-0.3455119729,0.5229796767,-0.7485257983,-0.0546469614,-0.4336904883,0.0316702090,-0.3916226625,-0.5428107381,-0.7798021436,0.9233168960,-0.2559349537,0.1452377439,0.1124352291,0.5629603863
1.9552172422,-0.3806263208,0.8157154918,0.0749023101,-0.0296133567,0.9188505307,0.3862983242,0.0251843967,0.3441421390,0.6914832592,0.6175587773,-0.5072966814,0.1223600209,0.0183868427,0.0943030044,0.0128266020,0.2150125057,-0.2020011842,0.0407307446,-0.2141448408,0.0135723939,0.2611906230,-0.3250570595,0.5216534138,-0.7310727239,-0.0611765906,-0.4499260187,0.0252069458,-0.3622799814,-0.5472343564,-0.7799682617,0.9304513335,-0.2534254789,0.1404745281,0.1087006032,0.5448723435
1.9435372353,-0.3754090965,0.8175746202,0.0751030884,-0.0295023282,0.9213945769,0.3801594039,0.0509655364,0.3289046586,0.7073884010,0.5737274289,-0.4953216016,0.1155868247,0.0222826805,0.0838689134,-0.0003487268,0.2068460137,-0.1918333620,0.0462180600,-0.2119971365,0.0141678127,0.2507216036,-0.3115865886,0.5327463150,-0.7225711942,-0.0693460107,-0.4332097769,0.0166405290,-0.3531761467,-0.5519813895,-0.7875714898,0.9426315427,-0.2487990111,0.1285099834,0.1017736793,0.5408825874
1.9342277050,-0.3709585071,0.8189048171,0.0774888780,-0.0291078914,0.9266668694,0.3666561300,0.0855614394,0.3074382246,0.7219552398,0.5210857391,-0.4750282466,0.1035156399,0.0327474885,0.0691640377,-0.0254920647,0.1922402084,-0.1842013597,0.0517094433,-0.2067666352,0.0139543675,0.2369867116,-0.2957545519,0.5519130230,-0.7113010287,-0.0749933273,-0.4095439613,0.0023072273,-0.3436755240,-0.5569420457,-0.8032920361,0.9522813559,-0.2442258745,0.1089792922,0.0879900083,0.5386101007
1.9233020544,-0.3650484681,0.8202282190,0.0785403421,-0.0289525285,0.9320770745,0.3524563702,0.1176743582,0.2855168581,0.7372234464,0.4604878128,-0.4552282989,0.0906627402,0.0384870321,0.0533562265,-0.0513636619,0.1867208332,-0.1788379699,0.0587560162,-0.2042543292,0.0138456728,0.2262510806,-0.2798940837,0.5747524500,-0.7066560388,-0.0691092759,-0.3679903746,-0.0103352480,-0.3376754820,-0.5577447414,-0.8187807798,0.9617115855,-0.2289031595,0.0791463479,0.0775951520,0.5342268348
1.9128262997,-0.3619448841,0.8239148259,0.0788316885,-0.0289347678,0.9362081997,0.3412660997,0.1431517154,0.2637766004,0.7453131676,0.3964921832,-0.4292192161,0.0791016743,0.0410301611,0.0399190597,-0.0681100488,0.1839826554,-0.1686957181,0.0667861551,-0.2040414810,0.0129134255,0.2217430919,-0.2746864259,0.5947551727,-0.7017315626,-0.0552078374,-0.3108049333,-0.0259814709,-0.3347517848,-0.5609116554,-0.8264710903,0.9694266915,-0.2095036209,0.0546331368,0.0623843558,0.5315131545
1.9027355909,-0.3580830097,0.8256569505,0.0789398334,-0.0296742248,0.9419140897,0.3250935106,0.1624650210,0.2439904213,0.7445201278,0.3425068855,-0.4087001383,0.0643354878,0.0414899476,0.0248769410,-0.0874920860,0.1886619180,-0.1665113866,0.0730264559,-0.2049972117,0.0126046287,0.2163589448,-0.2666029334,0.6142846346,-0.6982516050,-0.0220810045,-0.2465686798,-0.0419903323,-0.3262104392,-0.5548008680,-0.8344826102,0.9754256010,-0.1768174917,0.0342792161,0.0483308583,0.5201854110
1.8922345638,-0.3546171486,0.8273678422,0.0786625287,-0.0304672584,0.9477690357,0.3076000777,0.1774147600,0.2246653885,0.7284580469,0.2898741663,-0.3880774975,0.0490590073,0.0395661108,0.0069384649,-0.1069734469,0.1981500983,-0.1698835641,0.0779048353,-0.2061004937,0.0136373723,0.2104054987,-0.2603475153,0.6340233088,-0.7018944025,0.0342225395,-0.1652927846,-0.0647547096,-0.3059464395,-0.5398290157,-0.8398866653,0.9838402271,-0.1272983104,-0.0105797648,0.0270991921,0.5100201368
1.8802925348,-0.3522745669,0.8284817934,0.0780643598,-0.0310545191,0.9515309337,0.2958554627,0.1868479401,0.2092887163,0.7091869712,0.2473125458,-0.3697360456,0.0385180488,0.0373833813,-0.0064138705,-0.1127222329,0.2073113024,-0.1694502681,0.0827291235,-0.2046398968,0.0131476680,0.2028175592,-0.2574476004,0.6453656554,-0.7034325600,0.0983660445,-0.0906097293,-0.0836007521,-0.2857247889,-0.5206904411,-0.8373602033,0.9897989035,-0.0838524401,-0.0415862463,0.0064711301,0.4997930527
1.8709474802,-0.3510520458,0.8291192055,0.0799117452,-0.0337028723,0.9588552613,0.2703235419,0.1952218711,0.1851679981,0.6517692208,0.1979379058,-0.3493018150,0.0254838355,0.0380084589,-0.0297943372,-0.1325656176,0.2273237556,-0.1793683469,0.0828474090,-0.2028033137,0.0107704056,0.2081738859,-0.2623866796,0.6434738636,-0.7244649529,0.2391345650,0.0114596942,-0.1053249314,-0.1916703880,-0.4967634380,-0.8212303519,1.0157585144,0.0190671794,-0.0976928473,-0.0202909745,0.4355638325
1.8597298861,-0.3505005240,0.8278477788,0.0840529721,-0.0361109411,0.9632537316,0.2525338518,0.2097409815,0.1714641303,0.6156063080,0.1620172709,-0.3275816441,0.0124845887,0.0422371700,-0.0489321686,-0.1384152919,0.2437102348,-0.1843949705,0.0886477008,-0.1908903420,0.0083878292,0.2136130482,-0.2650434971,0.6184872389,-0.7389085889,0.3956686854,0.1093500629,-0.1150973588,-0.1146961227,-0.4743351936,-0.7861579061,1.0435731411,0.1291196793,-0.1653117239,-0.0444784164,0.3773578405
1.8511658907,-0.3485926390,0.8286684155,0.0846940339,-0.0366203033,0.9669716784,0.2375955540,0.2125531435,0.1604694128,0.5808312893,0.1417571902,-0.3198231757,0.0114301974,0.0389118828,-0.0633142367,-0.1365580112,0.2541204691,-0.1845899969,0.0896174982,-0.1836363822,0.0095114149,0.2132343501,-0.2650259435,0.5854741931,-0.7392618656,0.5250701308,0.1624783874,-0.1156895980,-0.0799816623,-0.4470272660,-0.7470840216,1.0436002016,0.2272090912,-0.2167076170,-0.0591414124,0.3408848345
1.8424575329,-0.3501073122,0.8258363605,0.0880061228,-0.0377986650,0.9719265579,0.2149068388,0.2096098214,0.1450882405,0.5208703876,0.1237032413,-0.3126532435,0.0087171718,0.0357831344,-0.0854856744,-0.1459038109,0.2661608160,-0.1787819117,0.0903545395,-0.1695568711,0.0113331024,0.2229166180,-0.2736867964,0.5231554508,-0.7321730256,0.7237984538,0.2498122305,-0.1036421508,-0.0131738707,-0.4092250168,-0.6810120940,1.0347388983,0.3783500493,-0.2898926139,-0.0798332542,0.2593050897
1.8341158628,-0.3503709137,0.8247250319,0.0923911382,-0.0388977740,0.9758185474,0.1942395514,0.2091962546,0.1289979964,0.4692295194,0.1063995585,-0.3091563880,0.0100005968,0.0397570133,-0.1122483239,-0.1652426869,0.2801542878,-0.1752215773,0.0896254331,-0.1503855884,0.0132434536,0.2354795039,-0.2712702751,0.4454005361,-0.7223726511,0.8865504861,0.2918532193,-0.0839700922,0.0508163720,-0.3733652234,-0.5947813988,1.0097482204,0.5402801037,-0.3346586227,-0.0674610063,0.1790212691
1.8257668018,-0.3502999246,0.8213439584,0.0934706929,-0.0383460635,0.9781726630,0.1815793222,0.2089396864,0.1187615171,0.4413004220,0.0963763595,-0.3063558936,0.0165165234,0.0413925052,-0.1275790632,-0.1697327644,0.2827480435,-0.1736842543,0.0874850601,-0.1280407459,0.0136955678,0.2422187030,-0.2718193531,0.3886373937,-0.7210588455,0.9863227010,0.2972593009,-0.0756440386,0.0877312347,-0.3483864963,-0.5173721910,0.9872846007,0.6636861563,-0.3572124243,-0.0554914176,0.1157887951
1.8165255785,-0.3484828472,0.8199716806,0.0970355931,-0.0376550662,0.9824425457,0.1548316311,0.2110227197,0.1047282070,0.3895868361,0.0830447748,-0.3036745787,0.0149926906,0.0590678565,-0.1448821276,-0.2021285295,0.2724521160,-0.1628338844,0.0914816856,-0.0979403555,0.0148390569,0.2616806924,-0.2681176662,0.3005810678,-0.6961824894,1.0957553387,0.2445731461,-0.0639452189,0.0982047990,-0.3134499192,-0.3886642456,0.9232754111,0.8356061578,-0.3145217299,-0.0306847114,0.0348324478
1.8068999052,-0.3465477824,0.8162934184,0.0976060851,-0.0361053682,0.9844286429,0.1416675745,0.2138299346,0.0984363332,0.3720301092,0.0780238807,-0.2974217832,0.0189276282,0.0642446056,-0.1499594301,-0.2017958611,0.2669098377,-0.1619606316,0.0907813236,-0.0716910958,0.0121747684,0.2696529925,-0.2607407570,0.2507003546,-0.6986569762,1.1375796795,0.2120307088,-0.0597891621,0.1110621244,-0.3053633869,-0.3030821085,0.8962620497,0.9087195396,-0.2916890383,-0.0146156400,-0.0145176044
1.7971304655,-0.3432852924,0.8150814772,0.0975479611,-0.0357712946,0.9862882872,0.1282194377,0.2141377479,0.0929141119,0.3548949659,0.0717566535,-0.2914602757,0.0214104634,0.0643031821,-0.1533902287,-0.2029156089,0.2644977868,-0.1589329988,0.0928864777,-0.0524282046,0.0093416013,0.2736485898,-0.2580998838,0.2166493386,-0.7097742558,1.1637320518,0.1935042590,-0.0534308366,0.1189277098,-0.3104147911,-0.2442186028,0.8799381852,0.9529495835,-0.2722221315,-0.0055901599,-0.0524768718
1.7875299454,-0.3424243927,0.8134909868,0.0959408638,-0.0358518020,0.9878252557,0.1170951031,0.2134849727,0.0931414142,0.3528626263,0.0688984692,-0.2875360250,0.0256904513,0.0603942648,-0.1546179950,-0.2069044858,0.2675040364,-0.1581594199,0.0948476717,-0.0358341858,0.0099894907,0.2788944542,-0.2639498711,0.1794639677,-0.7247930169,1.1712191105,0.1547543854,-0.0477680378,0.1100374162,-0.3222401738,-0.1866583228,0.8680427074,0.9722247720,-0.2278355360,0.0038206421,-0.0795254037
1.7783727646,-0.3402313888,0.8108231425,0.0956499999,-0.0365182748,0.9886735420,0.1097365962,0.2141557783,0.0961703584,0.3510366976,0.0656218156,-0.2852083147,0.0276982803,0.0578182414,-0.1551883072,-0.2109319419,0.2708911300,-0.1579120010,0.0990104005,-0.0243666507,0.0119134607,0.2839318216,-0.2739236355,0.1480578482,-0.7406287789,1.1647940874,0.1171540543,-0.0444545336,0.0983264670,-0.3415661454,-0.1434547156,0.8564198613,0.9710126519,-0.1823522896,0.0099946056,-0.0952633247
1.7683278322,-0.3385629952,0.8102148175,0.0948915878,-0.0370329479,0.9893682256,0.1038010668,0.2116357386,0.0966146514,0.3448444307,0.0629859418,-0.2819521129,0.0289410818,0.0545641519,-0.1522084624,-0.2093179375,0.2682472467,-0.1537028104,0.1010288894,-0.0167208537,0.0126466379,0.2845497429,-0.2860920429,0.1314110160,-0.7550744414,1.1510946751,0.0875160471,-0.0420146100,0.0982983336,-0.3584921658,-0.1229204088,0.8524585366,0.9558311701,-0.1488782763,0.0103941103,-0.1105605587
1.7589806318,-0.3379286528,0.8085461259,0.0948056553,-0.0372706679,0.9901788562,0.0957528997,0.2144811451,0.0974839628,0.3312793076,0.0555744767,-0.2798822522,0.0289227236,0.0585025810,-0.1525792629,-0.2165099978,0.2601678669,-0.1531667262,0.1089515463,-0.0126928473,0.0134003041,0.2889868617,-0.3037190437,0.1071563885,-0.7605568767,1.1178395748,0.0289377458,-0.0396272913,0.0896374881,-0.3671799302,-0.1051433459,0.8409315944,0.8987551928,-0.0658161864,0.0189727768,-0.1109680757
1.7492122650,-0.3351889551,0.8073419333,0.0938721951,-0.0381406314,0.9907306233,0.0904772636,0.2134193033,0.0990780219,0.3298825026,0.0454088524,-0.2735955119,0.0345570855,0.0592553765,-0.1453481615,-0.2155213505,0.2462008595,-0.1471807659,0.1078257561,-0.0083516156,0.0147035588,0.2835396230,-0.3173871636,0.1016113013,-0.7624735832,1.0674014091,-0.0144361975,-0.0365434960,0.0951105580,-0.3789699078,-0.1153655350,0.8337433338,0.8212720752,-0.0161470044,0.0128082884,-0.1232499108
1.7393032312,-0.3350732923,0.8069130182,0.0922832936,-0.0383964852,0.9909961226,0.0890852884,0.2119220495,0.1016214490,0.3298749328,0.0400422588,-0.2721381783,0.0348028503,0.0617200881,-0.1409106553,-0.2194775194,0.2335518152,-0.1428517103,0.1074418128,-0.0069545005,0.0168481749,0.2687410116,-0.3228527308,0.0982787833,-0.7640835047,1.0240427256,-0.0559167676,-0.0384984091,0.1029388830,-0.3794760406,-0.1212991923,0.8281515241,0.7680642605,0.0242651012,0.0055902321,-0.1369636953
1.7289636135,-0.3332718015,0.8061545491,0.0901293393,-0.0393523839,0.9913269994,0.0871715109,0.2086950988,0.1064046547,0.3316073120,0.0385473147,-0.2709693313,0.0390430689,0.0669584274,-0.1347343773,-0.2227218300,0.2155067772,-0.1408993453,0.0994541422,-0.0077973735,0.0202818532,0.2675748467,-0.3448833227,0.1089011282,-0.7498171926,0.9403147697,-0.1134083793,-0.0401576310,0.1225444004,-0.3946014345,-0.1520284712,0.8049594164,0.6627927423,0.0739232227,-0.0030586415,-0.1598890275
1.7180010080,-0.3315564096,0.8056056499,0.0888052829,-0.0389954495,0.9914748323,0.0870093874,0.2059564739,0.1076668650,0.3382561207,0.0356972069,-0.2728423178,0.0427358970,0.0718624145,-0.1327058822,-0.2346747518,0.1980555803,-0.1377375275,0.0944829807,-0.0083490731,0.0247353762,0.2600799203,-0.3659026027,0.1284922510,-0.7373687029,0.8462008238,-0.1653104424,-0.0417491868,0.1454477161,-0.4039471745,-0.1875885576,0.7836325169,0.5549741387,0.1235055625,-0.0147734061,-0.1789436638
1.7071635723,-0.3311205804,0.8045984507,0.0879846270,-0.0386348097,0.9915230051,0.0874539147,0.2049838752,0.1103204638,0.3391942382,0.0376871079,-0.2781932056,0.0419019945,0.0756685808,-0.1299170405,-0.2439493239,0.1891528070,-0.1370297074,0.0955733880,-0.0101721091,0.0293998010,0.2561613321,-0.3827601671,0.1450160444,-0.7233548760,0.7613752484,-0.2122037709,-0.0438460894,0.1644765586,-0.4064573646,-0.2138429135,0.7600445747,0.4646725655,0.1676442772,-0.0231078975,-0.2001389265
1.6960885525,-0.3276904821,0.8035795093,0.0891073205,-0.0358836952,0.9910703980,0.0924754672,0.2030771226,0.1090249941,0.3475648761,0.0389183462,-0.2798361778,0.0413516760,0.0806175023,-0.1323040426,-0.2479005903,0.1783555746,-0.1395620704,0.0970595181,-0.0103786923,0.0287193693,0.2480589896,-0.4041016400,0.1845238805,-0.6904766560,0.6042903662,-0.2557606995,-0.0698387697,0.2118790597,-0.3983493745,-0.2552951574,0.7212877274,0.3035413623,0.2021310478,-0.0455693565,-0.2335056514
1.6821098328,-0.3255788386,0.8032058477,0.0888332707,-0.0334115469,0.9909539623,0.0948818382,0.2050834447,0.1099362299,0.3589164913,0.0446176939,-0.2870887518,0.0403080955,0.0828835815,-0.1355333328,-0.2518998086,0.1788334101,-0.1450210512,0.1013191640,-0.0125370314,0.0291729271,0.2461261153,-0.4262441993,0.2186671644,-0.6667560935,0.4738337994,-0.2809921205,-0.0851350874,0.2471062243,-0.3929252326,-0.2863117456,0.6868116260,0.1697605848,0.2149196863,-0.0595398359,-0.2721217275
1.6684674025,-0.3223925233,0.8022754788,0.0885884165,-0.0320434272,0.9909284702,0.0958440303,0.2055814713,0.1108184755,0.3597699106,0.0541382767,-0.2968961298,0.0391647629,0.0866207331,-0.1348771304,-0.2563011944,0.1788691729,-0.1513891518,0.1041871905,-0.0148925977,0.0305296406,0.2424816340,-0.4457373321,0.2428634912,-0.6550523639,0.3778046966,-0.2848925292,-0.0976450741,0.2779535353,-0.3931205273,-0.3073428571,0.6641775966,0.0841714442,0.2125505060,-0.0688391402,-0.2974648476
1.6516233683,-0.3205444217,0.8023068905,0.0875300186,-0.0294270018,0.9908290105,0.0986428876,0.2025170922,0.1096462533,0.3453921080,0.0685762540,-0.3059581220,0.0320196860,0.0895550400,-0.1350565404,-0.2503767014,0.1813398302,-0.1627406031,0.1075540558,-0.0191786196,0.0311269220,0.2355370969,-0.4704635143,0.2655727267,-0.6325201392,0.2672170103,-0.2678367496,-0.1241747066,0.3377064764,-0.3908479512,-0.3289621472,0.6300543547,-0.0233036485,0.1878215671,-0.0927558392,-0.3553283215
1.6343181133,-0.3142670691,0.8018935323,0.0853738722,-0.0266305920,0.9909431474,0.1001688181,0.1990131289,0.1039231867,0.3175995052,0.0871529877,-0.3216206431,0.0206694975,0.0954996794,-0.1293980181,-0.2340971828,0.1798387617,-0.1758834273,0.1086048558,-0.0266022384,0.0323848315,0.2261112332,-0.4948124886,0.2934626043,-0.6105616093,0.1571991891,-0.2053278238,-0.1578015685,0.4185653329,-0.3874017298,-0.3576990664,0.5911051631,-0.1380178928,0.1404743046,-0.1260037273,-0.4500561655
1.6189622879,-0.3109300435,0.8006659746,0.0854359810,-0.0259114268,0.9909472691,0.1002636575,0.1963263452,0.1066903174,0.3183944821,0.1056800261,-0.3371029198,0.0201173648,0.0950783491,-0.1263782680,-0.2264066935,0.1828775555,-0.1863067150,0.1059174910,-0.0307024531,0.0344221219,0.2274738848,-0.5139323473,0.3046978414,-0.5998441577,0.0834199861,-0.1744306684,-0.1669057310,0.4676424265,-0.3912447095,-0.3694215715,0.5691063404,-0.2072063386,0.1080923975,-0.1340014786,-0.4968477190
1.6027169228,-0.3063928485,0.7998541594,0.0863470074,-0.0252178520,0.9906821982,0.1022596522,0.1894018203,0.1096205860,0.3117354512,0.1349018812,-0.3577974439,0.0171256009,0.0972897038,-0.1181480289,-0.2021137923,0.1837208718,-0.1961982399,0.1015709341,-0.0386666544,0.0358589701,0.2223271877,-0.5333142877,0.3209137917,-0.5725931525,-0.0124040060,-0.1003721505,-0.1841669828,0.5476108193,-0.3919867575,-0.3815329373,0.5305793285,-0.3054429293,0.0501559079,-0.1564900875,-0.5700425506
1.5864291191,-0.3012794852,0.8000596762,0.0826914308,-0.0251257009,0.9912449096,0.0998216194,0.1822525114,0.1191057861,0.3052846789,0.1540728211,-0.3613326252,0.0116177155,0.0982908309,-0.1146116406,-0.2009916157,0.1827512980,-0.1953303367,0.1035545692,-0.0458907560,0.0407962315,0.2164568305,-0.5603341460,0.3356792629,-0.5221381187,-0.1130913347,-0.0053239767,-0.1968651563,0.6554126143,-0.3970240355,-0.3901647031,0.4857670367,-0.4333879650,-0.0030860787,-0.1840150952,-0.6860006452
1.5700380802,-0.2955130339,0.7987290025,0.0829133913,-0.0245705582,0.9911580089,0.1006352753,0.1770764291,0.1265651882,0.3102446198,0.1785596311,-0.3675920963,0.0102612227,0.1034843773,-0.1116790697,-0.1996835321,0.1831250191,-0.2064476311,0.1016498208,-0.0494900160,0.0431997553,0.2202901393,-0.5728961825,0.3415967822,-0.5082854033,-0.1581639796,0.0332740210,-0.1926245093,0.6937459707,-0.4036314189,-0.3976518810,0.4742235243,-0.4811260402,-0.0385196917,-0.1797910780,-0.7267104387
1.5537456274,-0.2885578573,0.7994709611,0.0807417619,-0.0229438186,0.9915290323,0.0991187528,0.1712616533,0.1346705109,0.3164151907,0.2048516870,-0.3754326999,0.0125586744,0.1068070084,-0.1098768860,-0.2037994713,0.1793471575,-0.2115146369,0.0901680365,-0.0548617952,0.0460994132,0.2171773762,-0.5782385468,0.3490506709,-0.4901324809,-0.1914331615,0.0722709522,-0.1886273324,0.7336578369,-0.4129147232,-0.4058199525,0.4523177147,-0.5269712210,-0.0830593705,-0.1822603494,-0.7662089467
1.5384581089,-0.2823949456,0.7983440757,0.0813939865,-0.0217801331,0.9914032765,0.1001008893,0.1752056181,0.1442142427,0.3320644796,0.2216383368,-0.3785162866,0.0143355867,0.1149046123,-0.1087378934,-0.2137926072,0.1767630577,-0.2223558724,0.0889537409,-0.0539699085,0.0465311930,0.2135106921,-0.5705456734,0.3507622778,-0.4846887887,-0.2092221677,0.1043311059,-0.1875030994,0.7643341422,-0.4086185694,-0.4072519541,0.4510965943,-0.5446007252,-0.1081537306,-0.1744656265,-0.7926777601
1.5229724646,-0.2750279307,0.7980474234,0.0815058523,-0.0214295300,0.9914648817,0.0994734122,0.1696554869,0.1560758501,0.3425984681,0.2507525980,-0.3783845603,0.0157381669,0.1201613843,-0.1053822115,-0.2183353007,0.1753024906,-0.2313256115,0.0813115388,-0.0528075546,0.0488676615,0.2131044120,-0.5628431439,0.3493515551,-0.4879871607,-0.2150410265,0.1188473925,-0.1827122569,0.7754686475,-0.4123158753,-0.4058466852,0.4581257999,-0.5591632724,-0.1154711246,-0.1710688621,-0.8073737621
1.5087747574,-0.2682610452,0.7990562916,0.0807222585,-0.0204346723,0.9915850878,0.0991229278,0.1589366794,0.1671774834,0.3387424052,0.2898738682,-0.3828918338,0.0147742527,0.1244128495,-0.1012545303,-0.2152286321,0.1764107496,-0.2443893254,0.0763545185,-0.0501482226,0.0514288992,0.2265513390,-0.5621350408,0.3490861952,-0.4982295632,-0.2100548744,0.1248558238,-0.1797258407,0.7868271470,-0.4329254925,-0.4039933980,0.4762850404,-0.5578181744,-0.1243907660,-0.1609820873,-0.8243438601
1.4988501072,-0.2616834342,0.7990871668,0.0807379265,-0.0178343133,0.9911773849,0.1035891702,0.1270343512,0.1715694070,0.3198403716,0.3369650245,-0.3828713894,0.0192121956,0.1141990498,-0.0967683718,-0.1852974594,0.1787324399,-0.2509485781,0.0618253723,-0.0352857634,0.0582642145,0.2346914560,-0.5386260152,0.3236832023,-0.5517767072,-0.1594519019,0.0704831928,-0.1694238782,0.7734911442,-0.4613672197,-0.3852336109,0.5432693362,-0.5473300815,-0.0765833110,-0.1584494710,-0.8052710891
1.4873479605,-0.2563194036,0.8010097146,0.0809658978,-0.0170587336,0.9910482034,0.1047710911,0.1184803173,0.1792128533,0.3184765577,0.3588125110,-0.3869577944,0.0217590313,0.1193222031,-0.0960385874,-0.1879787296,0.1767625958,-0.2590442002,0.0554371290,-0.0261431858,0.0593207590,0.2276901305,-0.5196465850,0.3213806748,-0.5635800362,-0.1449081302,0.0668198988,-0.1666513979,0.7771260142,-0.4645918608,-0.3825527728,0.5697174668,-0.5363204479,-0.0764862522,-0.1526372284,-0.8087255359
1.4770996571,-0.2503672838,0.7993905544,0.0796778733,-0.0164640548,0.9910901897,0.1054542896,0.1051748320,0.1850782484,0.3196219802,0.3622590303,-0.3925850093,0.0308887381,0.1189246997,-0.0965097472,-0.1824776679,0.1724875271,-0.2694879174,0.0497556366,-0.0135356672,0.0603665523,0.2241149247,-0.4942929745,0.3180349767,-0.5838885903,-0.1123494506,0.0760051683,-0.1570451111,0.7908535600,-0.4783091247,-0.3774685264,0.6193038225,-0.5127778053,-0.0749547035,-0.1435592324,-0.8016347289
1.4673616886,-0.2452966869,0.7991163135,0.0786247174,-0.0134760383,0.9910431448,0.1070982510,0.0921438709,0.1891971231,0.3263812661,0.3697698414,-0.3956696093,0.0341774002,0.1159383506,-0.0993979573,-0.1788841188,0.1717801094,-0.2782561481,0.0502173677,-0.0061677308,0.0600572973,0.2172639221,-0.4797280431,0.3239532113,-0.6007013321,-0.0897183344,0.0891091824,-0.1531047374,0.7900969386,-0.4897256196,-0.3835796416,0.6662129164,-0.4817267060,-0.0816610083,-0.1296554208,-0.7778568268
1.4555206299,-0.2412769943,0.7992215753,0.0791685218,-0.0125078002,0.9909108990,0.1080346716,0.0816788077,0.1909940988,0.3180553615,0.3874307871,-0.4028501809,0.0356316231,0.1216621771,-0.1044005305,-0.1852910221,0.1724928766,-0.2859229147,0.0453257784,-0.0009538633,0.0606640913,0.2166486681,-0.4645364285,0.3268098235,-0.6024435759,-0.0752212182,0.0935283005,-0.1522499174,0.7934911847,-0.4968925118,-0.3832357526,0.6923474073,-0.4605425298,-0.0890719369,-0.1247309595,-0.7752769589
1.4451043606,-0.2359648794,0.7957052588,0.0798030577,-0.0105038854,0.9908652388,0.1081999028,0.0738705173,0.1906961948,0.3149992228,0.3963631988,-0.4023804367,0.0335397720,0.1248155981,-0.1089894474,-0.1890784055,0.1721953601,-0.2876996696,0.0473299511,0.0021453870,0.0615204535,0.2169263661,-0.4531129003,0.3342532814,-0.6156170368,-0.0552395508,0.0937471092,-0.1510344297,0.7744595408,-0.5050488114,-0.3909433186,0.7214006782,-0.4381762147,-0.0950449929,-0.1161819100,-0.7483658791
1.4338345528,-0.2321546376,0.7955486774,0.0777238242,-0.0090997760,0.9915136792,0.1038114886,0.0575386472,0.1972179562,0.3068960905,0.4106284082,-0.4033317566,0.0371510871,0.1221999973,-0.1113252193,-0.1923303753,0.1761928946,-0.2883946002,0.0522019193,0.0013226232,0.0656441599,0.2154029161,-0.4459167719,0.3505336046,-0.6365929842,-0.0365346745,0.0795115530,-0.1511474848,0.7628331780,-0.5224109292,-0.4047484100,0.7491061091,-0.4161562920,-0.1094732061,-0.1103942841,-0.7443766594
1.4228885174,-0.2304753363,0.7928622365,0.0781362133,-0.0081041865,0.9915567656,0.1031709017,0.0481109396,0.1967231929,0.2973175645,0.4243112504,-0.4063239992,0.0366251096,0.1263999343,-0.1176981777,-0.2011777312,0.1775644720,-0.2926599681,0.0523790047,0.0050826678,0.0661174506,0.2170732021,-0.4412120581,0.3541667759,-0.6360241175,-0.0331878550,0.0816364214,-0.1547664851,0.7636930943,-0.5293407440,-0.4059925377,0.7601254582,-0.4033648372,-0.1258032769,-0.1098701656,-0.7475250959
1.4105762243,-0.2278214395,0.7917063236,0.0778600115,-0.0062541048,0.9919105024,0.1000612810,0.0383115374,0.1970647722,0.2885409892,0.4425782561,-0.4119224846,0.0354685187,0.1326811463,-0.1240338385,-0.2129444033,0.1789038330,-0.2979244888,0.0513582043,0.0098211933,0.0683286786,0.2210417688,-0.4361259341,0.3533018827,-0.6329897642,-0.0358645804,0.0787889063,-0.1584958881,0.7681466341,-0.5353207588,-0.4006668925,0.7627299428,-0.4003107548,-0.1408573091,-0.1111008003,-0.7580145001
1.3980722427,-0.2257477492,0.7890715599,0.0781542137,-0.0048288871,0.9920163154,0.0988545939,0.0322165117,0.1952928901,0.2799583673,0.4580289125,-0.4195122421,0.0317547992,0.1382233500,-0.1312875599,-0.2175337225,0.1815719455,-0.3015686572,0.0534590073,0.0149863912,0.0704071745,0.2222368568,-0.4324789941,0.3566787243,-0.6333431005,-0.0356241576,0.0875316337,-0.1601518244,0.7733938694,-0.5412890315,-0.3963929117,0.7671970129,-0.3966279328,-0.1535272151,-0.1124178469,-0.7698713541
1.3875536919,-0.2274083644,0.7883245945,0.0790160073,-0.0040253480,0.9920071941,0.0982954426,0.0264522880,0.1927602887,0.2731436789,0.4683888853,-0.4230596721,0.0304712038,0.1421043724,-0.1371697187,-0.2239422798,0.1835702658,-0.3044316769,0.0552510843,0.0178807545,0.0701460093,0.2222959250,-0.4308460057,0.3587227464,-0.6342347860,-0.0348333828,0.0927204043,-0.1607877016,0.7784922719,-0.5485907793,-0.3934159279,0.7703477740,-0.3934940696,-0.1714222580,-0.1123182997,-0.7791866660
1.3767077923,-0.2269345820,0.7871082425,0.0776372121,-0.0035131160,0.9922750201,0.0966974964,0.0196394585,0.1941259950,0.2688876390,0.4798921645,-0.4286415875,0.0293663703,0.1462367177,-0.1401149035,-0.2276761234,0.1842155010,-0.3117838502,0.0572743118,0.0229206029,0.0725296810,0.2214013338,-0.4261809886,0.3623169065,-0.6332916617,-0.0328863859,0.0997804925,-0.1631469429,0.7831645608,-0.5596150160,-0.3882164955,0.7716137767,-0.3891985118,-0.1938982755,-0.1145763621,-0.7848680019
1.3643149137,-0.2251595110,0.7865583897,0.0776901559,-0.0026240629,0.9923117362,0.0963056182,0.0136439577,0.1897454709,0.2598689795,0.4826125801,-0.4311324656,0.0285262298,0.1467143744,-0.1429967284,-0.2307012379,0.1853630692,-0.3151141703,0.0577626266,0.0262845010,0.0711567700,0.2175562978,-0.4254784286,0.3632348478,-0.6361163259,-0.0277043618,0.1048863083,-0.1636521965,0.7853194475,-0.5679398775,-0.3829176128,0.7782545686,-0.3844693899,-0.2073090822,-0.1162271798,-0.7929515243
1.3534188271,-0.2262046337,0.7854731679,0.0780008145,-0.0023395817,0.9923505287,0.0956599573,0.0070187864,0.1921692789,0.2484444976,0.5102909207,-0.4492053986,0.0251381211,0.1543528587,-0.1456348747,-0.2256260067,0.1856094152,-0.3201943338,0.0577915609,0.0352764949,0.0739899576,0.2210515141,-0.4159654081,0.3698481023,-0.6357535720,-0.0217597950,0.1087647527,-0.1640637517,0.7815030813,-0.5802415013,-0.3737883270,0.7832870483,-0.3788869679,-0.2174260914,-0.1160873324,-0.7991051078
1.3430967331,-0.2267841399,0.7844442129,0.0775421210,-0.0013302189,0.9922389084,0.0971977292,-0.0009668997,0.1901099533,0.2415726185,0.5168525577,-0.4527414739,0.0246475115,0.1553758532,-0.1489533782,-0.2285732329,0.1856078804,-0.3214073479,0.0605052523,0.0379660092,0.0716616958,0.2179841846,-0.4140628278,0.3745436966,-0.6344409585,-0.0189990699,0.1103695780,-0.1650259048,0.7844811678,-0.5898124576,-0.3708933890,0.7857427597,-0.3731554151,-0.2377669960,-0.1145991683,-0.8098843098
1.3334927559,-0.2280567884,0.7850012779,0.0784180186,-0.0017883732,0.9921034850,0.0978677225,-0.0050869058,0.1925475299,0.2354520559,0.5302789807,-0.4581400454,0.0255202260,0.1607370824,-0.1535664350,-0.2319079340,0.1897226572,-0.3242914677,0.0619941168,0.0395784490,0.0717246085,0.2189189643,-0.4111545682,0.3829178512,-0.6304599643,-0.0168733913,0.1198371649,-0.1657282561,0.7886675000,-0.5974901915,-0.3703780472,0.7827529907,-0.3690403700,-0.2617281377,-0.1137793511,-0.8209457994
1.3247137070,-0.2306270897,0.7846272588,0.0788903076,-0.0016183210,0.9919282653,0.0992573262,-0.0100457110,0.1932233572,0.2297897488,0.5432837605,-0.4616983533,0.0252011660,0.1629466265,-0.1560461521,-0.2327488512,0.1905957162,-0.3262071311,0.0607651174,0.0416843630,0.0702618212,0.2174200416,-0.4109445810,0.3866443932,-0.6299097538,-0.0128661143,0.1162344217,-0.1647437662,0.7893843651,-0.6064020395,-0.3682894707,0.7834939957,-0.3658341169,-0.2709245086,-0.1130599305,-0.8283692002
1.3166058064,-0.2328794599,0.7834706903,0.0795365565,-0.0018020841,0.9917500531,0.1005112967,-0.0152728232,0.1944943517,0.2261375338,0.5509365797,-0.4653259516,0.0283683073,0.1619391441,-0.1600075364,-0.2344932258,0.1979005039,-0.3290333748,0.0620042756,0.0393455215,0.0688005537,0.2117935568,-0.4147445261,0.3936609924,-0.6295892000,-0.0109215453,0.1176383942,-0.1658921689,0.7944477797,-0.6194286346,-0.3729286492,0.7788966894,-0.3655110598,-0.2977754474,-0.1131572276,-0.8349565268
1.3073232174,-0.2357826233,0.7836290002,0.0801996345,-0.0024792039,0.9914130917,0.1032567371,-0.0165142007,0.1981009543,0.2295525372,0.5619815588,-0.4712086320,0.0297041051,0.1640575528,-0.1621269584,-0.2355593890,0.2009198219,-0.3314900398,0.0590221174,0.0384751931,0.0671889856,0.2084934115,-0.4236364663,0.3963935673,-0.6218647957,-0.0117037762,0.1199509203,-0.1650638878,0.7948189974,-0.6291628480,-0.3766445518,0.7687364221,-0.3650162518,-0.3090812862,-0.1135936603,-0.8392030001
1.2994998693,-0.2409493029,0.7823117375,0.0797896110,-0.0022724055,0.9911326456,0.1062286825,-0.0181097109,0.1970056742,0.2265251130,0.5640177131,-0.4715900421,0.0286523830,0.1641732454,-0.1642152220,-0.2356226444,0.2028415054,-0.3319900632,0.0605085939,0.0402583405,0.0656747147,0.2052222937,-0.4356651604,0.3969539404,-0.6222313643,-0.0088381292,0.1199103221,-0.1619857997,0.7970281243,-0.6389540434,-0.3758901060,0.7674800158,-0.3598578274,-0.3131721318,-0.1081775650,-0.8449359536
1.2933291197,-0.2451051176,0.7828059793,0.0815426196,-0.0049510003,0.9907490135,0.1083636520,-0.0115312943,0.2011518925,0.2279355973,0.5551688075,-0.4677218497,0.0329186469,0.1678556204,-0.1649681777,-0.2380701303,0.2091135979,-0.3322196603,0.0626900792,0.0390953384,0.0659023821,0.2015003562,-0.4492873549,0.3993956447,-0.6182598472,-0.0043277075,0.1295537651,-0.1593809724,0.8037642837,-0.6550146937,-0.3787705600,0.7592287660,-0.3528943360,-0.3428471088,-0.1018182114,-0.8538472652
1.2865394354,-0.2521068454,0.7823214531,0.0813974379,-0.0058142190,0.9903510373,0.1120065841,-0.0115859676,0.2016714215,0.2257897556,0.5546303988,-0.4710045755,0.0361357667,0.1675273180,-0.1655903608,-0.2380457073,0.2124263197,-0.3365133703,0.0593944564,0.0392221473,0.0657375827,0.1983501315,-0.4667518139,0.4002486467,-0.6198826432,-0.0028923238,0.1357837915,-0.1594214886,0.8081780076,-0.6723241210,-0.3754762411,0.7531889081,-0.3516774178,-0.3564606905,-0.0995521024,-0.8671013713
1.2813833952,-0.2569495142,0.7822231650,0.0816102187,-0.0057993457,0.9898549444,0.1161607891,-0.0099667301,0.1995326281,0.2241500914,0.5440408587,-0.4670318663,0.0363084264,0.1657236367,-0.1677773446,-0.2410493493,0.2173304558,-0.3381801546,0.0624284782,0.0413607359,0.0640016347,0.2055044025,-0.5050681233,0.4001775384,-0.6202526689,-0.0046859542,0.1411338300,-0.1584340483,0.8181884885,-0.7070936561,-0.3715352416,0.7464474440,-0.3516356051,-0.3721934855,-0.0936434940,-0.8830793500
1.2807571888,-0.2650970221,0.7831524611,0.0836182547,-0.0030988176,0.9887729430,0.1238000485,-0.0196195114,0.1901159883,0.2183233500,0.5455349684,-0.4698594511,0.0317120105,0.1615042835,-0.1744292378,-0.2399147302,0.2192084789,-0.3390563428,0.0580115765,0.0504633822,0.0588420704,0.2067956030,-0.5436713696,0.3842389286,-0.6133136749,-0.0104014631,0.1473858356,-0.1537571698,0.8416454792,-0.7330637574,-0.3454330266,0.7473786473,-0.3631191254,-0.3343667090,-0.0904566795,-0.9085609913
1.2771455050,-0.2728503346,0.7831670046,0.0876053483,-0.0038281082,0.9874821148,0.1311095783,-0.0236072820,0.1898291856,0.2166227102,0.5573643446,-0.4704550505,0.0279720966,0.1623784453,-0.1786004454,-0.2471664548,0.2273067087,-0.3393208981,0.0590153821,0.0497060157,0.0572387651,0.2038549483,-0.5866341591,0.3684441149,-0.5952813029,-0.0309017599,0.1325439662,-0.1537633538,0.8572101593,-0.7677972317,-0.3344848752,0.7195897102,-0.3866651356,-0.3525673747,-0.0879113153,-0.9300310016
1.2751965523,-0.2812475264,0.7838782668,0.0876358691,-0.0043266924,0.9868495669,0.1357540665,-0.0230596159,0.1884569079,0.2141647190,0.5474470258,-0.4659072757,0.0280647073,0.1608401984,-0.1788260043,-0.2494436949,0.2284157276,-0.3402376175,0.0600423217,0.0525866076,0.0562883504,0.2054944932,-0.6178443432,0.3637789786,-0.5962068439,-0.0291799158,0.1297529042,-0.1504418850,0.8633303046,-0.8009610772,-0.3313562572,0.7127875686,-0.3844701648,-0.3701272607,-0.0806226507,-0.9391866326
1.2714909315,-0.2887847722,0.7844942212,0.0899579432,-0.0060237417,0.9860069546,0.1402197153,-0.0108758826,0.1861754060,0.2152438909,0.5186556578,-0.4521545768,0.0275753476,0.1654140502,-0.1780106872,-0.2506297529,0.2289431244,-0.3407829404,0.0645679906,0.0526079200,0.0563055165,0.2073807716,-0.6479437947,0.3559807241,-0.5926165581,-0.0311462712,0.1273549795,-0.1444317847,0.8747008443,-0.8300816417,-0.3273666501,0.7014530897,-0.3705732524,-0.3945860863,-0.0652166158,-0.9478890300
1.2684783936,-0.2987474501,0.7851284742,0.0895039301,-0.0065096636,0.9853209974,0.1452212203,-0.0078344960,0.1837380528,0.2131988704,0.5049580932,-0.4464048147,0.0269828364,0.1654627621,-0.1777977794,-0.2508315444,0.2267345637,-0.3381663859,0.0667128786,0.0552264899,0.0552220643,0.2063266188,-0.6737439036,0.3510683477,-0.5934576392,-0.0227882154,0.1285948008,-0.1400420368,0.8797620535,-0.8585454226,-0.3253376186,0.6996082664,-0.3581466973,-0.4090558887,-0.0577968210,-0.9549287558
1.2654218674,-0.3053320646,0.7850189209,0.0909689501,-0.0086305848,0.9845233403,0.1495458311,0.0027621828,0.1852931976,0.2169903368,0.4917417467,-0.4399154782,0.0274725854,0.1690854430,-0.1751510799,-0.2547405660,0.2218841016,-0.3350699544,0.0694135353,0.0574415475,0.0537224524,0.1925809532,-0.6897409558,0.3436244130,-0.5933063030,-0.0103040561,0.1262644976,-0.1314922869,0.8660942912,-0.8737433553,-0.3249672651,0.6984749436,-0.3432134986,-0.4121221006,-0.0516120940,-0.9441252351
1.2591814995,-0.3158698678,0.7844221592,0.0905908408,-0.0094640254,0.9838133914,0.1543209084,0.0071204542,0.1822288781,0.2135624737,0.4776044488,-0.4324731231,0.0268644281,0.1722744852,-0.1757760048,-0.2544029951,0.2189512700,-0.3342584372,0.0723217204,0.0617791228,0.0527347699,0.1969917864,-0.7138502598,0.3338301778,-0.5992541313,0.0269165132,0.1093688533,-0.1262501627,0.8675751686,-0.9022608399,-0.3201773167,0.7059349418,-0.3019427657,-0.4059183598,-0.0437216684,-0.9395787716
1.2540576458,-0.3225630224,0.7853880525,0.0876053646,-0.0094084246,0.9835030435,0.1579827368,0.0066402918,0.1788272113,0.2082375586,0.4750879705,-0.4294817448,0.0239263568,0.1774558425,-0.1771247536,-0.2580262125,0.2127865851,-0.3347871006,0.0769934803,0.0684053749,0.0485508852,0.1879452765,-0.7159739733,0.3280909359,-0.6067845821,0.0688956603,0.0999754444,-0.1223418564,0.8769997358,-0.9116513729,-0.3208228648,0.7222226858,-0.2635660172,-0.4048923850,-0.0393807068,-0.9437052608
1.2489453554,-0.3310781121,0.7846620083,0.0879663836,-0.0095924792,0.9829259042,0.1613275131,0.0176140424,0.1739087850,0.2046844810,0.4610872567,-0.4202744961,0.0204727799,0.1824042052,-0.1816193014,-0.2678871155,0.2132959217,-0.3359975815,0.0898675174,0.0753869563,0.0425082222,0.1954895556,-0.7266966105,0.3089701533,-0.6235482693,0.1428576112,0.0753799155,-0.1154963896,0.8970854282,-0.9331242442,-0.3099871278,0.7628128529,-0.1815867275,-0.3870594203,-0.0259017926,-0.9478037953
1.2440474033,-0.3370406330,0.7850134373,0.0844573309,-0.0080378633,0.9831267052,0.1620624372,0.0123468181,0.1745177209,0.2133812755,0.4616910219,-0.4267492592,0.0193716493,0.1711312681,-0.1815228760,-0.2559512854,0.2127590328,-0.3446227610,0.0831588358,0.0775022507,0.0411750227,0.1911183298,-0.7239304781,0.2891668081,-0.6525885463,0.2207835019,0.0274018180,-0.1139307693,0.8607483506,-0.9508746862,-0.2977494597,0.8004847765,-0.1104484573,-0.3604699969,-0.0302893464,-0.9037092924
1.2392566204,-0.3444147408,0.7840805054,0.0838995059,-0.0080285492,0.9828925786,0.1637638370,0.0137250610,0.1736343652,0.2138198018,0.4628345966,-0.4287569523,0.0192419495,0.1727350056,-0.1845582724,-0.2576160133,0.2137466222,-0.3459330201,0.0849503577,0.0808711722,0.0405997410,0.1843278855,-0.7129178047,0.2800443470,-0.6608610749,0.2651604116,0.0239545982,-0.1105507091,0.8491078615,-0.9456189871,-0.2912810147,0.8157560825,-0.0698501840,-0.3496588171,-0.0272963196,-0.8918562531
1.2338758707,-0.3483389020,0.7835736275,0.0829575808,-0.0081389071,0.9828577049,0.1644461305,0.0164467841,0.1717432290,0.2136654854,0.4599868357,-0.4277413487,0.0196851064,0.1736975759,-0.1883380562,-0.2613658011,0.2162865698,-0.3462606370,0.0877454132,0.0836326480,0.0390162431,0.1817475408,-0.7022249699,0.2725326717,-0.6700813174,0.3104259372,0.0252507254,-0.1083039269,0.8386361599,-0.9394504428,-0.2855520844,0.8303962946,-0.0333124325,-0.3444603384,-0.0243521892,-0.8840369582
1.2271026373,-0.3551189005,0.7827380300,0.0784283144,-0.0091526715,0.9843053972,0.1578230436,0.0158055518,0.1754155755,0.2197800130,0.4545306265,-0.4299876988,0.0234673172,0.1739449799,-0.1908139884,-0.2649504840,0.2121158242,-0.3453624249,0.0796709806,0.0821379200,0.0394726396,0.1807910949,-0.6796466112,0.2798664868,-0.6849552989,0.3468073905,0.0317760296,-0.1058765501,0.8174355626,-0.9277530909,-0.2907047272,0.8397781849,-0.0224548392,-0.3697776794,-0.0261650980,-0.8940167427
1.2233603001,-0.3609927297,0.7824080586,0.0771996224,-0.0099384346,0.9851203485,0.1532297123,0.0163745321,0.1751393527,0.2242288291,0.4570365846,-0.4315434098,0.0241535921,0.1751235276,-0.1927292794,-0.2682987750,0.2109239548,-0.3449563682,0.0779039934,0.0828222409,0.0367212221,0.1822552830,-0.6630166769,0.2753582299,-0.6908541322,0.3824348748,0.0365259126,-0.1020628735,0.7994765639,-0.9062207937,-0.2868027687,0.8425115943,-0.0158985928,-0.3531351089,-0.0269618649,-0.8876641989
1.2174203396,-0.3639937341,0.7806547284,0.0752418950,-0.0111082003,0.9861903378,0.1471186010,0.0150348600,0.1787722409,0.2274700850,0.4667109549,-0.4344388843,0.0223900620,0.1792447120,-0.1928760558,-0.2754947245,0.2059484124,-0.3456470072,0.0767513216,0.0830016136,0.0346436314,0.1864622682,-0.6366657019,0.2754338980,-0.6920519471,0.4117931128,0.0532829985,-0.1017002761,0.7792842388,-0.8793964386,-0.2901554704,0.8393941522,-0.0166723784,-0.3411962688,-0.0326998159,-0.8762137890
1.2126810551,-0.3688240945,0.7807590961,0.0762183735,-0.0126317869,0.9872440021,0.1392137844,0.0154988905,0.1829759330,0.2249330580,0.4885975420,-0.4401862621,0.0193205830,0.1889682412,-0.1935907602,-0.2883607149,0.2083254158,-0.3472556472,0.0737906098,0.0827561617,0.0357102379,0.1980181485,-0.5988526940,0.2794522643,-0.6912370324,0.4359245002,0.0536902994,-0.1020117179,0.7533465028,-0.8460712433,-0.2957548201,0.8320943117,-0.0116648963,-0.3134374917,-0.0370368399,-0.8505716920
1.2084201574,-0.3704985976,0.7794057131,0.0746259629,-0.0136614519,0.9879010504,0.1352621342,0.0167924985,0.1825628579,0.2258130908,0.4897236824,-0.4383047223,0.0179161765,0.1915131807,-0.1914217174,-0.2923877537,0.2031363994,-0.3406189084,0.0747716427,0.0824495703,0.0349094495,0.1988240331,-0.5727002025,0.2765696347,-0.6942005754,0.4550604820,0.0478517786,-0.1014582366,0.7394486666,-0.8202689290,-0.2942094207,0.8299959302,-0.0082147215,-0.2908148468,-0.0366524532,-0.8341792226
1.2029118538,-0.3740089238,0.7791530490,0.0745077444,-0.0163840002,0.9883716870,0.1315354280,0.0261616129,0.1850460619,0.2304257005,0.4912757874,-0.4439265430,0.0170250870,0.1999878436,-0.1888853014,-0.3067572713,0.1990637779,-0.3373064101,0.0721111447,0.0821628124,0.0353728868,0.1973647922,-0.5460810065,0.2876150906,-0.6964821815,0.4603347480,0.0583143681,-0.0999458209,0.7215372324,-0.7984484434,-0.3026348352,0.8233501911,-0.0122207040,-0.2951747775,-0.0344904289,-0.8217546344
1.2009848356,-0.3769121766,0.7786915898,0.0720242413,-0.0179806352,0.9888634706,0.1289893094,0.0327063464,0.1856842935,0.2398329675,0.4822248518,-0.4425841868,0.0196268689,0.1983201802,-0.1842142493,-0.3052286506,0.1919669062,-0.3268662393,0.0719973445,0.0785378367,0.0343804508,0.1886034459,-0.5321997404,0.2944635451,-0.6985856891,0.4419151545,0.0597830527,-0.1103427485,0.7259978652,-0.7813302875,-0.3040671349,0.8160953522,-0.0284707658,-0.2861734629,-0.0394162349,-0.8257859945
1.1969668865,-0.3784231246,0.7785838842,0.0738326916,-0.0211438912,0.9889515762,0.1267929391,0.0501214005,0.1892214715,0.2534658909,0.4762695730,-0.4477120340,0.0235403497,0.2020408958,-0.1781819314,-0.3146329820,0.1948300600,-0.3242127597,0.0692481771,0.0726611912,0.0341803879,0.1831041723,-0.5241222382,0.3063064218,-0.6985946894,0.4183765650,0.0577984415,-0.1119827479,0.7231694460,-0.7729933262,-0.3131950796,0.8050283790,-0.0392332450,-0.2863709629,-0.0392730050,-0.8131304383
